2025-07-23 15:02:31,961 [INFO] metadata_path: data_engine/taskgenerate/kitchens/FloorPlan3/metadata.json
2025-07-23 15:02:31,961 [INFO] Loaded 15 test tasks from test_tasks.json
2025-07-23 15:02:31,961 [INFO] Will run test task: test_001
2025-07-23 15:02:31,962 [INFO] 

*********************************************************************
2025-07-23 15:02:31,962 [INFO] Running Task ID: test_001
2025-07-23 15:02:31,962 [INFO] Scene:FloorPlan3 Task_Type: pickup_and_put Task: put tomato on plate
2025-07-23 15:02:31,962 [INFO] *********************************************************************

2025-07-23 15:02:31,962 [INFO] taskname: put tomato on plate
2025-07-23 15:03:45,432 [INFO] metadata_path: taskgenerate/kitchens/FloorPlan3/metadata.json
2025-07-23 15:03:45,435 [INFO] Loaded 15 test tasks from test_tasks.json
2025-07-23 15:03:45,435 [INFO] Will run test task: test_001
2025-07-23 15:03:45,435 [INFO] 

*********************************************************************
2025-07-23 15:03:45,435 [INFO] Running Task ID: test_001
2025-07-23 15:03:45,435 [INFO] Scene:FloorPlan3 Task_Type: pickup_and_put Task: put tomato on plate
2025-07-23 15:03:45,435 [INFO] *********************************************************************

2025-07-23 15:03:45,435 [INFO] taskname: put tomato on plate
2025-07-23 15:03:53,522 [INFO] Initialize return: {'cameraNearPlane': 0.009999999776482582, 'cameraFarPlane': 20.0}
2025-07-23 15:03:53,636 [INFO] Initialization succeeded
2025-07-23 15:03:53,637 [INFO] [ATTEMPT 1/3] Starting task attempt
2025-07-23 15:03:53,705 [WARNING] [RESET] Failed to reset robot position on attempt 1
2025-07-23 15:04:19,269 [INFO] [OBSERVATION] <Observation>
I see a wooden countertop in front of me, which holds various kitchen items including a toaster, a kettle, a rice cooker, and a cutting board with vegetables. On the right, there is a sink with a faucet and a plant nearby. Above the counter, there are shelves with glassware, bottles, and other kitchen utensils. To the left, there is a stovetop. In the background, I notice a window letting in natural light and a shelf with cookware. The ceiling has recessed lighting. The overall setting is a well-organized, modern kitchen with a warm, wooden aesthetic.
</Observation>
2025-07-23 15:04:19,271 [ERROR] [ERROR] 'high_level_task_planning', try again.
2025-07-23 15:04:19,276 [INFO] [ATTEMPT 2/3] Starting task attempt
2025-07-23 15:04:19,727 [WARNING] [RESET] Failed to reset robot position on attempt 2
2025-07-23 15:04:32,750 [INFO] [OBSERVATION] <Observation>
In front of me, I see a wooden countertop with various objects on it. To the left, there is a stove with a black surface. On the countertop, I observe a toaster, a kettle, and a pressure cooker. In the center, there is a sink with a faucet, next to which are a cutting board with vegetables and a potted plant. To the right, there are a bottle, a bowl, and a knife. Above the countertop, shelves hold glassware, bottles, and other kitchen items. The room has a wooden ceiling with recessed lighting and a window in the background. Below the countertop, there are cabinets with black handles.
</Observation>
2025-07-23 15:04:32,752 [ERROR] [ERROR] 'high_level_task_planning', try again.
2025-07-23 15:04:32,753 [WARNING] [RETRY 2 TIMES, JUMP THE TASK]
2025-07-23 15:04:32,757 [INFO] [ATTEMPT 3/3] Starting task attempt
2025-07-23 15:04:33,019 [WARNING] [RESET] Failed to reset robot position on attempt 3
2025-07-23 15:04:43,891 [INFO] [OBSERVATION] <Observation>
I observe a modern kitchen with wooden elements. The countertop is made of wood and holds various objects including a toaster, a kettle, a pot, a cutting board with vegetables, and a bowl. To the left, there is a stove with a burner. On the wall, there are shelves with bottles and utensils, and hanging glassware above. The background features wooden paneling and a window letting in natural light. There is also a sink with a faucet, a potted plant, and some cleaning supplies near the sink. The ceiling has recessed lighting.
</Observation>
2025-07-23 15:04:43,893 [ERROR] [ERROR] 'high_level_task_planning', try again.
2025-07-23 15:19:10,371 [INFO] metadata_path: taskgenerate/kitchens/FloorPlan3/metadata.json
2025-07-23 15:19:10,374 [INFO] Task configuration - USE_TEST_TASKS: True, TEST_TASK_ID: test_001, RUN_ALL_TEST_TASKS: False
2025-07-23 15:19:10,374 [INFO] Looking for test task: test_001
2025-07-23 15:19:10,374 [INFO] Loaded 15 test tasks from test_tasks.json
2025-07-23 15:19:10,374 [INFO] Test task search result: True
2025-07-23 15:19:10,374 [INFO] Will run test task: test_001
2025-07-23 15:19:10,374 [INFO] 

*********************************************************************
2025-07-23 15:19:10,374 [INFO] Running Task ID: test_001
2025-07-23 15:19:10,374 [INFO] Scene:FloorPlan3 Task_Type: pickup_and_put Task: put tomato on plate
2025-07-23 15:19:10,374 [INFO] *********************************************************************

2025-07-23 15:19:10,374 [INFO] taskname: put tomato on plate
2025-07-23 15:19:17,822 [INFO] Initialize return: {'cameraNearPlane': 0.009999999776482582, 'cameraFarPlane': 20.0}
2025-07-23 15:19:17,930 [INFO] Initialization succeeded
2025-07-23 15:19:17,930 [INFO] [ATTEMPT 1/3] Starting task attempt
2025-07-23 15:19:17,989 [WARNING] [RESET] Failed to reset robot position on attempt 1
2025-07-23 15:19:43,542 [INFO] [OBSERVATION] <Observation>
I see a modern kitchen with wooden countertops and shelves. There is a toaster on the counter near the sink, which has a faucet. A kettle and a pressure cooker are also visible on the counter. A plant is placed near the sink, along with a bottle of hand soap and a bowl. On the wall, there are glass shelves holding bottles and a rack with wine glasses. To the left, a stove with burners is visible, and above it, there are hanging pots. The background includes a window letting in natural light and wooden cabinets below the counter. The ceiling has several recessed lights.
</Observation>
2025-07-23 15:19:43,542 [ERROR] [ERROR] 'high_level_task_planning', try again.
2025-07-23 15:19:43,544 [INFO] [ATTEMPT 2/3] Starting task attempt
2025-07-23 15:19:43,873 [WARNING] [RESET] Failed to reset robot position on attempt 2
2025-07-23 15:19:56,822 [INFO] [OBSERVATION] <Observation>
I observe a modern kitchen with a wooden countertop. In front of me, there is a stainless steel toaster and a kettle on the left side of the countertop. To the right, there is a sink with a faucet, a cutting board, and some fresh vegetables (a head of lettuce and a red onion). A potted plant sits next to the sink, adding a touch of greenery. Below the countertop, there are cabinets with black handles. Above the countertop, there are open shelves holding various bottles, glasses, and kitchen utensils. The room has a wooden ceiling with recessed lighting, and a window allows natural light to enter, revealing a bright outdoor scene.
</Observation>
2025-07-23 15:19:56,823 [ERROR] [ERROR] 'high_level_task_planning', try again.
2025-07-23 15:19:56,825 [WARNING] [RETRY 2 TIMES, JUMP THE TASK]
2025-07-23 15:19:56,828 [INFO] [ATTEMPT 3/3] Starting task attempt
2025-07-23 15:19:57,183 [WARNING] [RESET] Failed to reset robot position on attempt 3
2025-07-23 15:20:09,131 [INFO] [OBSERVATION] <Observation>
I am in a modern kitchen with a wooden theme. The room features a large wooden countertop with various kitchen appliances and utensils on it. To my left, there is a stove with a frying pan on it. On the countertop, I can see a toaster, a kettle, a coffee pot, and some fresh vegetables like tomatoes and carrots. A cutting board with a knife is also present. To my right, there is a sink with a faucet, and a potted plant sits nearby. Above, there are shelves holding bottles and glasses, and the ceiling has recessed lighting. In the background, there is a window letting in natural light. The cabinets below the countertop are dark and sleek, complementing the wooden elements.
</Observation>
2025-07-23 15:20:09,133 [ERROR] [ERROR] 'high_level_task_planning', try again.
2025-07-23 15:20:23,623 [INFO] metadata_path: taskgenerate/kitchens/FloorPlan3/metadata.json
2025-07-23 15:20:23,627 [INFO] Task configuration - USE_TEST_TASKS: True, TEST_TASK_ID: test_001, RUN_ALL_TEST_TASKS: False
2025-07-23 15:20:23,627 [INFO] Looking for test task: test_001
2025-07-23 15:20:23,627 [INFO] Loaded 15 test tasks from test_tasks.json
2025-07-23 15:20:23,627 [INFO] Test task search result: True
2025-07-23 15:20:23,627 [INFO] Will run test task: test_001
2025-07-23 15:20:23,627 [INFO] 

*********************************************************************
2025-07-23 15:20:23,627 [INFO] Running Task ID: test_001
2025-07-23 15:20:23,627 [INFO] Scene:FloorPlan3 Task_Type: pickup_and_put Task: put tomato on plate
2025-07-23 15:20:23,627 [INFO] *********************************************************************

2025-07-23 15:20:23,627 [INFO] taskname: put tomato on plate
2025-07-23 15:20:33,058 [INFO] Initialize return: {'cameraNearPlane': 0.009999999776482582, 'cameraFarPlane': 20.0}
2025-07-23 15:20:33,185 [INFO] Initialization succeeded
2025-07-23 15:20:33,186 [INFO] [ATTEMPT 1/3] Starting task attempt
2025-07-23 15:20:33,277 [WARNING] [RESET] Failed to reset robot position on attempt 1
2025-07-23 15:20:45,150 [INFO] [OBSERVATION] <Observation>
I am in a kitchen. In front of me, I see a wooden countertop with various objects on it, including a toaster, a kettle, a cutting board with vegetables, a sink with a faucet, a potted plant, and some bowls. Above the countertop, there are shelves holding glassware and bottles. On the wall, I notice a window letting in natural light. Below the countertop, there are cabinets with handles. To the left, there is a stove with a flat-top burner. The ceiling has recessed lighting, and the room is made of wood paneling. The overall layout suggests a modern and functional kitchen design.
</Observation>
2025-07-23 15:20:45,152 [ERROR] [ERROR] 'high_level_task_planning', try again.
2025-07-23 15:20:45,154 [INFO] [ATTEMPT 2/3] Starting task attempt
2025-07-23 15:20:45,820 [WARNING] [RESET] Failed to reset robot position on attempt 2
2025-07-23 15:20:58,299 [INFO] [OBSERVATION] <Observation>
I see a well-lit kitchen with wooden shelves, cabinets, and countertops. There are hanging wine glasses above the counter. On the counter, I observe a toaster, a kettle, a rice cooker, a cutting board with vegetables, a small potted plant, a soap dispenser, and some bowls. A window is visible in the background, allowing natural light to enter. The cabinets below the counter are dark-colored, and there is a stove to the left. The room has a warm and cozy ambiance with multiple overhead lights. Additional items like bottles, plates, and cups are visible on the shelves. 
</Observation>
2025-07-23 15:20:58,300 [ERROR] [ERROR] 'high_level_task_planning', try again.
2025-07-23 15:20:58,301 [WARNING] [RETRY 2 TIMES, JUMP THE TASK]
2025-07-23 15:20:58,303 [INFO] [ATTEMPT 3/3] Starting task attempt
2025-07-23 15:20:58,608 [WARNING] [RESET] Failed to reset robot position on attempt 3
2025-07-23 15:21:17,143 [INFO] [OBSERVATION] <Observation>
I observe a modern kitchen setup. The main visible objects include:

- A wooden countertop extending around the kitchen, featuring various appliances and items.
- A toaster placed on the countertop.
- A tea kettle and a pot near the stove area.
- A sink with a faucet, containing some fruits and vegetables.
- A cutting board with a knife placed beside it.
- A potted plant on the countertop near the sink.
- Multiple shelves above the countertop holding bottles, plates, and glasses.
- A window in the background, allowing natural light to enter.
- An oven and stove visible in the foreground.

The objects are arranged neatly, with the countertop serving as the central workspace. The kitchen has a warm, wooden aesthetic with modern lighting overhead. 
</Observation>
2025-07-23 15:21:17,149 [ERROR] [ERROR] 'high_level_task_planning', try again.
2025-07-23 15:22:25,623 [INFO] metadata_path: taskgenerate/kitchens/FloorPlan3/metadata.json
2025-07-23 15:22:25,625 [INFO] Task configuration - USE_TEST_TASKS: True, TEST_TASK_ID: test_001, RUN_ALL_TEST_TASKS: False
2025-07-23 15:22:25,625 [INFO] Looking for test task: test_001
2025-07-23 15:22:25,625 [INFO] Loaded 15 test tasks from test_tasks.json
2025-07-23 15:22:25,625 [INFO] Test task search result: True
2025-07-23 15:22:25,625 [INFO] Will run test task: test_001
2025-07-23 15:22:25,625 [INFO] 

*********************************************************************
2025-07-23 15:22:25,625 [INFO] Running Task ID: test_001
2025-07-23 15:22:25,625 [INFO] Scene:FloorPlan3 Task_Type: pickup_and_put Task: put tomato on plate
2025-07-23 15:22:25,625 [INFO] *********************************************************************

2025-07-23 15:22:25,625 [INFO] taskname: put tomato on plate
2025-07-23 15:22:33,678 [INFO] Initialize return: {'cameraNearPlane': 0.009999999776482582, 'cameraFarPlane': 20.0}
2025-07-23 15:22:33,828 [INFO] Initialization succeeded
2025-07-23 15:22:33,830 [INFO] [ATTEMPT 1/3] Starting task attempt
2025-07-23 15:22:33,902 [WARNING] [RESET] Failed to reset robot position on attempt 1
2025-07-23 15:22:47,957 [INFO] [OBSERVATION] <Observation>
I see a wooden kitchen with a large central island. On the island, there are various objects including a toaster, a kettle, a rice cooker, a cutting board with vegetables, and a sink. Above the island, there are hanging shelves with bottles, glasses, and kitchen items. To the left, there is a stovetop. On the right, there is a window with natural light coming through, and next to it, a potted plant. The upper shelves hold additional kitchen utensils and containers. The ceiling has recessed lighting. Below the island, there are cabinets with drawers and doors. The overall space is well-organized and modern.
</Observation>
2025-07-23 15:22:47,958 [ERROR] [ERROR] 'high_level_task_planning', try again.
2025-07-23 15:22:47,960 [INFO] [ATTEMPT 2/3] Starting task attempt
2025-07-23 15:22:48,296 [WARNING] [RESET] Failed to reset robot position on attempt 2
2025-07-23 15:23:04,175 [INFO] [OBSERVATION] <Observation>
In the room, I observe a wooden kitchen setup with various objects. The countertop is made of wood and features a toaster, a kettle, a rice cooker, and a cutting board with vegetables. A sink is located near the window, which allows natural light to enter. On the countertop, there are also bottles of oils or condiments, a potted plant, and some bowls and utensils. Above the countertop, there are shelves holding glasses and containers. Below the countertop, there are cabinets with black handles. The ceiling has multiple round lights, providing additional illumination. The overall aesthetic is warm and rustic, with wooden elements dominating the space.
</Observation>
2025-07-23 15:23:04,176 [ERROR] [ERROR] 'high_level_task_planning', try again.
2025-07-23 15:23:04,177 [WARNING] [RETRY 2 TIMES, JUMP THE TASK]
2025-07-23 15:23:04,256 [INFO] [TASK COMPLETE] Finished task test_001: put tomato on plate
2025-07-23 15:23:04,257 [INFO] All tasks completed successfully!
2025-07-23 15:23:04,257 [INFO] Error paths saved to: ./wrong_generte_path_list.json
2025-07-23 15:23:56,338 [INFO] metadata_path: taskgenerate/kitchens/FloorPlan3/metadata.json
2025-07-23 15:23:56,340 [INFO] Task configuration - USE_TEST_TASKS: True, TEST_TASK_ID: test_001, RUN_ALL_TEST_TASKS: False
2025-07-23 15:23:56,340 [INFO] Looking for test task: test_001
2025-07-23 15:23:56,341 [INFO] Loaded 15 test tasks from test_tasks.json
2025-07-23 15:23:56,341 [INFO] Test task search result: True
2025-07-23 15:23:56,341 [INFO] Will run test task: test_001
2025-07-23 15:23:56,341 [INFO] 

*********************************************************************
2025-07-23 15:23:56,341 [INFO] Running Task ID: test_001
2025-07-23 15:23:56,341 [INFO] Scene:FloorPlan3 Task_Type: pickup_and_put Task: put tomato on plate
2025-07-23 15:23:56,341 [INFO] *********************************************************************

2025-07-23 15:23:56,341 [INFO] taskname: put tomato on plate
2025-07-23 15:24:05,642 [INFO] Initialize return: {'cameraNearPlane': 0.009999999776482582, 'cameraFarPlane': 20.0}
2025-07-23 15:24:05,777 [INFO] Initialization succeeded
2025-07-23 15:24:05,779 [INFO] [ATTEMPT 1/3] Starting task attempt
2025-07-23 15:24:05,854 [WARNING] [RESET] Failed to reset robot position on attempt 1
2025-07-23 15:24:17,342 [INFO] [OBSERVATION] <Observation>
In front of me, I see a modern kitchen with a wooden countertop. On the countertop, there is a toaster, a kettle, a rice cooker, a cutting board with vegetables, a sink, a plant, a bottle, and a bowl. To the left, there is a stove with burners. Above the countertop, there are shelves holding glassware and bottles. On the right side, there is a window allowing natural light to enter. The room has recessed ceiling lights and wooden cabinetry below the countertop. The overall space is clean and organized, with a warm and inviting atmosphere.
</Observation>
2025-07-23 15:24:17,342 [ERROR] [ERROR] 'high_level_task_planning', try again.
2025-07-23 15:24:17,344 [INFO] [ATTEMPT 2/3] Starting task attempt
2025-07-23 15:24:17,686 [WARNING] [RESET] Failed to reset robot position on attempt 2
2025-07-23 15:24:29,691 [INFO] [OBSERVATION] <Observation>
I see a wooden kitchen countertop in front of me. On the countertop, there is a kettle, a toaster, a rice cooker, a cutting board with vegetables, and a sink with a faucet. To the right of the sink, there is a plant and a bottle. Below the countertop, there are green cabinets with drawers. On the wall, there are wooden shelves holding various items, including bottles and bowls. Above the shelves, there are hanging glasses. The ceiling has several circular lights. In the background, there is a window letting in natural light. The floor appears to be tiled.
</Observation>
2025-07-23 15:24:29,693 [ERROR] [ERROR] 'high_level_task_planning', try again.
2025-07-23 15:24:29,694 [WARNING] [RETRY 2 TIMES, JUMP THE TASK]
2025-07-23 15:24:29,772 [INFO] [TASK COMPLETE] Finished task test_001: put tomato on plate
2025-07-23 15:24:29,772 [INFO] All tasks completed successfully!
2025-07-23 15:24:29,772 [INFO] Error paths saved to: ./wrong_generte_path_list.json
2025-07-23 15:38:31,533 [INFO] metadata_path: /Users/yuanda/Documents/embodied_reasoner/data_engine/taskgenerate/taskgenerate/kitchens/FloorPlan3/metadata.json
2025-07-23 15:38:31,534 [INFO] Task configuration - USE_TEST_TASKS: True, TEST_TASK_ID: test_001, RUN_ALL_TEST_TASKS: False
2025-07-23 15:38:38,332 [INFO] Looking for test task: test_001
2025-07-23 15:38:38,906 [INFO] Loaded 15 test tasks from /Users/yuanda/Documents/embodied_reasoner/data_engine/test_tasks.json
2025-07-23 15:38:39,470 [INFO] Test task search result: True
2025-07-23 15:38:43,585 [INFO] Will run test task: test_001
2025-07-23 15:38:55,474 [INFO] 

*********************************************************************
2025-07-23 15:38:55,656 [INFO] Running Task ID: test_001
2025-07-23 15:38:56,231 [INFO] Scene:FloorPlan3 Task_Type: pickup_and_put Task: put tomato on plate
2025-07-23 15:38:56,543 [INFO] *********************************************************************

2025-07-23 15:38:57,101 [INFO] taskname: put tomato on plate
2025-07-23 15:39:29,656 [INFO] metadata_path: /Users/yuanda/Documents/embodied_reasoner/data_engine/taskgenerate/taskgenerate/kitchens/FloorPlan3/metadata.json
2025-07-23 15:39:29,657 [INFO] Task configuration - USE_TEST_TASKS: True, TEST_TASK_ID: test_001, RUN_ALL_TEST_TASKS: False
2025-07-23 15:43:36,414 [INFO] metadata_path: /Users/yuanda/Documents/embodied_reasoner/data_engine/taskgenerate/kitchens/FloorPlan3/metadata.json
2025-07-23 15:43:36,422 [INFO] Task configuration - USE_TEST_TASKS: True, TEST_TASK_ID: test_001, RUN_ALL_TEST_TASKS: False
2025-07-23 15:44:18,723 [INFO] Looking for test task: test_001
2025-07-23 15:44:18,775 [INFO] Loaded 15 test tasks from /Users/yuanda/Documents/embodied_reasoner/data_engine/test_tasks.json
2025-07-23 15:44:18,775 [INFO] Test task search result: True
2025-07-23 15:44:18,776 [INFO] Will run test task: test_001
2025-07-23 15:44:18,776 [INFO] 

*********************************************************************
2025-07-23 15:44:18,776 [INFO] Running Task ID: test_001
2025-07-23 15:44:18,776 [INFO] Scene:FloorPlan3 Task_Type: pickup_and_put Task: put tomato on plate
2025-07-23 15:44:18,776 [INFO] *********************************************************************

2025-07-23 15:44:18,776 [INFO] taskname: put tomato on plate
2025-07-23 15:44:38,822 [INFO] Initialize return: {'cameraNearPlane': 0.009999999776482582, 'cameraFarPlane': 20.0}
2025-07-23 15:44:38,984 [INFO] Initialization succeeded
2025-07-23 15:44:53,138 [INFO] [ATTEMPT 1/3] Starting task attempt
2025-07-23 15:44:53,644 [WARNING] [RESET] Failed to reset robot position on attempt 1
2025-07-23 15:47:55,762 [INFO] metadata_path: /Users/yuanda/Documents/embodied_reasoner/data_engine/taskgenerate/kitchens/FloorPlan3/metadata.json
2025-07-23 15:47:55,765 [INFO] Task configuration - USE_TEST_TASKS: True, TEST_TASK_ID: test_001, RUN_ALL_TEST_TASKS: False
2025-07-23 15:50:55,493 [INFO] Looking for test task: test_001
2025-07-23 15:50:55,499 [INFO] Loaded 15 test tasks from /Users/yuanda/Documents/embodied_reasoner/data_engine/test_tasks.json
2025-07-23 15:50:55,499 [INFO] Test task search result: True
2025-07-23 15:50:55,500 [INFO] Will run test task: test_001
2025-07-23 15:50:55,501 [INFO] 

*********************************************************************
2025-07-23 15:50:55,501 [INFO] Running Task ID: test_001
2025-07-23 15:50:55,501 [INFO] Scene:FloorPlan3 Task_Type: pickup_and_put Task: put tomato on plate
2025-07-23 15:50:55,501 [INFO] *********************************************************************

2025-07-23 15:50:55,502 [INFO] taskname: put tomato on plate
2025-07-23 15:51:03,111 [INFO] Initialize return: {'cameraNearPlane': 0.009999999776482582, 'cameraFarPlane': 20.0}
2025-07-23 15:51:03,297 [INFO] Initialization succeeded
2025-07-23 15:51:03,298 [INFO] [ATTEMPT 1/3] Starting task attempt
2025-07-23 15:51:03,369 [WARNING] [RESET] Failed to reset robot position on attempt 1
2025-07-23 15:51:20,398 [INFO] [OBSERVATION] <Observation>
I see a kitchen with a wooden countertop. On the countertop, there is a toaster, a kettle, a rice cooker, a sink with a faucet, a cutting board with vegetables, a potted plant, a dish soap dispenser, a small bowl, a knife, and a loaf of bread. Above the countertop, there are shelves with various bottles, glasses, and containers. The room has a wooden ceiling with recessed lights and a large window in the background, letting in natural light. Below the countertop, there are cabinets and drawers. The overall setting appears organized and functional.
</Observation>
2025-07-23 15:51:20,400 [ERROR] [ERROR] 'high_level_task_planning', try again.
2025-07-23 15:51:20,405 [INFO] [ATTEMPT 2/3] Starting task attempt
2025-07-23 15:51:20,691 [WARNING] [RESET] Failed to reset robot position on attempt 2
2025-07-23 15:51:35,827 [INFO] [OBSERVATION] <Observation>
In the room, I observe a wooden kitchen setup with a curved countertop. There is a sink with a faucet in the center of the counter, surrounded by various kitchen items including a toaster, a kettle, a cutting board, a bowl, and a few pieces of fruit. A potted plant is placed near the sink, and several bottles are lined up on the wall-mounted shelves above. Below the counter, there are dark cabinets with visible handles. A window is positioned on the wall, allowing natural light to enter. The ceiling features multiple recessed lights. A stove is located on the left side of the counter, and some shelves hold additional kitchenware and utensils.
</Observation>
2025-07-23 15:51:35,829 [ERROR] [ERROR] 'high_level_task_planning', try again.
2025-07-23 15:51:35,832 [WARNING] [RETRY 2 TIMES, JUMP THE TASK]
2025-07-23 15:51:35,913 [INFO] [TASK COMPLETE] Finished task test_001: put tomato on plate
2025-07-23 15:51:35,913 [INFO] All tasks completed successfully!
2025-07-23 15:51:35,913 [INFO] Error paths saved to: ./wrong_generte_path_list.json
2025-07-23 15:52:36,025 [INFO] metadata_path: /Users/yuanda/Documents/embodied_reasoner/data_engine/taskgenerate/kitchens/FloorPlan3/metadata.json
2025-07-23 15:52:36,027 [INFO] Task configuration - USE_TEST_TASKS: True, TEST_TASK_ID: test_001, RUN_ALL_TEST_TASKS: False
2025-07-23 15:52:37,809 [INFO] Looking for test task: test_001
2025-07-23 15:52:37,813 [INFO] Loaded 15 test tasks from /Users/yuanda/Documents/embodied_reasoner/data_engine/test_tasks.json
2025-07-23 15:52:37,813 [INFO] Test task search result: True
2025-07-23 15:52:37,814 [INFO] Will run test task: test_001
2025-07-23 15:52:37,815 [INFO] 

*********************************************************************
2025-07-23 15:52:37,815 [INFO] Running Task ID: test_001
2025-07-23 15:52:37,815 [INFO] Scene:FloorPlan3 Task_Type: pickup_and_put Task: put tomato on plate
2025-07-23 15:52:37,815 [INFO] *********************************************************************

2025-07-23 15:52:37,816 [INFO] taskname: put tomato on plate
2025-07-23 15:52:45,118 [INFO] Initialize return: {'cameraNearPlane': 0.009999999776482582, 'cameraFarPlane': 20.0}
2025-07-23 15:52:45,242 [INFO] Initialization succeeded
2025-07-23 15:52:45,243 [INFO] [ATTEMPT 1/3] Starting task attempt
2025-07-23 15:52:45,316 [WARNING] [RESET] Failed to reset robot position on attempt 1
2025-07-23 15:53:06,121 [INFO] [OBSERVATION] <Observation>
In the room, I observe a kitchen setting with the following objects:

- **Countertop**: A wooden countertop dominates the foreground, featuring various items.
- **Appliances**: A toaster and a kettle are placed on the countertop.
- **Cookware**: A pressure cooker is visible near the sink.
- **Sink**: A stainless steel sink with a faucet is in the center of the countertop.
- **Fruits and Vegetables**: A small pile of produce, including a cucumber and tomatoes, is on the countertop.
- **Bread**: A loaf of bread is situated on the right side of the countertop.
- **Utensils**: A cutting board with a knife is present near the sink.
- **Shelves**: Wooden shelves above the countertop hold glassware, bottles, and other kitchen essentials.
- **Back Wall**: Wooden walls and a window letting in natural light.
- **Lighting**: Several recessed ceiling lights illuminate the space.

The objects are arranged in a functional layout typical of a kitchen, with appliances and ingredients easily accessible. </Observation>
2025-07-23 15:53:34,497 [ERROR] [ERROR] 'high_level_task_planning', try again.
2025-07-23 15:54:56,925 [INFO] metadata_path: /Users/yuanda/Documents/embodied_reasoner/data_engine/taskgenerate/kitchens/FloorPlan3/metadata.json
2025-07-23 15:54:56,928 [INFO] Task configuration - USE_TEST_TASKS: True, TEST_TASK_ID: test_001, RUN_ALL_TEST_TASKS: False
2025-07-23 15:54:56,928 [INFO] Looking for test task: test_001
2025-07-23 15:54:56,928 [INFO] Loaded 15 test tasks from /Users/yuanda/Documents/embodied_reasoner/data_engine/test_tasks.json
2025-07-23 15:54:56,928 [INFO] Test task search result: True
2025-07-23 15:54:56,929 [INFO] Will run test task: test_001
2025-07-23 15:54:56,929 [INFO] 

*********************************************************************
2025-07-23 15:54:56,929 [INFO] Running Task ID: test_001
2025-07-23 15:54:56,929 [INFO] Scene:FloorPlan3 Task_Type: pickup_and_put Task: put tomato on plate
2025-07-23 15:54:56,929 [INFO] *********************************************************************

2025-07-23 15:54:56,929 [INFO] taskname: put tomato on plate
2025-07-23 15:55:04,008 [INFO] Initialize return: {'cameraNearPlane': 0.009999999776482582, 'cameraFarPlane': 20.0}
2025-07-23 15:55:04,143 [INFO] Initialization succeeded
2025-07-23 15:55:04,144 [INFO] [ATTEMPT 1/3] Starting task attempt
2025-07-23 15:55:04,209 [WARNING] [RESET] Failed to reset robot position on attempt 1
2025-07-23 15:55:23,122 [INFO] [OBSERVATION] <Observation>
I am in a kitchen with a large wooden countertop in front of me. To my left, there is a stove with burners and knobs. In the middle of the countertop, there is a toaster, a pot, and a kettle. To the right, there is a sink with a faucet, a cutting board with vegetables, and a knife. A window is located above the sink, letting in natural light. There are shelves above the countertop holding various items, including bottles and a plant. The cabinets are below the countertop, and there is a stove with a burner visible to my left. A pot is also present on the countertop near the stove.
</Observation>
2025-07-23 15:55:35,127 [INFO] [INITIAL TASK PLANNING] ['Find the tomato on the cutting board', 'Pick up the tomato', 'Find the plate on the countertop or nearby surface', 'Place the tomato on the plate']
2025-07-23 15:55:40,116 [INFO] [GENERAL QUESTION] Are there any specific requirements or instructions for how the tomato should be placed on the plate (e.g., sliced, whole, or with any particular orientation)? Additionally, are there any other items that need to be placed on the plate along with the tomato?
2025-07-23 15:55:40,117 [INFO] [ROBOT QUESTION] Are there any specific requirements or instructions for how the tomato should be placed on the plate (e.g., sliced, whole, or with any particular orientation)? Additionally, are there any other items that need to be placed on the plate along with the tomato?. User Response: clean tomato before put on the plate..
2025-07-23 15:55:40,117 [INFO] [RE-PLANNING BASED ON USER RESPONSE]
2025-07-23 15:55:45,091 [INFO] REPLAN?: True
2025-07-23 15:55:45,092 [INFO] Reason: The user's response indicates an additional step is required: cleaning the tomato before placing it on the plate. This step was not included in the original plan, so the plan needs to be updated to reflect this new requirement. The revised plan should include cleaning the tomato before picking it up.
2025-07-23 15:55:53,843 [INFO] [REPLAN] Old subgoals: ['Find the tomato on the cutting board', 'Pick up the tomato', 'Find the plate on the countertop or nearby surface', 'Place the tomato on the plate']
2025-07-23 15:55:53,846 [INFO] [REPLAN] New subgoals: ['Find the tomato on the cutting board', 'Pick up the tomato', 'Move to the sink', 'Use the faucet to rinse the tomato under running water', 'Shake off excess water from the tomato', 'Find the plate on the countertop or nearby surface', 'Place the cleaned tomato on the plate']
2025-07-23 15:56:22,162 [INFO] [HIGH-LEVEL] Decomposing clean tomato
2025-07-23 15:56:43,973 [INFO] [DECOMPOSE] clean tomato -> 11 atomic actions
2025-07-23 15:56:43,974 [INFO]   1. search cutting_board
2025-07-23 15:56:43,974 [INFO]   2. navigate cutting_board
2025-07-23 15:56:43,975 [INFO]   3. search tomato
2025-07-23 15:56:43,975 [INFO]   4. pick_up tomato
2025-07-23 15:56:43,975 [INFO]   5. navigate sink
2025-07-23 15:56:43,975 [INFO]   6. toggle_on faucet
2025-07-23 15:56:43,975 [INFO]   7. clean tomato
2025-07-23 15:56:43,976 [INFO]   8. toggle_off faucet
2025-07-23 15:56:43,976 [INFO]   9. search plate
2025-07-23 15:56:43,976 [INFO]   10. navigate plate
2025-07-23 15:56:43,976 [INFO]   11. put tomato plate
2025-07-23 15:56:43,977 [WARNING] [UNKNOWN] Action shake not in supported actions list
2025-07-23 15:56:43,977 [INFO] [DECISIONS] Generated 12 unique actions from 10 total actions
2025-07-23 15:56:43,979 [INFO] [SUBTASKS WITH DECISION] [{'action': 'search', 'objectType': 'tomato', 'targetObject': 'cutting_board', 'decisionmaking': 'search tomato cutting_board'}, {'action': 'pick_up', 'objectType': 'tomato', 'targetObject': None, 'decisionmaking': 'pick_up tomato'}, {'action': 'navigate', 'objectType': 'sink', 'targetObject': None, 'decisionmaking': 'navigate sink'}, {'action': 'search', 'objectType': 'faucet', 'targetObject': None, 'decisionmaking': 'search faucet'}, {'action': 'toggle_on', 'objectType': 'faucet', 'targetObject': None, 'decisionmaking': 'toggle_on faucet'}, {'action': 'search', 'objectType': 'cutting_board', 'targetObject': None, 'decisionmaking': 'search cutting_board'}, {'action': 'navigate', 'objectType': 'cutting_board', 'targetObject': None, 'decisionmaking': 'navigate cutting_board'}, {'action': 'clean', 'objectType': 'tomato', 'targetObject': None, 'decisionmaking': 'clean tomato'}, {'action': 'toggle_off', 'objectType': 'faucet', 'targetObject': None, 'decisionmaking': 'toggle_off faucet'}, {'action': 'search', 'objectType': 'plate', 'targetObject': None, 'decisionmaking': 'search plate'}, {'action': 'navigate', 'objectType': 'plate', 'targetObject': None, 'decisionmaking': 'navigate plate'}, {'action': 'put', 'objectType': 'tomato', 'targetObject': 'plate', 'decisionmaking': 'put tomato plate'}]
2025-07-23 15:56:47,473 [INFO] [EXECUTE] search tomato cutting_board
2025-07-23 15:56:50,595 [INFO] [SEARCH] Checking Fridge
2025-07-23 15:56:53,225 [INFO] [SEARCH] Fridge is closed, opening for search...
2025-07-23 15:56:53,367 [INFO] [SEARCH] Successfully opened Fridge for searching tomato
2025-07-23 15:56:53,644 [INFO] [SEARCH] Found visible tomato in/on Fridge
2025-07-23 15:56:53,644 [INFO] [EXECUTE] pick_up tomato
2025-07-23 15:56:53,739 [INFO] [DEBUG] Looking for tomato to pick_up
2025-07-23 15:56:53,739 [INFO] [DEBUG] Visible objects: ['Drawer(Drawer|+00.65|+00.60|+01.02)', 'Drawer(Drawer|+00.65|+00.85|+01.02)', 'Floor(Floor|+00.00|+00.22|-00.82)', 'Fridge(Fridge|+01.01|+00.23|+01.92)', 'SideTable(SideTable|+00.98|+00.22|+00.87)', 'Tomato(Tomato|+00.92|+01.91|+01.61)']
2025-07-23 15:56:53,739 [INFO] [DEBUG] Selected first matching tomato (ID: Tomato|+00.92|+01.91|+01.61)
2025-07-23 15:56:53,739 [INFO] [DEBUG] Final selected object: Tomato (ID: Tomato|+00.92|+01.91|+01.61)
2025-07-23 15:56:53,740 [INFO] [EXECUTE] Executing pick_up on tomato (ID: Tomato|+00.92|+01.91|+01.61)
2025-07-23 15:56:53,897 [INFO] [SUCCESS] pick_up on tomato completed successfully
2025-07-23 15:56:53,897 [INFO] [DEBUG] Recorded recent interaction: tomato -> Tomato|+00.92|+01.91|+01.61
2025-07-23 15:56:53,898 [INFO] [SEARCH CLEANUP] Closing 1 containers that were opened for search
2025-07-23 15:56:53,968 [INFO] [SEARCH CLEANUP] Closing Fridge (ID: Fridge|+01.01|+00.23|+01.92)
2025-07-23 15:56:54,420 [INFO] [SEARCH CLEANUP] Successfully closed Fridge
2025-07-23 15:57:04,216 [INFO] [EXECUTE] navigate sink
2025-07-23 15:57:05,798 [INFO] [EXECUTE] search faucet
2025-07-23 15:57:05,853 [INFO] [SEARCH] Found visible faucet in current view
2025-07-23 15:57:05,854 [INFO] [EXECUTE] toggle_on faucet
2025-07-23 15:57:05,907 [INFO] [DEBUG] Looking for faucet to toggle_on
2025-07-23 15:57:05,907 [INFO] [DEBUG] Visible objects: ['Apple(Apple|-01.75|+01.37|-01.16)', 'Bowl(Bowl|-01.82|+01.31|+00.27)', 'Bread(Bread|-01.51|+01.38|+00.66)', 'Cabinet(Cabinet|-01.46|+00.78|-02.00)', 'Cabinet(Cabinet|-01.46|+00.78|+00.47)', 'Cabinet(Cabinet|-01.46|+00.78|+01.31)', 'CounterTop(CounterTop|-01.81|+01.36|+01.18)', 'DishSponge(DishSponge|-02.05|+01.33|-00.96)', 'Drawer(Drawer|-01.61|+00.68|-01.22)', 'Drawer(Drawer|-01.61|+00.68|-00.43)', 'Egg(Egg|-01.57|+01.36|-01.05)', 'Faucet(Faucet|-02.13|+01.32|-00.81)', 'Floor(Floor|+00.00|+00.22|-00.82)', 'HousePlant(HousePlant|-02.03|+01.31|-00.03)', 'Lettuce(Lettuce|-01.89|+01.40|-01.07)', 'Mug(Mug|-01.97|+01.04|-00.43)', 'PaperTowelRoll(PaperTowelRoll|-02.04|+01.42|-01.90)', 'Plate(Plate|-01.47|+01.31|+00.24)', 'Pot(Pot|-01.58|+01.31|-01.58)', 'Potato(Potato|-01.61|+01.36|-01.24)', 'Sink(Sink|-01.99|+01.14|-00.98)', 'SinkBasin(Sink|-01.99|+01.14|-00.98|SinkBasin)', 'SoapBottle(SoapBottle|-01.79|+01.31|-00.10)', 'Toaster(Toaster|-01.89|+01.31|-02.51)', 'Tomato(Tomato|+00.92|+01.91|+01.61)', 'Window(Window|-02.57|+01.80|-00.82)']
2025-07-23 15:57:05,907 [INFO] [DEBUG] Selected first matching faucet (ID: Faucet|-02.13|+01.32|-00.81)
2025-07-23 15:57:05,907 [INFO] [DEBUG] Final selected object: Faucet (ID: Faucet|-02.13|+01.32|-00.81)
2025-07-23 15:57:05,907 [INFO] [EXECUTE] Executing toggle_on on faucet (ID: Faucet|-02.13|+01.32|-00.81)
2025-07-23 15:57:06,157 [INFO] [SUCCESS] toggle_on on faucet completed successfully
2025-07-23 15:57:06,157 [INFO] [DEBUG] Recorded recent interaction: faucet -> Faucet|-02.13|+01.32|-00.81
2025-07-23 15:57:06,212 [INFO] [EXECUTE] search cutting_board
2025-07-23 15:57:12,204 [INFO] [SEARCH] Checking Cabinet
2025-07-23 15:57:13,829 [INFO] [SEARCH] Cabinet is closed, opening for search...
2025-07-23 15:57:14,187 [INFO] [SEARCH] Successfully opened Cabinet for searching cutting_board
2025-07-23 15:57:14,301 [INFO] [SEARCH] Could not find visible cutting_board in/on Cabinet
2025-07-23 15:57:14,360 [INFO] [SEARCH] Closing Cabinet immediately (target not found)
2025-07-23 15:57:14,718 [INFO] [SEARCH] Successfully closed Cabinet
2025-07-23 15:57:14,718 [INFO] [SEARCH] Checking Fridge
2025-07-23 15:57:16,764 [INFO] [SEARCH] Fridge is closed, opening for search...
2025-07-23 15:57:17,125 [INFO] [SEARCH] Successfully opened Fridge for searching cutting_board
2025-07-23 15:57:17,282 [INFO] [SEARCH] Could not find visible cutting_board in/on Fridge
2025-07-23 15:57:17,343 [INFO] [SEARCH] Closing Fridge immediately (target not found)
2025-07-23 15:57:17,705 [INFO] [SEARCH] Successfully closed Fridge
2025-07-23 15:57:17,705 [INFO] [SEARCH] Checking SinkBasin
2025-07-23 15:57:19,487 [INFO] [SEARCH] Could not find visible cutting_board in/on SinkBasin
2025-07-23 15:57:19,487 [INFO] [SEARCH] Checking Knife
2025-07-23 15:57:20,675 [INFO] [SEARCH] Could not find visible cutting_board in/on Knife
2025-07-23 15:57:20,675 [WARNING] [SEARCH] Could not find visible cutting_board after checking all possible locations
2025-07-23 15:57:20,676 [ERROR] [ERROR] Search failed for cutting_board, stopping execution.
2025-07-23 15:57:20,677 [INFO] [VERIFICATION] Starting task verification...
2025-07-23 15:57:20,970 [INFO] [VERIFY] Saved verification image: /Users/yuanda/Documents/embodied_reasoner/data_engine/data/data_pickup_and_put/FloorPlan3_pickup_and_put_0/verification/final_verification.png
2025-07-23 15:57:38,042 [INFO] [VERIFY] Task verification result: SUCCESS=False, CONFIDENCE=high
2025-07-23 15:57:38,042 [INFO] [VERIFY] Reason: The tomato is not on a plate; it is on the floor beneath the table.
2025-07-23 15:57:38,043 [WARNING] [VERIFICATION] ✗ Task may not be completed. (Confidence: high)
2025-07-23 15:57:38,043 [WARNING] [VERIFICATION] Reason: The tomato is not on a plate; it is on the floor beneath the table.
2025-07-23 15:57:38,045 [INFO] [VERIFICATION] Verification result saved to: /Users/yuanda/Documents/embodied_reasoner/data_engine/data/data_pickup_and_put/FloorPlan3_pickup_and_put_0/verification_result.json
2025-07-23 15:57:38,045 [INFO] [ATTEMPT 2/3] Starting task attempt
2025-07-23 15:57:38,362 [WARNING] [RESET] Failed to reset robot position on attempt 2
2025-07-23 15:57:38,435 [INFO] [RESET] Dropping held object: Tomato|+00.92|+01.91|+01.61
2025-07-23 15:57:49,923 [INFO] metadata_path: /Users/yuanda/Documents/embodied_reasoner/data_engine/taskgenerate/kitchens/FloorPlan3/metadata.json
2025-07-23 15:57:49,925 [INFO] Task configuration - USE_TEST_TASKS: True, TEST_TASK_ID: test_001, RUN_ALL_TEST_TASKS: False
2025-07-23 15:57:49,925 [INFO] Looking for test task: test_001
2025-07-23 15:57:49,926 [INFO] Loaded 15 test tasks from /Users/yuanda/Documents/embodied_reasoner/data_engine/test_tasks.json
2025-07-23 15:57:49,926 [INFO] Test task search result: True
2025-07-23 15:57:49,926 [INFO] Will run test task: test_001
2025-07-23 15:57:49,927 [INFO] 

*********************************************************************
2025-07-23 15:57:49,927 [INFO] Running Task ID: test_001
2025-07-23 15:57:49,927 [INFO] Scene:FloorPlan3 Task_Type: pickup_and_put Task: put tomato on plate
2025-07-23 15:57:49,927 [INFO] *********************************************************************

2025-07-23 15:57:49,927 [INFO] taskname: put tomato on plate
2025-07-23 15:57:57,300 [INFO] Initialize return: {'cameraNearPlane': 0.009999999776482582, 'cameraFarPlane': 20.0}
2025-07-23 15:57:57,413 [INFO] Initialization succeeded
2025-07-23 15:57:57,413 [INFO] [ATTEMPT 1/3] Starting task attempt
2025-07-23 15:57:57,477 [WARNING] [RESET] Failed to reset robot position on attempt 1
2025-07-23 15:58:15,028 [INFO] [OBSERVATION] <Observation>
In the room, I observe a wooden cabinet with a curved countertop. On the countertop, there is a pot, a HousePlant, a SaltShaker, a Faucet above a Sink, and a Knife. There are also several Cups and WineBottles on a shelf above the countertop. To the left, there is a StoveBurner and a StoveKnob. The room features a large Window, and the cabinets have Drawers and a microwave. The spatial arrangement shows the objects are neatly organized, with the countertop serving as the central functional area.
</Observation>
2025-07-23 15:58:22,475 [INFO] [INITIAL TASK PLANNING] ['Find the tomato', 'Pick up the tomato', 'Find the plate', 'Put the tomato on the plate']
2025-07-23 15:58:30,788 [INFO] [GENERAL QUESTION] Are there any specific conditions or constraints for placing the tomato on the plate, such as ensuring the plate is clean, determining the correct side of the tomato to place, or any particular arrangement on the plate?
2025-07-23 15:58:30,792 [INFO] [ROBOT QUESTION] Are there any specific conditions or constraints for placing the tomato on the plate, such as ensuring the plate is clean, determining the correct side of the tomato to place, or any particular arrangement on the plate?. User Response: clean tomato before put on the plate..
2025-07-23 15:58:30,793 [INFO] [RE-PLANNING BASED ON USER RESPONSE]
2025-07-23 15:58:37,315 [INFO] REPLAN?: True
2025-07-23 15:58:37,317 [INFO] Reason: The user has requested that the tomato should be cleaned before placing it on the plate. This introduces a new step that is not currently included in the plan. To ensure the task is completed according to the user's requirements, the plan needs to be updated to include cleaning the tomato. The updated plan should be:
2025-07-23 15:58:48,265 [INFO] [REPLAN] Old subgoals: ['Find the tomato', 'Pick up the tomato', 'Find the plate', 'Put the tomato on the plate']
2025-07-23 15:58:48,265 [INFO] [REPLAN] New subgoals: ['Find the tomato', 'Pick up the tomato', 'Clean the tomato', 'Find the plate', 'Put the tomato on the plate']
2025-07-23 15:59:01,661 [INFO] [HIGH-LEVEL] Decomposing clean tomato
2025-07-23 15:59:23,296 [INFO] [DECOMPOSE] clean tomato -> 10 atomic actions
2025-07-23 15:59:23,298 [INFO]   1. search tomato
2025-07-23 15:59:23,298 [INFO]   2. pick_up tomato
2025-07-23 15:59:23,299 [INFO]   3. search sink
2025-07-23 15:59:23,299 [INFO]   4. navigate sink
2025-07-23 15:59:23,299 [INFO]   5. toggle_on faucet
2025-07-23 15:59:23,299 [INFO]   6. clean tomato
2025-07-23 15:59:23,299 [INFO]   7. toggle_off faucet
2025-07-23 15:59:23,299 [INFO]   8. search plate
2025-07-23 15:59:23,300 [INFO]   9. pick_up plate
2025-07-23 15:59:23,300 [INFO]   10. put tomato plate
2025-07-23 15:59:23,301 [INFO] [DECISIONS] Generated 10 unique actions from 5 total actions
2025-07-23 15:59:23,307 [INFO] [SUBTASKS WITH DECISION] [{'action': 'search', 'objectType': 'tomato', 'targetObject': None, 'decisionmaking': 'search tomato'}, {'action': 'pick_up', 'objectType': 'tomato', 'targetObject': None, 'decisionmaking': 'pick_up tomato'}, {'action': 'search', 'objectType': 'sink', 'targetObject': None, 'decisionmaking': 'search sink'}, {'action': 'navigate', 'objectType': 'sink', 'targetObject': None, 'decisionmaking': 'navigate sink'}, {'action': 'toggle_on', 'objectType': 'faucet', 'targetObject': None, 'decisionmaking': 'toggle_on faucet'}, {'action': 'clean', 'objectType': 'tomato', 'targetObject': None, 'decisionmaking': 'clean tomato'}, {'action': 'toggle_off', 'objectType': 'faucet', 'targetObject': None, 'decisionmaking': 'toggle_off faucet'}, {'action': 'search', 'objectType': 'plate', 'targetObject': None, 'decisionmaking': 'search plate'}, {'action': 'pick_up', 'objectType': 'plate', 'targetObject': None, 'decisionmaking': 'pick_up plate'}, {'action': 'put', 'objectType': 'tomato', 'targetObject': 'plate', 'decisionmaking': 'put tomato plate'}]
2025-07-23 16:00:02,321 [INFO] [EXECUTE] search tomato
2025-07-23 16:00:08,178 [INFO] [SEARCH] Checking Fridge
2025-07-23 16:00:10,956 [INFO] [SEARCH] Fridge is closed, opening for search...
2025-07-23 16:00:11,227 [INFO] [SEARCH] Successfully opened Fridge for searching tomato
2025-07-23 16:00:11,340 [INFO] [SEARCH] Found visible tomato in/on Fridge
2025-07-23 16:00:15,659 [INFO] [EXECUTE] pick_up tomato
2025-07-23 16:00:15,861 [INFO] [DEBUG] Looking for tomato to pick_up
2025-07-23 16:00:15,862 [INFO] [DEBUG] Visible objects: ['Drawer(Drawer|+00.65|+00.60|+01.02)', 'Drawer(Drawer|+00.65|+00.85|+01.02)', 'Floor(Floor|+00.00|+00.22|-00.82)', 'Fridge(Fridge|+01.01|+00.23|+01.92)', 'SideTable(SideTable|+00.98|+00.22|+00.87)', 'Tomato(Tomato|+00.92|+01.91|+01.61)']
2025-07-23 16:00:15,862 [INFO] [DEBUG] Selected first matching tomato (ID: Tomato|+00.92|+01.91|+01.61)
2025-07-23 16:00:15,862 [INFO] [DEBUG] Final selected object: Tomato (ID: Tomato|+00.92|+01.91|+01.61)
2025-07-23 16:00:15,863 [INFO] [EXECUTE] Executing pick_up on tomato (ID: Tomato|+00.92|+01.91|+01.61)
2025-07-23 16:00:16,027 [INFO] [SUCCESS] pick_up on tomato completed successfully
2025-07-23 16:00:16,027 [INFO] [DEBUG] Recorded recent interaction: tomato -> Tomato|+00.92|+01.91|+01.61
2025-07-23 16:00:16,027 [INFO] [SEARCH CLEANUP] Closing 1 containers that were opened for search
2025-07-23 16:00:16,102 [INFO] [SEARCH CLEANUP] Closing Fridge (ID: Fridge|+01.01|+00.23|+01.92)
2025-07-23 16:00:16,527 [INFO] [SEARCH CLEANUP] Successfully closed Fridge
2025-07-23 16:00:18,800 [INFO] [EXECUTE] search sink
2025-07-23 16:00:25,911 [INFO] [SEARCH] Checking Faucet
2025-07-23 16:00:27,327 [INFO] [SEARCH] Found visible sink in/on Faucet
2025-07-23 16:00:30,145 [INFO] [EXECUTE] navigate sink
2025-07-23 16:00:35,655 [INFO] [EXECUTE] toggle_on faucet
2025-07-23 16:00:35,783 [INFO] [DEBUG] Looking for faucet to toggle_on
2025-07-23 16:00:35,783 [INFO] [DEBUG] Visible objects: ['Apple(Apple|-01.75|+01.37|-01.16)', 'Bowl(Bowl|-01.82|+01.31|+00.27)', 'Bread(Bread|-01.51|+01.38|+00.66)', 'Cabinet(Cabinet|-01.46|+00.78|-02.00)', 'Cabinet(Cabinet|-01.46|+00.78|+00.47)', 'Cabinet(Cabinet|-01.46|+00.78|+01.31)', 'CounterTop(CounterTop|-01.81|+01.36|+01.18)', 'DishSponge(DishSponge|-02.05|+01.33|-00.96)', 'Drawer(Drawer|-01.61|+00.68|-01.22)', 'Drawer(Drawer|-01.61|+00.68|-00.43)', 'Egg(Egg|-01.57|+01.36|-01.05)', 'Faucet(Faucet|-02.13|+01.32|-00.81)', 'Floor(Floor|+00.00|+00.22|-00.82)', 'HousePlant(HousePlant|-02.03|+01.31|-00.03)', 'Lettuce(Lettuce|-01.89|+01.40|-01.07)', 'Mug(Mug|-01.97|+01.04|-00.43)', 'PaperTowelRoll(PaperTowelRoll|-02.04|+01.42|-01.90)', 'Plate(Plate|-01.47|+01.31|+00.24)', 'Pot(Pot|-01.58|+01.31|-01.58)', 'Potato(Potato|-01.61|+01.36|-01.24)', 'Sink(Sink|-01.99|+01.14|-00.98)', 'SinkBasin(Sink|-01.99|+01.14|-00.98|SinkBasin)', 'SoapBottle(SoapBottle|-01.79|+01.31|-00.10)', 'Toaster(Toaster|-01.89|+01.31|-02.51)', 'Tomato(Tomato|+00.92|+01.91|+01.61)', 'Window(Window|-02.57|+01.80|-00.82)']
2025-07-23 16:00:35,783 [INFO] [DEBUG] Selected first matching faucet (ID: Faucet|-02.13|+01.32|-00.81)
2025-07-23 16:00:35,783 [INFO] [DEBUG] Final selected object: Faucet (ID: Faucet|-02.13|+01.32|-00.81)
2025-07-23 16:00:35,783 [INFO] [EXECUTE] Executing toggle_on on faucet (ID: Faucet|-02.13|+01.32|-00.81)
2025-07-23 16:00:36,097 [INFO] [SUCCESS] toggle_on on faucet completed successfully
2025-07-23 16:00:36,098 [INFO] [DEBUG] Recorded recent interaction: faucet -> Faucet|-02.13|+01.32|-00.81
2025-07-23 16:00:44,954 [INFO] [EXECUTE] clean tomato
2025-07-23 16:00:45,208 [INFO] [DEBUG] Looking for tomato to clean
2025-07-23 16:00:45,208 [INFO] [DEBUG] Visible objects: ['Apple(Apple|-01.75|+01.37|-01.16)', 'Bowl(Bowl|-01.82|+01.31|+00.27)', 'Bread(Bread|-01.51|+01.38|+00.66)', 'Cabinet(Cabinet|-01.46|+00.78|-02.00)', 'Cabinet(Cabinet|-01.46|+00.78|+00.47)', 'Cabinet(Cabinet|-01.46|+00.78|+01.31)', 'CounterTop(CounterTop|-01.81|+01.36|+01.18)', 'DishSponge(DishSponge|-02.05|+01.33|-00.96)', 'Drawer(Drawer|-01.61|+00.68|-01.22)', 'Drawer(Drawer|-01.61|+00.68|-00.43)', 'Egg(Egg|-01.57|+01.36|-01.05)', 'Faucet(Faucet|-02.13|+01.32|-00.81)', 'Floor(Floor|+00.00|+00.22|-00.82)', 'HousePlant(HousePlant|-02.03|+01.31|-00.03)', 'Lettuce(Lettuce|-01.89|+01.40|-01.07)', 'Mug(Mug|-01.97|+01.04|-00.43)', 'PaperTowelRoll(PaperTowelRoll|-02.04|+01.42|-01.90)', 'Plate(Plate|-01.47|+01.31|+00.24)', 'Pot(Pot|-01.58|+01.31|-01.58)', 'Potato(Potato|-01.61|+01.36|-01.24)', 'Sink(Sink|-01.99|+01.14|-00.98)', 'SinkBasin(Sink|-01.99|+01.14|-00.98|SinkBasin)', 'SoapBottle(SoapBottle|-01.79|+01.31|-00.10)', 'Toaster(Toaster|-01.89|+01.31|-02.51)', 'Tomato(Tomato|+00.92|+01.91|+01.61)', 'Window(Window|-02.57|+01.80|-00.82)']
2025-07-23 16:00:45,209 [INFO] [DEBUG] Found recently interacted tomato (ID: Tomato|+00.92|+01.91|+01.61)
2025-07-23 16:00:45,209 [INFO] [DEBUG] Using recently interacted tomato for clean
2025-07-23 16:00:45,209 [INFO] [DEBUG] Final selected object: Tomato (ID: Tomato|+00.92|+01.91|+01.61)
2025-07-23 16:00:45,209 [INFO] [EXECUTE] Executing clean on tomato (ID: Tomato|+00.92|+01.91|+01.61)
2025-07-23 16:00:45,488 [INFO] [SUCCESS] clean on tomato completed successfully
2025-07-23 16:00:45,488 [INFO] [DEBUG] Recorded recent interaction: tomato -> Tomato|+00.92|+01.91|+01.61
2025-07-23 16:00:49,001 [INFO] [EXECUTE] toggle_off faucet
2025-07-23 16:00:49,193 [INFO] [DEBUG] Looking for faucet to toggle_off
2025-07-23 16:00:49,194 [INFO] [DEBUG] Visible objects: ['Apple(Apple|-01.75|+01.37|-01.16)', 'Bowl(Bowl|-01.82|+01.31|+00.27)', 'Bread(Bread|-01.51|+01.38|+00.66)', 'Cabinet(Cabinet|-01.46|+00.78|-02.00)', 'Cabinet(Cabinet|-01.46|+00.78|+00.47)', 'Cabinet(Cabinet|-01.46|+00.78|+01.31)', 'CounterTop(CounterTop|-01.81|+01.36|+01.18)', 'DishSponge(DishSponge|-02.05|+01.33|-00.96)', 'Drawer(Drawer|-01.61|+00.68|-01.22)', 'Drawer(Drawer|-01.61|+00.68|-00.43)', 'Egg(Egg|-01.57|+01.36|-01.05)', 'Faucet(Faucet|-02.13|+01.32|-00.81)', 'Floor(Floor|+00.00|+00.22|-00.82)', 'HousePlant(HousePlant|-02.03|+01.31|-00.03)', 'Lettuce(Lettuce|-01.89|+01.40|-01.07)', 'Mug(Mug|-01.97|+01.04|-00.43)', 'PaperTowelRoll(PaperTowelRoll|-02.04|+01.42|-01.90)', 'Plate(Plate|-01.47|+01.31|+00.24)', 'Pot(Pot|-01.58|+01.31|-01.58)', 'Potato(Potato|-01.61|+01.36|-01.24)', 'Sink(Sink|-01.99|+01.14|-00.98)', 'SinkBasin(Sink|-01.99|+01.14|-00.98|SinkBasin)', 'SoapBottle(SoapBottle|-01.79|+01.31|-00.10)', 'Toaster(Toaster|-01.89|+01.31|-02.51)', 'Tomato(Tomato|+00.92|+01.91|+01.61)', 'Window(Window|-02.57|+01.80|-00.82)']
2025-07-23 16:00:49,194 [INFO] [DEBUG] Found recently interacted faucet (ID: Faucet|-02.13|+01.32|-00.81)
2025-07-23 16:00:49,194 [INFO] [DEBUG] Using recently interacted faucet for toggle_off
2025-07-23 16:00:49,194 [INFO] [DEBUG] Final selected object: Faucet (ID: Faucet|-02.13|+01.32|-00.81)
2025-07-23 16:00:49,194 [INFO] [EXECUTE] Executing toggle_off on faucet (ID: Faucet|-02.13|+01.32|-00.81)
2025-07-23 16:00:49,448 [INFO] [SUCCESS] toggle_off on faucet completed successfully
2025-07-23 16:00:49,448 [INFO] [DEBUG] Recorded recent interaction: faucet -> Faucet|-02.13|+01.32|-00.81
2025-07-23 16:00:52,808 [INFO] [EXECUTE] search plate
2025-07-23 16:00:52,928 [INFO] [SEARCH] Found visible plate in current view
2025-07-23 16:00:57,311 [INFO] [EXECUTE] pick_up plate
2025-07-23 16:00:57,483 [INFO] [DEBUG] Looking for plate to pick_up
2025-07-23 16:00:57,483 [INFO] [DEBUG] Visible objects: ['Apple(Apple|-01.75|+01.37|-01.16)', 'Bowl(Bowl|-01.82|+01.31|+00.27)', 'Bread(Bread|-01.51|+01.38|+00.66)', 'Cabinet(Cabinet|-01.46|+00.78|-02.00)', 'Cabinet(Cabinet|-01.46|+00.78|+00.47)', 'Cabinet(Cabinet|-01.46|+00.78|+01.31)', 'CounterTop(CounterTop|-01.81|+01.36|+01.18)', 'DishSponge(DishSponge|-02.05|+01.33|-00.96)', 'Drawer(Drawer|-01.61|+00.68|-01.22)', 'Drawer(Drawer|-01.61|+00.68|-00.43)', 'Egg(Egg|-01.57|+01.36|-01.05)', 'Faucet(Faucet|-02.13|+01.32|-00.81)', 'Floor(Floor|+00.00|+00.22|-00.82)', 'HousePlant(HousePlant|-02.03|+01.31|-00.03)', 'Lettuce(Lettuce|-01.89|+01.40|-01.07)', 'Mug(Mug|-01.97|+01.04|-00.43)', 'PaperTowelRoll(PaperTowelRoll|-02.04|+01.42|-01.90)', 'Plate(Plate|-01.47|+01.31|+00.24)', 'Pot(Pot|-01.58|+01.31|-01.58)', 'Potato(Potato|-01.61|+01.36|-01.24)', 'Sink(Sink|-01.99|+01.14|-00.98)', 'SinkBasin(Sink|-01.99|+01.14|-00.98|SinkBasin)', 'SoapBottle(SoapBottle|-01.79|+01.31|-00.10)', 'Toaster(Toaster|-01.89|+01.31|-02.51)', 'Tomato(Tomato|+00.92|+01.91|+01.61)', 'Window(Window|-02.57|+01.80|-00.82)']
2025-07-23 16:00:57,484 [INFO] [DEBUG] Selected first matching plate (ID: Plate|-01.47|+01.31|+00.24)
2025-07-23 16:00:57,484 [INFO] [DEBUG] Final selected object: Plate (ID: Plate|-01.47|+01.31|+00.24)
2025-07-23 16:00:57,484 [INFO] [EXECUTE] Executing pick_up on plate (ID: Plate|-01.47|+01.31|+00.24)
2025-07-23 16:00:57,712 [INFO] [SUCCESS] pick_up on plate completed successfully
2025-07-23 16:00:57,712 [INFO] [DEBUG] Recorded recent interaction: plate -> Plate|-01.47|+01.31|+00.24
2025-07-23 16:01:01,229 [INFO] [EXECUTE] put tomato plate
2025-07-23 16:01:07,755 [INFO] [EXECUTE] Putting Tomato on/in Plate
2025-07-23 16:01:08,031 [INFO] [SUCCESS] Put action completed successfully
2025-07-23 16:01:08,145 [INFO] [VERIFICATION] Starting task verification...
2025-07-23 16:01:08,460 [INFO] [VERIFY] Saved verification image: /Users/yuanda/Documents/embodied_reasoner/data_engine/data/data_pickup_and_put/FloorPlan3_pickup_and_put_0/verification/final_verification.png
2025-07-23 16:01:21,356 [INFO] [VERIFY] Task verification result: SUCCESS=True, CONFIDENCE=high
2025-07-23 16:01:21,357 [INFO] [VERIFY] Reason: The tomato is clearly placed on the black plate, which is located on the countertop as intended. All elements of the task, including finding, picking up, cleaning, and placing the tomato on the plate, seem to have been completed.
2025-07-23 16:01:21,359 [INFO] [VERIFICATION] ✓ Task completed successfully! (Confidence: high)
2025-07-23 16:01:21,359 [INFO] [VERIFICATION] Reason: The tomato is clearly placed on the black plate, which is located on the countertop as intended. All elements of the task, including finding, picking up, cleaning, and placing the tomato on the plate, seem to have been completed.
2025-07-23 16:01:21,362 [INFO] [VERIFICATION] Verification result saved to: /Users/yuanda/Documents/embodied_reasoner/data_engine/data/data_pickup_and_put/FloorPlan3_pickup_and_put_0/verification_result.json
2025-07-23 16:01:21,363 [INFO] [VERIFICATION] Task completed successfully, exiting retry loop.
2025-07-23 16:01:21,432 [INFO] [TASK COMPLETE] Finished task test_001: put tomato on plate
2025-07-23 16:01:21,432 [INFO] All tasks completed successfully!
2025-07-23 16:01:21,433 [INFO] Error paths saved to: ./wrong_generte_path_list.json
2025-07-23 16:17:02,235 [INFO] metadata_path: /Users/yuanda/Documents/embodied_reasoner/data_engine/taskgenerate/kitchens/FloorPlan3/metadata.json
2025-07-23 16:17:02,238 [INFO] Task configuration - USE_TEST_TASKS: True, TEST_TASK_ID: test_001, RUN_ALL_TEST_TASKS: False
2025-07-23 16:17:02,238 [INFO] Looking for test task: test_001
2025-07-23 16:17:02,238 [INFO] Loaded 15 test tasks from /Users/yuanda/Documents/embodied_reasoner/data_engine/test_tasks.json
2025-07-23 16:17:02,239 [INFO] Test task search result: True
2025-07-23 16:17:02,239 [INFO] Will run test task: test_001
2025-07-23 16:17:02,239 [INFO] 

*********************************************************************
2025-07-23 16:17:02,239 [INFO] Running Task ID: test_001
2025-07-23 16:17:02,239 [INFO] Scene:FloorPlan3 Task_Type: pickup_and_put Task: put tomato on plate
2025-07-23 16:17:02,239 [INFO] *********************************************************************

2025-07-23 16:17:02,240 [INFO] taskname: put tomato on plate
2025-07-23 16:17:10,109 [INFO] Initialize return: {'cameraNearPlane': 0.009999999776482582, 'cameraFarPlane': 20.0}
2025-07-23 16:17:10,232 [INFO] Initialization succeeded
2025-07-23 16:17:10,233 [INFO] [ATTEMPT 1/3] Starting task attempt
2025-07-23 16:17:10,296 [WARNING] [RESET] Failed to reset robot position on attempt 1
2025-07-23 16:17:43,040 [INFO] [OBSERVATION] <Observation>
I see a wooden countertop in front of me, with a sink and faucet on the right side. There are various kitchen items on the counter, including a toaster, a kettle, and some vegetables. Above the counter, there are shelves with bottles and wine glasses. A window is visible in the background, letting in natural light. Below the counter, there are cabinets and drawers. The floor appears to be wooden, matching the ceiling. The overall setup suggests a well-organized kitchen space.
</Observation>
2025-07-23 16:18:08,092 [INFO] [INITIAL TASK PLANNING] ['Locate the tomato on the countertop or nearby area.', 'Pick up the tomato.', 'Find a plate on the countertop or nearby area.', 'Place the tomato on the plate.']
2025-07-23 16:18:11,866 [INFO] [GENERAL QUESTION] Are there any specific requirements or considerations for the type of tomato or the plate to be used? For example, should the tomato be whole or sliced, and should the plate be a specific size, material, or color?
2025-07-23 16:18:11,867 [INFO] [ROBOT QUESTION] Are there any specific requirements or considerations for the type of tomato or the plate to be used? For example, should the tomato be whole or sliced, and should the plate be a specific size, material, or color?. User Response: cut tomato before put on the plate..
2025-07-23 16:18:11,868 [INFO] [RE-PLANNING BASED ON USER RESPONSE]
2025-07-23 16:18:16,327 [INFO] REPLAN?: True
2025-07-23 16:18:16,330 [INFO] Reason: The user's response indicates that the tomato should be cut before placing it on the plate. This introduces a new step in the task that was not originally accounted for in the plan. To align with the user's requirements, the plan must be updated to include cutting the tomato as part of the process. Therefore, replanning is necessary to ensure the task is executed correctly.
2025-07-23 16:18:31,118 [INFO] [REPLAN] Old subgoals: ['Locate the tomato on the countertop or nearby area.', 'Pick up the tomato.', 'Find a plate on the countertop or nearby area.', 'Place the tomato on the plate.']
2025-07-23 16:18:31,125 [INFO] [REPLAN] New subgoals: ['Locate the tomato on the countertop or nearby area.', 'Pick up the tomato.', 'Locate a knife on the countertop or nearby area.', 'Cut the tomato using the knife.', 'Find a plate on the countertop or nearby area.', 'Place the tomato on the plate.']
2025-07-23 16:18:49,056 [INFO] [DECISIONS] Generated 6 unique actions from 6 total actions
2025-07-23 16:18:49,058 [INFO] [SUBTASKS WITH DECISION] [{'action': 'search', 'objectType': 'tomato', 'targetObject': None, 'decisionmaking': 'search tomato'}, {'action': 'pick_up', 'objectType': 'tomato', 'targetObject': None, 'decisionmaking': 'pick_up tomato'}, {'action': 'search', 'objectType': 'knife', 'targetObject': None, 'decisionmaking': 'search knife'}, {'action': 'slice', 'objectType': 'tomato', 'targetObject': 'knife', 'decisionmaking': 'slice tomato knife'}, {'action': 'search', 'objectType': 'plate', 'targetObject': None, 'decisionmaking': 'search plate'}, {'action': 'put', 'objectType': 'tomato', 'targetObject': 'plate', 'decisionmaking': 'put tomato plate'}]
2025-07-23 16:19:27,843 [INFO] [EXECUTE] search tomato
2025-07-23 16:19:32,139 [INFO] [SEARCH] Checking CounterTop
2025-07-23 16:19:34,928 [INFO] [SEARCH] Could not find visible tomato in/on CounterTop
2025-07-23 16:19:34,928 [INFO] [SEARCH] Checking Cabinet
2025-07-23 16:19:36,090 [INFO] [SEARCH] Cabinet is closed, opening for search...
2025-07-23 16:19:36,220 [INFO] [SEARCH] Successfully opened Cabinet for searching tomato
2025-07-23 16:19:36,325 [INFO] [SEARCH] Could not find visible tomato in/on Cabinet
2025-07-23 16:19:36,381 [INFO] [SEARCH] Closing Cabinet immediately (target not found)
2025-07-23 16:19:36,500 [INFO] [SEARCH] Successfully closed Cabinet
2025-07-23 16:19:36,500 [INFO] [SEARCH] Checking Fridge
2025-07-23 16:19:38,580 [INFO] [SEARCH] Fridge is closed, opening for search...
2025-07-23 16:19:38,705 [INFO] [SEARCH] Successfully opened Fridge for searching tomato
2025-07-23 16:19:38,815 [INFO] [SEARCH] Found visible tomato in/on Fridge
2025-07-23 16:19:45,249 [INFO] [EXECUTE] pick_up tomato
2025-07-23 16:19:45,459 [INFO] [DEBUG] Looking for tomato to pick_up
2025-07-23 16:19:45,460 [INFO] [DEBUG] Visible objects: ['Drawer(Drawer|+00.65|+00.60|+01.02)', 'Drawer(Drawer|+00.65|+00.85|+01.02)', 'Floor(Floor|+00.00|+00.22|-00.82)', 'Fridge(Fridge|+01.01|+00.23|+01.92)', 'SideTable(SideTable|+00.98|+00.22|+00.87)', 'Tomato(Tomato|+00.92|+01.91|+01.61)']
2025-07-23 16:19:45,460 [INFO] [DEBUG] Selected first matching tomato (ID: Tomato|+00.92|+01.91|+01.61)
2025-07-23 16:19:45,460 [INFO] [DEBUG] Final selected object: Tomato (ID: Tomato|+00.92|+01.91|+01.61)
2025-07-23 16:19:45,461 [INFO] [EXECUTE] Executing pick_up on tomato (ID: Tomato|+00.92|+01.91|+01.61)
2025-07-23 16:19:45,876 [INFO] [SUCCESS] pick_up on tomato completed successfully
2025-07-23 16:19:45,877 [INFO] [DEBUG] Recorded recent interaction: tomato -> Tomato|+00.92|+01.91|+01.61
2025-07-23 16:19:45,877 [INFO] [SEARCH CLEANUP] Closing 1 containers that were opened for search
2025-07-23 16:19:45,951 [INFO] [SEARCH CLEANUP] Closing Fridge (ID: Fridge|+01.01|+00.23|+01.92)
2025-07-23 16:19:46,501 [INFO] [SEARCH CLEANUP] Successfully closed Fridge
2025-07-23 16:20:13,656 [INFO] [EXECUTE] search knife
2025-07-23 16:20:18,275 [INFO] [SEARCH] Checking Knife
2025-07-23 16:20:19,900 [INFO] [SEARCH] Found visible knife in/on Knife
2025-07-23 16:20:32,314 [INFO] [EXECUTE] slice tomato knife
2025-07-23 16:20:32,636 [INFO] [DEBUG] Looking for tomato to slice
2025-07-23 16:20:32,636 [INFO] [DEBUG] Visible objects: ['Cabinet(Cabinet|+00.58|+00.78|-02.05)', 'CoffeeMachine(CoffeeMachine|+01.13|+01.31|-01.43)', 'CounterTop(CounterTop|-01.81|+01.36|+01.18)', 'Floor(Floor|+00.00|+00.22|-00.82)', 'Fork(Fork|+00.62|+01.31|-02.48)', 'Knife(Knife|+00.72|+01.32|-02.20)', 'LightSwitch(LightSwitch|+01.39|+01.57|-00.66)', 'Microwave(Microwave|+00.99|+01.31|-02.16)', 'PepperShaker(PepperShaker|+00.47|+01.31|-03.00)', 'SaltShaker(SaltShaker|+00.33|+01.31|-02.83)', 'Spoon(Spoon|+00.61|+01.32|-02.36)', 'Stool(Stool|+00.61|+00.22|-01.08)', 'Tomato(Tomato|+00.92|+01.91|+01.61)', 'WineBottle(WineBottle|+00.96|+01.31|-01.01)']
2025-07-23 16:20:32,637 [INFO] [DEBUG] Found recently interacted tomato (ID: Tomato|+00.92|+01.91|+01.61)
2025-07-23 16:20:32,637 [INFO] [DEBUG] Using recently interacted tomato for slice
2025-07-23 16:20:32,637 [INFO] [DEBUG] Final selected object: Tomato (ID: Tomato|+00.92|+01.91|+01.61)
2025-07-23 16:20:32,637 [INFO] [EXECUTE] Executing slice on tomato (ID: Tomato|+00.92|+01.91|+01.61)
2025-07-23 16:20:32,801 [ERROR] [ERROR] Interact type slice is not defined., try again.
2025-07-23 16:20:32,811 [INFO] [ATTEMPT 2/3] Starting task attempt
2025-07-23 16:20:32,884 [WARNING] [RESET] Failed to reset robot position on attempt 2
2025-07-23 16:20:32,946 [INFO] [RESET] Dropping held object: Tomato|+00.92|+01.91|+01.61
2025-07-23 17:33:39,900 [INFO] metadata_path: /Users/yuanda/Documents/embodied_reasoner/data_engine/taskgenerate/kitchens/FloorPlan3/metadata.json
2025-07-23 17:33:39,903 [INFO] Task configuration - USE_TEST_TASKS: True, TEST_TASK_ID: test_001, RUN_ALL_TEST_TASKS: False
2025-07-23 17:33:39,903 [INFO] Looking for test task: test_001
2025-07-23 17:33:39,904 [INFO] Loaded 15 test tasks from /Users/yuanda/Documents/embodied_reasoner/data_engine/test_tasks.json
2025-07-23 17:33:39,904 [INFO] Test task search result: True
2025-07-23 17:33:39,904 [INFO] Will run test task: test_001
2025-07-23 17:33:39,905 [INFO] 

*********************************************************************
2025-07-23 17:33:39,905 [INFO] Running Task ID: test_001
2025-07-23 17:33:39,905 [INFO] Scene:FloorPlan3 Task_Type: pickup_and_put Task: put tomato on plate
2025-07-23 17:33:39,905 [INFO] *********************************************************************

2025-07-23 17:33:39,905 [INFO] taskname: put tomato on plate
2025-07-23 17:33:47,819 [INFO] Initialize return: {'cameraNearPlane': 0.009999999776482582, 'cameraFarPlane': 20.0}
2025-07-23 17:33:47,941 [INFO] Initialization succeeded
2025-07-23 17:33:47,942 [INFO] [ATTEMPT 1/3] Starting task attempt
2025-07-23 17:33:48,020 [WARNING] [RESET] Failed to reset robot position on attempt 1
2025-07-23 17:34:14,927 [INFO] [OBSERVATION] <Observation>
In the room, I observe a wooden countertop with various objects placed on it, including a toaster, a pot, a kettle, a sink basin with vegetables, and a knife. There is a window in the background, allowing natural light to enter the room. Above the counter, there are open shelves holding wine bottles and cups. A hanging rack with wine glasses is also visible. The room features a cabinet with drawers and a stove with visible knobs and burners. A faucet is present above the sink, and a houseplant adds a touch of greenery to the space. The overall layout suggests a kitchen or dining area.
</Observation>
2025-07-23 17:35:36,659 [INFO] [INITIAL TASK PLANNING] ['Find the tomato in the sink basin', 'Wash the tomato thoroughly', 'Find the plate on the countertop or another location', 'Pick up the tomato', 'Pick up the plate', 'Place the plate on the countertop', 'Put the tomato on the plate']
2025-07-23 17:35:39,247 [INFO] [GENERAL QUESTION] Are there any specific instructions or preferences regarding the placement of the tomato on the plate, such as orientation, portion size, or additional garnishes?
2025-07-23 17:35:59,890 [INFO] [ROBOT QUESTION] Are there any specific instructions or preferences regarding the placement of the tomato on the plate, such as orientation, portion size, or additional garnishes?. User Response: clean tomato before put on the plate.
2025-07-23 17:35:59,892 [INFO] [RE-PLANNING BASED ON USER RESPONSE]
2025-07-23 17:36:02,885 [INFO] REPLAN?: False
2025-07-23 17:36:02,886 [INFO] Reason: The user's response aligns with the current plan, as the task already includes washing the tomato thoroughly before placing it on the plate. There is no need to replan the task.
2025-07-23 17:36:02,886 [INFO] [NO REPLAN NEEDED] Reason: The user's response aligns with the current plan, as the task already includes washing the tomato thoroughly before placing it on the plate. There is no need to replan the task.
2025-07-23 17:36:20,438 [INFO] [HIGH-LEVEL] Decomposing wash tomato
2025-07-23 17:36:34,723 [INFO] [DECOMPOSE] wash tomato -> 8 atomic actions
2025-07-23 17:36:34,724 [INFO]   1. search sink
2025-07-23 17:36:34,724 [INFO]   2. navigate sink
2025-07-23 17:36:34,724 [INFO]   3. search tomato
2025-07-23 17:36:34,724 [INFO]   4. pick_up tomato
2025-07-23 17:36:34,724 [INFO]   5. put tomato sink
2025-07-23 17:36:34,725 [INFO]   6. toggle_on faucet
2025-07-23 17:36:34,725 [INFO]   7. clean tomato
2025-07-23 17:36:34,725 [INFO]   8. toggle_off faucet
2025-07-23 17:36:34,726 [INFO] [DECISIONS] Generated 12 unique actions from 7 total actions
2025-07-23 17:36:34,727 [INFO] [SUBTASKS WITH DECISION] [{'action': 'search', 'objectType': 'tomato', 'targetObject': 'sink', 'decisionmaking': 'search tomato sink'}, {'action': 'search', 'objectType': 'sink', 'targetObject': None, 'decisionmaking': 'search sink'}, {'action': 'navigate', 'objectType': 'sink', 'targetObject': None, 'decisionmaking': 'navigate sink'}, {'action': 'pick_up', 'objectType': 'tomato', 'targetObject': None, 'decisionmaking': 'pick_up tomato'}, {'action': 'put', 'objectType': 'tomato', 'targetObject': 'sink', 'decisionmaking': 'put tomato sink'}, {'action': 'toggle_on', 'objectType': 'faucet', 'targetObject': None, 'decisionmaking': 'toggle_on faucet'}, {'action': 'clean', 'objectType': 'tomato', 'targetObject': None, 'decisionmaking': 'clean tomato'}, {'action': 'toggle_off', 'objectType': 'faucet', 'targetObject': None, 'decisionmaking': 'toggle_off faucet'}, {'action': 'search', 'objectType': 'plate', 'targetObject': 'countertop', 'decisionmaking': 'search plate countertop'}, {'action': 'pick_up', 'objectType': 'plate', 'targetObject': None, 'decisionmaking': 'pick_up plate'}, {'action': 'put', 'objectType': 'plate', 'targetObject': 'countertop', 'decisionmaking': 'put plate countertop'}, {'action': 'put', 'objectType': 'tomato', 'targetObject': 'plate', 'decisionmaking': 'put tomato plate'}]
2025-07-23 17:37:06,615 [INFO] [EXECUTE] search tomato sink
2025-07-23 17:37:09,895 [INFO] [SEARCH] Checking Cup
2025-07-23 17:37:11,585 [INFO] [SEARCH] Could not find visible tomato in/on Cup
2025-07-23 17:37:11,585 [INFO] [SEARCH] Checking CounterTop
2025-07-23 17:37:13,518 [INFO] [SEARCH] Could not find visible tomato in/on CounterTop
2025-07-23 17:37:13,519 [INFO] [SEARCH] Checking Sink
2025-07-23 17:37:15,061 [INFO] [SEARCH] Could not find visible tomato in/on Sink
2025-07-23 17:37:15,061 [INFO] [SEARCH] Checking SinkBasin
2025-07-23 17:37:16,624 [INFO] [SEARCH] Could not find visible tomato in/on SinkBasin
2025-07-23 17:37:16,624 [INFO] [SEARCH] Checking Faucet
2025-07-23 17:37:17,833 [INFO] [SEARCH] Could not find visible tomato in/on Faucet
2025-07-23 17:37:17,833 [WARNING] [SEARCH] Could not find visible tomato after checking all possible locations
2025-07-23 17:37:17,833 [ERROR] [ERROR] Search failed for tomato, stopping execution.
2025-07-23 17:37:17,833 [INFO] [VERIFICATION] Starting task verification...
2025-07-23 17:37:18,171 [INFO] [VERIFY] Saved verification image: /Users/yuanda/Documents/embodied_reasoner/data_engine/data/data_pickup_and_put/FloorPlan3_pickup_and_put_0/verification/final_verification.png
2025-07-23 17:37:37,995 [INFO] metadata_path: /Users/yuanda/Documents/embodied_reasoner/data_engine/taskgenerate/kitchens/FloorPlan3/metadata.json
2025-07-23 17:37:37,997 [INFO] Task configuration - USE_TEST_TASKS: True, TEST_TASK_ID: test_001, RUN_ALL_TEST_TASKS: False
2025-07-23 17:37:37,998 [INFO] Looking for test task: test_001
2025-07-23 17:37:37,998 [INFO] Loaded 15 test tasks from /Users/yuanda/Documents/embodied_reasoner/data_engine/test_tasks.json
2025-07-23 17:37:37,998 [INFO] Test task search result: True
2025-07-23 17:37:37,999 [INFO] Will run test task: test_001
2025-07-23 17:37:37,999 [INFO] 

*********************************************************************
2025-07-23 17:37:37,999 [INFO] Running Task ID: test_001
2025-07-23 17:37:37,999 [INFO] Scene:FloorPlan3 Task_Type: pickup_and_put Task: put tomato on plate
2025-07-23 17:37:37,999 [INFO] *********************************************************************

2025-07-23 17:37:37,999 [INFO] taskname: put tomato on plate
2025-07-23 17:37:44,745 [INFO] Initialize return: {'cameraNearPlane': 0.009999999776482582, 'cameraFarPlane': 20.0}
2025-07-23 17:37:44,959 [INFO] Initialization succeeded
2025-07-23 17:37:44,961 [INFO] [ATTEMPT 1/3] Starting task attempt
2025-07-23 17:37:45,029 [WARNING] [RESET] Failed to reset robot position on attempt 1
2025-07-23 17:38:01,979 [INFO] [OBSERVATION] <Observation>
In the room, I can see a wooden cabinet with multiple drawers and a countertop. On the countertop, there is a sink with a faucet, a knife, a pot, a toaster, a kettle, and a bowl. There are also a few bottles and a plant on the shelves above the countertop. A window is visible on the wall, allowing natural light to enter the room. The stove has a burner with a red indicator light. No other objects from the specified categories are visible in the current view.
</Observation>
2025-07-23 17:38:42,066 [INFO] [INITIAL TASK PLANNING] ['Find the tomato', 'Pick up the tomato', 'Find the plate', 'Put the tomato on the plate', 'Find the tomato', 'Pick up the tomato', 'Find the plate', 'Put the tomato on the plate', 'Find the tomato', 'Pick up the tomato', 'Find the plate', 'Put the tomato on the plate']
2025-07-23 17:38:48,289 [INFO] [GENERAL QUESTION] Is the task intended to place multiple tomatoes on the same plate, or should the plan include checking if the plate is already occupied before adding more tomatoes?
2025-07-23 17:38:58,936 [INFO] [ROBOT QUESTION] Is the task intended to place multiple tomatoes on the same plate, or should the plan include checking if the plate is already occupied before adding more tomatoes?. User Response: clean tomato before put on.
2025-07-23 17:38:58,939 [INFO] [RE-PLANNING BASED ON USER RESPONSE]
2025-07-23 17:39:04,170 [INFO] REPLAN?: True
2025-07-23 17:39:04,171 [INFO] Reason: The user's response indicates that the task should include cleaning the tomato before placing it on the plate. The current plan does not account for this additional step, which is necessary to align with the user's requirements. Therefore, the plan needs to be updated to include cleaning the tomato before putting it on the plate.
2025-07-23 17:39:16,814 [INFO] [REPLAN] Old subgoals: ['Find the tomato', 'Pick up the tomato', 'Find the plate', 'Put the tomato on the plate', 'Find the tomato', 'Pick up the tomato', 'Find the plate', 'Put the tomato on the plate', 'Find the tomato', 'Pick up the tomato', 'Find the plate', 'Put the tomato on the plate']
2025-07-23 17:39:16,815 [INFO] [REPLAN] New subgoals: ['Find the tomato', 'Pick up the tomato', 'Find the sink', 'Clean the tomato in the sink', 'Find the plate', 'Put the tomato on the plate']
2025-07-23 17:39:34,951 [INFO] [HIGH-LEVEL] Decomposing clean tomato
2025-07-23 17:39:50,178 [INFO] [DECOMPOSE] clean tomato -> 11 atomic actions
2025-07-23 17:39:50,180 [INFO]   1. search sink
2025-07-23 17:39:50,180 [INFO]   2. navigate sink
2025-07-23 17:39:50,180 [INFO]   3. search tomato
2025-07-23 17:39:50,180 [INFO]   4. pick_up tomato
2025-07-23 17:39:50,181 [INFO]   5. put tomato sink
2025-07-23 17:39:50,181 [INFO]   6. toggle_on faucet
2025-07-23 17:39:50,181 [INFO]   7. clean tomato
2025-07-23 17:39:50,181 [INFO]   8. toggle_off faucet
2025-07-23 17:39:50,181 [INFO]   9. search plate
2025-07-23 17:39:50,181 [INFO]   10. pick_up plate
2025-07-23 17:39:50,182 [INFO]   11. put tomato plate
2025-07-23 17:39:50,183 [INFO] [DECISIONS] Generated 13 unique actions from 8 total actions
2025-07-23 17:39:50,184 [INFO] [SUBTASKS WITH DECISION] [{'action': 'search', 'objectType': 'tomato', 'targetObject': None, 'decisionmaking': 'search tomato'}, {'action': 'pick_up', 'objectType': 'tomato', 'targetObject': None, 'decisionmaking': 'pick_up tomato'}, {'action': 'search', 'objectType': 'sink', 'targetObject': None, 'decisionmaking': 'search sink'}, {'action': 'toggle_on', 'objectType': 'sink', 'targetObject': None, 'decisionmaking': 'toggle_on sink'}, {'action': 'navigate', 'objectType': 'sink', 'targetObject': None, 'decisionmaking': 'navigate sink'}, {'action': 'put', 'objectType': 'tomato', 'targetObject': 'sink', 'decisionmaking': 'put tomato sink'}, {'action': 'toggle_on', 'objectType': 'faucet', 'targetObject': None, 'decisionmaking': 'toggle_on faucet'}, {'action': 'clean', 'objectType': 'tomato', 'targetObject': None, 'decisionmaking': 'clean tomato'}, {'action': 'toggle_off', 'objectType': 'faucet', 'targetObject': None, 'decisionmaking': 'toggle_off faucet'}, {'action': 'search', 'objectType': 'plate', 'targetObject': None, 'decisionmaking': 'search plate'}, {'action': 'pick_up', 'objectType': 'plate', 'targetObject': None, 'decisionmaking': 'pick_up plate'}, {'action': 'put', 'objectType': 'tomato', 'targetObject': 'plate', 'decisionmaking': 'put tomato plate'}, {'action': 'toggle_off', 'objectType': 'sink', 'targetObject': None, 'decisionmaking': 'toggle_off sink'}]
2025-07-23 17:40:08,324 [INFO] [EXECUTE] search tomato
2025-07-23 17:40:11,874 [INFO] [SEARCH] Checking Cabinet
2025-07-23 17:40:13,293 [INFO] [SEARCH] Cabinet is closed, opening for search...
2025-07-23 17:40:13,625 [INFO] [SEARCH] Successfully opened Cabinet for searching tomato
2025-07-23 17:40:13,741 [INFO] [SEARCH] Could not find visible tomato in/on Cabinet
2025-07-23 17:40:13,796 [INFO] [SEARCH] Closing Cabinet immediately (target not found)
2025-07-23 17:40:13,916 [INFO] [SEARCH] Successfully closed Cabinet
2025-07-23 17:40:13,916 [INFO] [SEARCH] Checking Fridge
2025-07-23 17:40:15,851 [INFO] [SEARCH] Fridge is closed, opening for search...
2025-07-23 17:40:15,974 [INFO] [SEARCH] Successfully opened Fridge for searching tomato
2025-07-23 17:40:16,085 [INFO] [SEARCH] Found visible tomato in/on Fridge
2025-07-23 17:40:19,272 [INFO] [EXECUTE] pick_up tomato
2025-07-23 17:40:19,443 [INFO] [DEBUG] Looking for tomato to pick_up
2025-07-23 17:40:19,443 [INFO] [DEBUG] Visible objects: ['Drawer(Drawer|+00.65|+00.60|+01.02)', 'Drawer(Drawer|+00.65|+00.85|+01.02)', 'Floor(Floor|+00.00|+00.22|-00.82)', 'Fridge(Fridge|+01.01|+00.23|+01.92)', 'SideTable(SideTable|+00.98|+00.22|+00.87)', 'Tomato(Tomato|+00.92|+01.91|+01.61)']
2025-07-23 17:40:19,444 [INFO] [DEBUG] Selected first matching tomato (ID: Tomato|+00.92|+01.91|+01.61)
2025-07-23 17:40:19,444 [INFO] [DEBUG] Final selected object: Tomato (ID: Tomato|+00.92|+01.91|+01.61)
2025-07-23 17:40:19,444 [INFO] [EXECUTE] Executing pick_up on tomato (ID: Tomato|+00.92|+01.91|+01.61)
2025-07-23 17:40:19,606 [INFO] [SUCCESS] pick_up on tomato completed successfully
2025-07-23 17:40:19,606 [INFO] [DEBUG] Recorded recent interaction: tomato -> Tomato|+00.92|+01.91|+01.61
2025-07-23 17:40:19,606 [INFO] [SEARCH CLEANUP] Closing 1 containers that were opened for search
2025-07-23 17:40:19,665 [INFO] [SEARCH CLEANUP] Closing Fridge (ID: Fridge|+01.01|+00.23|+01.92)
2025-07-23 17:40:20,082 [INFO] [SEARCH CLEANUP] Successfully closed Fridge
2025-07-23 17:40:24,766 [INFO] [EXECUTE] search sink
2025-07-23 17:40:28,393 [INFO] [SEARCH] Checking Sink
2025-07-23 17:40:30,208 [INFO] [SEARCH] Found visible sink in/on Sink
2025-07-23 17:40:36,247 [INFO] [EXECUTE] toggle_on sink
2025-07-23 17:40:36,467 [INFO] [DEBUG] Looking for sink to toggle_on
2025-07-23 17:40:36,467 [INFO] [DEBUG] Visible objects: ['Apple(Apple|-01.75|+01.37|-01.16)', 'Bowl(Bowl|-01.82|+01.31|+00.27)', 'Bread(Bread|-01.51|+01.38|+00.66)', 'Cabinet(Cabinet|-01.46|+00.78|-02.00)', 'Cabinet(Cabinet|-01.46|+00.78|+00.47)', 'Cabinet(Cabinet|-01.46|+00.78|+01.31)', 'CounterTop(CounterTop|-01.81|+01.36|+01.18)', 'DishSponge(DishSponge|-02.05|+01.33|-00.96)', 'Drawer(Drawer|-01.61|+00.68|-01.22)', 'Drawer(Drawer|-01.61|+00.68|-00.43)', 'Egg(Egg|-01.57|+01.36|-01.05)', 'Faucet(Faucet|-02.13|+01.32|-00.81)', 'Floor(Floor|+00.00|+00.22|-00.82)', 'HousePlant(HousePlant|-02.03|+01.31|-00.03)', 'Lettuce(Lettuce|-01.89|+01.40|-01.07)', 'Mug(Mug|-01.97|+01.04|-00.43)', 'PaperTowelRoll(PaperTowelRoll|-02.04|+01.42|-01.90)', 'Plate(Plate|-01.47|+01.31|+00.24)', 'Pot(Pot|-01.58|+01.31|-01.58)', 'Potato(Potato|-01.61|+01.36|-01.24)', 'Sink(Sink|-01.99|+01.14|-00.98)', 'SinkBasin(Sink|-01.99|+01.14|-00.98|SinkBasin)', 'SoapBottle(SoapBottle|-01.79|+01.31|-00.10)', 'Toaster(Toaster|-01.89|+01.31|-02.51)', 'Tomato(Tomato|+00.92|+01.91|+01.61)', 'Window(Window|-02.57|+01.80|-00.82)']
2025-07-23 17:40:36,468 [INFO] [DEBUG] Selected first matching sink (ID: Sink|-01.99|+01.14|-00.98)
2025-07-23 17:40:36,468 [INFO] [DEBUG] Final selected object: Sink (ID: Sink|-01.99|+01.14|-00.98)
2025-07-23 17:40:36,468 [INFO] [EXECUTE] Executing toggle_on on sink (ID: Sink|-01.99|+01.14|-00.98)
2025-07-23 17:40:36,721 [INFO] [SUCCESS] toggle_on on sink completed successfully
2025-07-23 17:40:36,722 [INFO] [DEBUG] Recorded recent interaction: sink -> Sink|-01.99|+01.14|-00.98
2025-07-23 17:40:45,424 [INFO] [EXECUTE] navigate sink
2025-07-23 17:40:49,076 [INFO] [EXECUTE] put tomato sink
2025-07-23 17:40:50,668 [INFO] [EXECUTE] Putting Tomato on/in Sink
2025-07-23 17:40:50,969 [INFO] [SUCCESS] Put action completed successfully
2025-07-23 17:40:54,649 [INFO] [EXECUTE] toggle_on faucet
2025-07-23 17:40:54,823 [INFO] [DEBUG] Looking for faucet to toggle_on
2025-07-23 17:40:54,824 [INFO] [DEBUG] Visible objects: ['Apple(Apple|-01.75|+01.37|-01.16)', 'Bowl(Bowl|-01.82|+01.31|+00.27)', 'Bread(Bread|-01.51|+01.38|+00.66)', 'Cabinet(Cabinet|-01.46|+00.78|-02.00)', 'Cabinet(Cabinet|-01.46|+00.78|+00.47)', 'Cabinet(Cabinet|-01.46|+00.78|+01.31)', 'CounterTop(CounterTop|-01.81|+01.36|+01.18)', 'DishSponge(DishSponge|-02.05|+01.33|-00.96)', 'Drawer(Drawer|-01.61|+00.68|-01.22)', 'Drawer(Drawer|-01.61|+00.68|-00.43)', 'Egg(Egg|-01.57|+01.36|-01.05)', 'Faucet(Faucet|-02.13|+01.32|-00.81)', 'Floor(Floor|+00.00|+00.22|-00.82)', 'HousePlant(HousePlant|-02.03|+01.31|-00.03)', 'Lettuce(Lettuce|-01.89|+01.40|-01.07)', 'Mug(Mug|-01.97|+01.04|-00.43)', 'PaperTowelRoll(PaperTowelRoll|-02.04|+01.42|-01.90)', 'Plate(Plate|-01.47|+01.31|+00.24)', 'Pot(Pot|-01.58|+01.31|-01.58)', 'Potato(Potato|-01.61|+01.36|-01.24)', 'Sink(Sink|-01.99|+01.14|-00.98)', 'SinkBasin(Sink|-01.99|+01.14|-00.98|SinkBasin)', 'SoapBottle(SoapBottle|-01.79|+01.31|-00.10)', 'Toaster(Toaster|-01.89|+01.31|-02.51)', 'Tomato(Tomato|+00.92|+01.91|+01.61)', 'Window(Window|-02.57|+01.80|-00.82)']
2025-07-23 17:40:54,824 [INFO] [DEBUG] Selected first matching faucet (ID: Faucet|-02.13|+01.32|-00.81)
2025-07-23 17:40:54,824 [INFO] [DEBUG] Final selected object: Faucet (ID: Faucet|-02.13|+01.32|-00.81)
2025-07-23 17:40:54,824 [INFO] [EXECUTE] Executing toggle_on on faucet (ID: Faucet|-02.13|+01.32|-00.81)
2025-07-23 17:40:54,995 [INFO] [SUCCESS] toggle_on on faucet completed successfully
2025-07-23 17:40:54,995 [INFO] [DEBUG] Recorded recent interaction: faucet -> Faucet|-02.13|+01.32|-00.81
2025-07-23 17:41:02,461 [INFO] [EXECUTE] clean tomato
2025-07-23 17:41:02,626 [INFO] [DEBUG] Looking for tomato to clean
2025-07-23 17:41:02,626 [INFO] [DEBUG] Visible objects: ['Apple(Apple|-01.75|+01.37|-01.16)', 'Bowl(Bowl|-01.82|+01.31|+00.27)', 'Bread(Bread|-01.51|+01.38|+00.66)', 'Cabinet(Cabinet|-01.46|+00.78|-02.00)', 'Cabinet(Cabinet|-01.46|+00.78|+00.47)', 'Cabinet(Cabinet|-01.46|+00.78|+01.31)', 'CounterTop(CounterTop|-01.81|+01.36|+01.18)', 'DishSponge(DishSponge|-02.05|+01.33|-00.96)', 'Drawer(Drawer|-01.61|+00.68|-01.22)', 'Drawer(Drawer|-01.61|+00.68|-00.43)', 'Egg(Egg|-01.57|+01.36|-01.05)', 'Faucet(Faucet|-02.13|+01.32|-00.81)', 'Floor(Floor|+00.00|+00.22|-00.82)', 'HousePlant(HousePlant|-02.03|+01.31|-00.03)', 'Lettuce(Lettuce|-01.89|+01.40|-01.07)', 'Mug(Mug|-01.97|+01.04|-00.43)', 'PaperTowelRoll(PaperTowelRoll|-02.04|+01.42|-01.90)', 'Plate(Plate|-01.47|+01.31|+00.24)', 'Pot(Pot|-01.58|+01.31|-01.58)', 'Potato(Potato|-01.61|+01.36|-01.24)', 'Sink(Sink|-01.99|+01.14|-00.98)', 'SinkBasin(Sink|-01.99|+01.14|-00.98|SinkBasin)', 'SoapBottle(SoapBottle|-01.79|+01.31|-00.10)', 'Toaster(Toaster|-01.89|+01.31|-02.51)', 'Tomato(Tomato|+00.92|+01.91|+01.61)', 'Window(Window|-02.57|+01.80|-00.82)']
2025-07-23 17:41:02,627 [INFO] [DEBUG] Found recently interacted tomato (ID: Tomato|+00.92|+01.91|+01.61)
2025-07-23 17:41:02,627 [INFO] [DEBUG] Using recently interacted tomato for clean
2025-07-23 17:41:02,627 [INFO] [DEBUG] Final selected object: Tomato (ID: Tomato|+00.92|+01.91|+01.61)
2025-07-23 17:41:02,628 [INFO] [EXECUTE] Executing clean on tomato (ID: Tomato|+00.92|+01.91|+01.61)
2025-07-23 17:41:02,742 [INFO] [SUCCESS] clean on tomato completed successfully
2025-07-23 17:41:02,742 [INFO] [DEBUG] Recorded recent interaction: tomato -> Tomato|+00.92|+01.91|+01.61
2025-07-23 17:41:14,104 [INFO] [EXECUTE] toggle_off faucet
2025-07-23 17:41:14,349 [INFO] [DEBUG] Looking for faucet to toggle_off
2025-07-23 17:41:14,349 [INFO] [DEBUG] Visible objects: ['Apple(Apple|-01.75|+01.37|-01.16)', 'Bowl(Bowl|-01.82|+01.31|+00.27)', 'Bread(Bread|-01.51|+01.38|+00.66)', 'Cabinet(Cabinet|-01.46|+00.78|-02.00)', 'Cabinet(Cabinet|-01.46|+00.78|+00.47)', 'Cabinet(Cabinet|-01.46|+00.78|+01.31)', 'CounterTop(CounterTop|-01.81|+01.36|+01.18)', 'DishSponge(DishSponge|-02.05|+01.33|-00.96)', 'Drawer(Drawer|-01.61|+00.68|-01.22)', 'Drawer(Drawer|-01.61|+00.68|-00.43)', 'Egg(Egg|-01.57|+01.36|-01.05)', 'Faucet(Faucet|-02.13|+01.32|-00.81)', 'Floor(Floor|+00.00|+00.22|-00.82)', 'HousePlant(HousePlant|-02.03|+01.31|-00.03)', 'Lettuce(Lettuce|-01.89|+01.40|-01.07)', 'Mug(Mug|-01.97|+01.04|-00.43)', 'PaperTowelRoll(PaperTowelRoll|-02.04|+01.42|-01.90)', 'Plate(Plate|-01.47|+01.31|+00.24)', 'Pot(Pot|-01.58|+01.31|-01.58)', 'Potato(Potato|-01.61|+01.36|-01.24)', 'Sink(Sink|-01.99|+01.14|-00.98)', 'SinkBasin(Sink|-01.99|+01.14|-00.98|SinkBasin)', 'SoapBottle(SoapBottle|-01.79|+01.31|-00.10)', 'Toaster(Toaster|-01.89|+01.31|-02.51)', 'Tomato(Tomato|+00.92|+01.91|+01.61)', 'Window(Window|-02.57|+01.80|-00.82)']
2025-07-23 17:41:14,349 [INFO] [DEBUG] Found recently interacted faucet (ID: Faucet|-02.13|+01.32|-00.81)
2025-07-23 17:41:14,350 [INFO] [DEBUG] Using recently interacted faucet for toggle_off
2025-07-23 17:41:14,350 [INFO] [DEBUG] Final selected object: Faucet (ID: Faucet|-02.13|+01.32|-00.81)
2025-07-23 17:41:14,350 [INFO] [EXECUTE] Executing toggle_off on faucet (ID: Faucet|-02.13|+01.32|-00.81)
2025-07-23 17:41:14,496 [INFO] [SUCCESS] toggle_off on faucet completed successfully
2025-07-23 17:41:14,496 [INFO] [DEBUG] Recorded recent interaction: faucet -> Faucet|-02.13|+01.32|-00.81
2025-07-23 17:41:22,245 [INFO] [EXECUTE] search plate
2025-07-23 17:41:22,475 [INFO] [SEARCH] Found visible plate in current view
2025-07-23 17:41:36,041 [INFO] [EXECUTE] pick_up plate
2025-07-23 17:41:36,276 [INFO] [DEBUG] Looking for plate to pick_up
2025-07-23 17:41:36,276 [INFO] [DEBUG] Visible objects: ['Apple(Apple|-01.75|+01.37|-01.16)', 'Bowl(Bowl|-01.82|+01.31|+00.27)', 'Bread(Bread|-01.51|+01.38|+00.66)', 'Cabinet(Cabinet|-01.46|+00.78|-02.00)', 'Cabinet(Cabinet|-01.46|+00.78|+00.47)', 'Cabinet(Cabinet|-01.46|+00.78|+01.31)', 'CounterTop(CounterTop|-01.81|+01.36|+01.18)', 'DishSponge(DishSponge|-02.05|+01.33|-00.96)', 'Drawer(Drawer|-01.61|+00.68|-01.22)', 'Drawer(Drawer|-01.61|+00.68|-00.43)', 'Egg(Egg|-01.57|+01.36|-01.05)', 'Faucet(Faucet|-02.13|+01.32|-00.81)', 'Floor(Floor|+00.00|+00.22|-00.82)', 'HousePlant(HousePlant|-02.03|+01.31|-00.03)', 'Lettuce(Lettuce|-01.89|+01.40|-01.07)', 'Mug(Mug|-01.97|+01.04|-00.43)', 'PaperTowelRoll(PaperTowelRoll|-02.04|+01.42|-01.90)', 'Plate(Plate|-01.47|+01.31|+00.24)', 'Pot(Pot|-01.58|+01.31|-01.58)', 'Potato(Potato|-01.61|+01.36|-01.24)', 'Sink(Sink|-01.99|+01.14|-00.98)', 'SinkBasin(Sink|-01.99|+01.14|-00.98|SinkBasin)', 'SoapBottle(SoapBottle|-01.79|+01.31|-00.10)', 'Toaster(Toaster|-01.89|+01.31|-02.51)', 'Tomato(Tomato|+00.92|+01.91|+01.61)', 'Window(Window|-02.57|+01.80|-00.82)']
2025-07-23 17:41:36,276 [INFO] [DEBUG] Selected first matching plate (ID: Plate|-01.47|+01.31|+00.24)
2025-07-23 17:41:36,276 [INFO] [DEBUG] Final selected object: Plate (ID: Plate|-01.47|+01.31|+00.24)
2025-07-23 17:41:36,277 [INFO] [EXECUTE] Executing pick_up on plate (ID: Plate|-01.47|+01.31|+00.24)
2025-07-23 17:41:36,417 [INFO] [SUCCESS] pick_up on plate completed successfully
2025-07-23 17:41:36,417 [INFO] [DEBUG] Recorded recent interaction: plate -> Plate|-01.47|+01.31|+00.24
2025-07-23 17:41:41,897 [INFO] [EXECUTE] put tomato plate
2025-07-23 17:41:45,203 [INFO] [EXECUTE] Putting Plate on/in Plate
2025-07-23 17:41:45,426 [INFO] [SUCCESS] Put action completed successfully
2025-07-23 17:42:04,415 [INFO] [EXECUTE] toggle_off sink
2025-07-23 17:42:04,670 [INFO] [DEBUG] Looking for sink to toggle_off
2025-07-23 17:42:04,670 [INFO] [DEBUG] Visible objects: ['Apple(Apple|-01.75|+01.37|-01.16)', 'Bowl(Bowl|-01.82|+01.31|+00.27)', 'Bread(Bread|-01.51|+01.38|+00.66)', 'Cabinet(Cabinet|-01.46|+00.78|-02.00)', 'Cabinet(Cabinet|-01.46|+00.78|+00.47)', 'Cabinet(Cabinet|-01.46|+00.78|+01.31)', 'CounterTop(CounterTop|-01.81|+01.36|+01.18)', 'DishSponge(DishSponge|-02.05|+01.33|-00.96)', 'Drawer(Drawer|-01.61|+00.68|-01.22)', 'Drawer(Drawer|-01.61|+00.68|-00.43)', 'Egg(Egg|-01.57|+01.36|-01.05)', 'Faucet(Faucet|-02.13|+01.32|-00.81)', 'Floor(Floor|+00.00|+00.22|-00.82)', 'HousePlant(HousePlant|-02.03|+01.31|-00.03)', 'Lettuce(Lettuce|-01.89|+01.40|-01.07)', 'Mug(Mug|-01.97|+01.04|-00.43)', 'PaperTowelRoll(PaperTowelRoll|-02.04|+01.42|-01.90)', 'Plate(Plate|-01.47|+01.31|+00.24)', 'Pot(Pot|-01.58|+01.31|-01.58)', 'Potato(Potato|-01.61|+01.36|-01.24)', 'Sink(Sink|-01.99|+01.14|-00.98)', 'SinkBasin(Sink|-01.99|+01.14|-00.98|SinkBasin)', 'SoapBottle(SoapBottle|-01.79|+01.31|-00.10)', 'Toaster(Toaster|-01.89|+01.31|-02.51)', 'Tomato(Tomato|+00.92|+01.91|+01.61)', 'Window(Window|-02.57|+01.80|-00.82)']
2025-07-23 17:42:04,671 [INFO] [DEBUG] Found recently interacted sink (ID: Sink|-01.99|+01.14|-00.98)
2025-07-23 17:42:04,671 [INFO] [DEBUG] Using recently interacted sink for toggle_off
2025-07-23 17:42:04,671 [INFO] [DEBUG] Final selected object: Sink (ID: Sink|-01.99|+01.14|-00.98)
2025-07-23 17:42:04,671 [INFO] [EXECUTE] Executing toggle_off on sink (ID: Sink|-01.99|+01.14|-00.98)
2025-07-23 17:42:04,955 [INFO] [SUCCESS] toggle_off on sink completed successfully
2025-07-23 17:42:04,955 [INFO] [DEBUG] Recorded recent interaction: sink -> Sink|-01.99|+01.14|-00.98
2025-07-23 17:42:05,020 [INFO] [VERIFICATION] Starting task verification...
2025-07-23 17:42:05,313 [INFO] [VERIFY] Saved verification image: /Users/yuanda/Documents/embodied_reasoner/data_engine/data/data_pickup_and_put/FloorPlan3_pickup_and_put_0/verification/final_verification.png
2025-07-23 17:42:56,774 [INFO] metadata_path: /Users/yuanda/Documents/embodied_reasoner/data_engine/taskgenerate/kitchens/FloorPlan3/metadata.json
2025-07-23 17:42:56,776 [INFO] Task configuration - USE_TEST_TASKS: True, TEST_TASK_ID: test_001, RUN_ALL_TEST_TASKS: False
2025-07-23 17:42:56,777 [INFO] Looking for test task: test_001
2025-07-23 17:42:56,777 [INFO] Loaded 15 test tasks from /Users/yuanda/Documents/embodied_reasoner/data_engine/test_tasks.json
2025-07-23 17:42:56,777 [INFO] Test task search result: True
2025-07-23 17:42:56,777 [INFO] Will run test task: test_001
2025-07-23 17:42:56,778 [INFO] 

*********************************************************************
2025-07-23 17:42:56,778 [INFO] Running Task ID: test_001
2025-07-23 17:42:56,778 [INFO] Scene:FloorPlan3 Task_Type: pickup_and_put Task: put tomato on plate
2025-07-23 17:42:56,778 [INFO] *********************************************************************

2025-07-23 17:42:56,778 [INFO] taskname: put tomato on plate
2025-07-23 17:43:04,071 [INFO] Initialize return: {'cameraNearPlane': 0.009999999776482582, 'cameraFarPlane': 20.0}
2025-07-23 17:43:04,205 [INFO] Initialization succeeded
2025-07-23 17:43:04,205 [INFO] [ATTEMPT 1/3] Starting task attempt
2025-07-23 17:43:04,268 [WARNING] [RESET] Failed to reset robot position on attempt 1
2025-07-23 17:43:21,094 [INFO] [OBSERVATION] <Observation> I see a kitchen with a wooden countertop and cabinets. There is a sink with a faucet, and a pot sits on the stove. To the right of the stove, there are various items including a toaster, a kettle, and some fruits. Above the countertop, there are shelves holding wine bottles and other kitchen essentials. There is a window in the background, allowing natural light to enter the room. On the countertop, there are a few knives and a bread loaf. The overall setup suggests a functional and organized kitchen space. </Observation>
2025-07-23 18:28:38,989 [INFO] metadata_path: /Users/yuanda/Documents/embodied_reasoner/data_engine/taskgenerate/kitchens/FloorPlan3/metadata.json
2025-07-23 18:28:38,993 [INFO] Task configuration - USE_TEST_TASKS: True, TEST_TASK_ID: test_001, RUN_ALL_TEST_TASKS: False
2025-07-23 18:28:38,994 [INFO] Looking for test task: test_001
2025-07-23 18:28:38,995 [INFO] Loaded 15 test tasks from /Users/yuanda/Documents/embodied_reasoner/data_engine/test_tasks.json
2025-07-23 18:28:38,995 [INFO] Test task search result: True
2025-07-23 18:28:38,996 [INFO] Will run test task: test_001
2025-07-23 18:28:38,996 [INFO] 

*********************************************************************
2025-07-23 18:28:38,996 [INFO] Running Task ID: test_001
2025-07-23 18:28:38,996 [INFO] Scene:FloorPlan3 Task_Type: pickup_and_put Task: put tomato on plate
2025-07-23 18:28:38,997 [INFO] *********************************************************************

2025-07-23 18:28:38,997 [INFO] taskname: put tomato on plate
2025-07-23 18:28:46,273 [INFO] Initialize return: {'cameraNearPlane': 0.009999999776482582, 'cameraFarPlane': 20.0}
2025-07-23 18:28:46,381 [INFO] Initialization succeeded
2025-07-23 18:28:46,382 [INFO] [ATTEMPT 1/3] Starting task attempt
2025-07-23 18:28:46,446 [WARNING] [RESET] Failed to reset robot position on attempt 1
2025-07-23 18:29:16,334 [INFO] [OBSERVATION] <Observation>
I see a kitchen scene. There is a stove with a burner in the foreground, and a pan is placed on it. The stove has a knob nearby. A wooden cabinet is visible below the counter, and a side table with shelves holds various items, including bottles and glasses. A houseplant is situated on the countertop near the sink, which has a faucet. The sink is silver and has a basin. There is a window letting in light, and a knife is visible on the counter. A cup is present, along with a pot on the stove. No spoon, fork, salt shaker, or pepper shaker are visible. A drawer is part of the cabinet, and the countertop is wooden.
</Observation>
2025-07-23 18:29:25,378 [INFO] [INITIAL TASK PLANNING] ['Find the tomato', 'Pick up the tomato', 'Find the plate', 'Put the tomato on the plate']
2025-07-23 18:29:31,016 [INFO] [GENERAL QUESTION] Are there any specific requirements or conditions for the tomato (e.g., size, freshness, type) or the plate (e.g., material, color, shape) that need to be considered before executing the plan?
2025-07-23 18:29:51,955 [INFO] [ROBOT QUESTION] Are there any specific requirements or conditions for the tomato (e.g., size, freshness, type) or the plate (e.g., material, color, shape) that need to be considered before executing the plan?. User Response: slice tomato then put on the plate.
2025-07-23 18:29:51,958 [INFO] [RE-PLANNING BASED ON USER RESPONSE]
2025-07-23 18:30:44,500 [INFO] REPLAN?: True
2025-07-23 18:30:44,504 [INFO] Reason: The user's response indicates a change in the task requirements. Instead of simply putting the tomato on the plate, the user now wants the tomato to be sliced before it is placed on the plate. This addition to the task requires a new step in the plan: slicing the tomato. Therefore, the current plan needs to be updated to include this new instruction. The revised plan should reflect the user's request for slicing the tomato before placing it on the plate.<|endoftext|><|im_start|>
2025-07-23 18:30:56,006 [INFO] [REPLAN] Old subgoals: ['Find the tomato', 'Pick up the tomato', 'Find the plate', 'Put the tomato on the plate']
2025-07-23 18:30:56,007 [INFO] [REPLAN] New subgoals: ['Find the tomato', 'Pick up the tomato', 'Find a knife', 'Slice the tomato using the knife', 'Find the plate', 'Put the sliced tomato on the plate']
2025-07-23 18:33:11,227 [INFO] [DECISIONS] Generated 6 unique actions from 6 total actions
2025-07-23 18:33:11,229 [INFO] [SUBTASKS WITH DECISION] [{'action': 'search', 'objectType': 'tomato', 'targetObject': None, 'decisionmaking': 'search tomato'}, {'action': 'pick_up', 'objectType': 'tomato', 'targetObject': None, 'decisionmaking': 'pick_up tomato'}, {'action': 'search', 'objectType': 'knife', 'targetObject': None, 'decisionmaking': 'search knife'}, {'action': 'slice', 'objectType': 'tomato', 'targetObject': 'knife', 'decisionmaking': 'slice tomato knife'}, {'action': 'search', 'objectType': 'plate', 'targetObject': None, 'decisionmaking': 'search plate'}, {'action': 'put', 'objectType': 'tomato', 'targetObject': 'plate', 'decisionmaking': 'put tomato plate'}]
2025-07-23 18:33:42,036 [INFO] [EXECUTE] search tomato
2025-07-23 18:33:45,577 [INFO] [SEARCH] Checking Fridge
2025-07-23 18:33:48,367 [INFO] [SEARCH] Fridge is closed, opening for search...
2025-07-23 18:33:48,495 [INFO] [SEARCH] Successfully opened Fridge for searching tomato
2025-07-23 18:33:48,608 [INFO] [SEARCH] Found visible tomato in/on Fridge
2025-07-23 18:33:51,628 [INFO] [EXECUTE] pick_up tomato
2025-07-23 18:33:51,798 [INFO] [DEBUG] Looking for tomato to pick_up
2025-07-23 18:33:51,799 [INFO] [DEBUG] Visible objects: ['Drawer(Drawer|+00.65|+00.60|+01.02)', 'Drawer(Drawer|+00.65|+00.85|+01.02)', 'Floor(Floor|+00.00|+00.22|-00.82)', 'Fridge(Fridge|+01.01|+00.23|+01.92)', 'SideTable(SideTable|+00.98|+00.22|+00.87)', 'Tomato(Tomato|+00.92|+01.91|+01.61)']
2025-07-23 18:33:51,799 [INFO] [DEBUG] Selected first matching tomato (ID: Tomato|+00.92|+01.91|+01.61)
2025-07-23 18:33:51,799 [INFO] [DEBUG] Final selected object: Tomato (ID: Tomato|+00.92|+01.91|+01.61)
2025-07-23 18:33:51,800 [INFO] [EXECUTE] Executing pick_up on tomato (ID: Tomato|+00.92|+01.91|+01.61)
2025-07-23 18:33:51,955 [INFO] [SUCCESS] pick_up on tomato completed successfully
2025-07-23 18:33:51,955 [INFO] [DEBUG] Recorded recent interaction: tomato -> Tomato|+00.92|+01.91|+01.61
2025-07-23 18:33:51,955 [INFO] [SEARCH CLEANUP] Closing 1 containers that were opened for search
2025-07-23 18:33:52,017 [INFO] [SEARCH CLEANUP] Closing Fridge (ID: Fridge|+01.01|+00.23|+01.92)
2025-07-23 18:33:52,461 [INFO] [SEARCH CLEANUP] Successfully closed Fridge
2025-07-23 18:33:55,731 [INFO] [EXECUTE] search knife
2025-07-23 18:33:59,352 [INFO] [SEARCH] Checking Knife
2025-07-23 18:34:00,675 [INFO] [SEARCH] Found visible knife in/on Knife
2025-07-23 18:34:13,688 [INFO] [EXECUTE] slice tomato knife
2025-07-23 18:34:24,812 [INFO] [DEBUG] Looking for tomato to slice
2025-07-23 18:34:29,970 [INFO] [DEBUG] Visible objects: ['Cabinet(Cabinet|+00.58|+00.78|-02.05)', 'CoffeeMachine(CoffeeMachine|+01.13|+01.31|-01.43)', 'CounterTop(CounterTop|-01.81|+01.36|+01.18)', 'Floor(Floor|+00.00|+00.22|-00.82)', 'Fork(Fork|+00.62|+01.31|-02.48)', 'Knife(Knife|+00.72|+01.32|-02.20)', 'LightSwitch(LightSwitch|+01.39|+01.57|-00.66)', 'Microwave(Microwave|+00.99|+01.31|-02.16)', 'PepperShaker(PepperShaker|+00.47|+01.31|-03.00)', 'SaltShaker(SaltShaker|+00.33|+01.31|-02.83)', 'Spoon(Spoon|+00.61|+01.32|-02.36)', 'Stool(Stool|+00.61|+00.22|-01.08)', 'Tomato(Tomato|+00.92|+01.91|+01.61)', 'WineBottle(WineBottle|+00.96|+01.31|-01.01)']
2025-07-23 18:34:44,354 [INFO] [DEBUG] Found recently interacted tomato (ID: Tomato|+00.92|+01.91|+01.61)
2025-07-23 18:34:49,429 [INFO] [DEBUG] Using recently interacted tomato for slice
2025-07-23 18:34:55,797 [INFO] [DEBUG] Final selected object: Tomato (ID: Tomato|+00.92|+01.91|+01.61)
2025-07-23 18:35:09,718 [INFO] [EXECUTE] Executing slice on tomato (ID: Tomato|+00.92|+01.91|+01.61)
2025-07-23 18:36:25,070 [INFO] [SUCCESS] slice on tomato completed successfully
2025-07-23 18:36:28,453 [INFO] [DEBUG] Recorded recent interaction: tomato -> Tomato|+00.92|+01.91|+01.61
2025-07-23 18:36:35,272 [INFO] [EXECUTE] search plate
2025-07-23 18:36:40,540 [INFO] [SEARCH] Checking CounterTop
2025-07-23 18:36:42,709 [INFO] [SEARCH] Found visible plate in/on CounterTop
2025-07-23 18:36:42,710 [INFO] [EXECUTE] put tomato plate
2025-07-23 18:36:51,792 [INFO] [EXECUTE] Putting Tomato on/in Plate
2025-07-23 18:36:52,038 [INFO] [SUCCESS] Put action completed successfully
2025-07-23 18:36:52,092 [INFO] [VERIFICATION] Starting task verification...
2025-07-23 18:36:52,404 [INFO] [VERIFY] Saved verification image: /Users/yuanda/Documents/embodied_reasoner/data_engine/data/data_pickup_and_put/FloorPlan3_pickup_and_put_0/verification/final_verification.png
2025-07-23 18:37:02,970 [INFO] [VERIFY] Task verification result: SUCCESS=False, CONFIDENCE=high
2025-07-23 18:37:02,971 [INFO] [VERIFY] Reason: The tomato is not on the plate. It is still on the countertop next to the sink, and there are no signs of it being sliced or moved to the plate.
2025-07-23 18:37:02,972 [WARNING] [VERIFICATION] ✗ Task may not be completed. (Confidence: high)
2025-07-23 18:37:02,972 [WARNING] [VERIFICATION] Reason: The tomato is not on the plate. It is still on the countertop next to the sink, and there are no signs of it being sliced or moved to the plate.
2025-07-23 18:37:02,976 [INFO] [VERIFICATION] Verification result saved to: /Users/yuanda/Documents/embodied_reasoner/data_engine/data/data_pickup_and_put/FloorPlan3_pickup_and_put_0/verification_result.json
2025-07-23 18:37:02,976 [INFO] [ATTEMPT 2/3] Starting task attempt
2025-07-23 18:37:03,250 [WARNING] [RESET] Failed to reset robot position on attempt 2
2025-07-23 18:37:03,321 [INFO] [RESET] Dropping held object: Tomato|+00.92|+01.91|+01.61
2025-07-24 15:01:33,215 [INFO] metadata_path: /Users/yuanda/Documents/embodied_reasoner/data_engine/taskgenerate/kitchens/FloorPlan3/metadata.json
2025-07-24 15:01:33,218 [INFO] Task configuration - USE_TEST_TASKS: True, TEST_TASK_ID: test_001, RUN_ALL_TEST_TASKS: False
2025-07-24 15:01:33,218 [INFO] Looking for test task: test_001
2025-07-24 15:01:33,218 [INFO] Loaded 15 test tasks from /Users/yuanda/Documents/embodied_reasoner/data_engine/test_tasks.json
2025-07-24 15:01:33,219 [INFO] Test task search result: True
2025-07-24 15:01:33,219 [INFO] Will run test task: test_001
2025-07-24 15:01:33,219 [INFO] 

*********************************************************************
2025-07-24 15:01:33,219 [INFO] Running Task ID: test_001
2025-07-24 15:01:33,219 [INFO] Scene:FloorPlan3 Task_Type: pickup_and_put Task: put tomato on plate
2025-07-24 15:01:33,219 [INFO] *********************************************************************

2025-07-24 15:01:33,220 [INFO] taskname: put tomato on plate
2025-07-24 15:01:42,178 [INFO] Initialize return: {'cameraNearPlane': 0.009999999776482582, 'cameraFarPlane': 20.0}
2025-07-24 15:01:42,348 [INFO] Initialization succeeded
2025-07-24 15:01:42,349 [INFO] [ATTEMPT 1/3] Starting task attempt
2025-07-24 15:01:42,460 [WARNING] [RESET] Failed to reset robot position on attempt 1
