2025-07-23 15:02:31,961 [INFO] metadata_path: data_engine/taskgenerate/kitchens/FloorPlan3/metadata.json
2025-07-23 15:02:31,961 [INFO] Loaded 15 test tasks from test_tasks.json
2025-07-23 15:02:31,961 [INFO] Will run test task: test_001
2025-07-23 15:02:31,962 [INFO] 

*********************************************************************
2025-07-23 15:02:31,962 [INFO] Running Task ID: test_001
2025-07-23 15:02:31,962 [INFO] Scene:FloorPlan3 Task_Type: pickup_and_put Task: put tomato on plate
2025-07-23 15:02:31,962 [INFO] *********************************************************************

2025-07-23 15:02:31,962 [INFO] taskname: put tomato on plate
2025-07-23 15:03:45,432 [INFO] metadata_path: taskgenerate/kitchens/FloorPlan3/metadata.json
2025-07-23 15:03:45,435 [INFO] Loaded 15 test tasks from test_tasks.json
2025-07-23 15:03:45,435 [INFO] Will run test task: test_001
2025-07-23 15:03:45,435 [INFO] 

*********************************************************************
2025-07-23 15:03:45,435 [INFO] Running Task ID: test_001
2025-07-23 15:03:45,435 [INFO] Scene:FloorPlan3 Task_Type: pickup_and_put Task: put tomato on plate
2025-07-23 15:03:45,435 [INFO] *********************************************************************

2025-07-23 15:03:45,435 [INFO] taskname: put tomato on plate
2025-07-23 15:03:53,522 [INFO] Initialize return: {'cameraNearPlane': 0.009999999776482582, 'cameraFarPlane': 20.0}
2025-07-23 15:03:53,636 [INFO] Initialization succeeded
2025-07-23 15:03:53,637 [INFO] [ATTEMPT 1/3] Starting task attempt
2025-07-23 15:03:53,705 [WARNING] [RESET] Failed to reset robot position on attempt 1
2025-07-23 15:04:19,269 [INFO] [OBSERVATION] <Observation>
I see a wooden countertop in front of me, which holds various kitchen items including a toaster, a kettle, a rice cooker, and a cutting board with vegetables. On the right, there is a sink with a faucet and a plant nearby. Above the counter, there are shelves with glassware, bottles, and other kitchen utensils. To the left, there is a stovetop. In the background, I notice a window letting in natural light and a shelf with cookware. The ceiling has recessed lighting. The overall setting is a well-organized, modern kitchen with a warm, wooden aesthetic.
</Observation>
2025-07-23 15:04:19,271 [ERROR] [ERROR] 'high_level_task_planning', try again.
2025-07-23 15:04:19,276 [INFO] [ATTEMPT 2/3] Starting task attempt
2025-07-23 15:04:19,727 [WARNING] [RESET] Failed to reset robot position on attempt 2
2025-07-23 15:04:32,750 [INFO] [OBSERVATION] <Observation>
In front of me, I see a wooden countertop with various objects on it. To the left, there is a stove with a black surface. On the countertop, I observe a toaster, a kettle, and a pressure cooker. In the center, there is a sink with a faucet, next to which are a cutting board with vegetables and a potted plant. To the right, there are a bottle, a bowl, and a knife. Above the countertop, shelves hold glassware, bottles, and other kitchen items. The room has a wooden ceiling with recessed lighting and a window in the background. Below the countertop, there are cabinets with black handles.
</Observation>
2025-07-23 15:04:32,752 [ERROR] [ERROR] 'high_level_task_planning', try again.
2025-07-23 15:04:32,753 [WARNING] [RETRY 2 TIMES, JUMP THE TASK]
2025-07-23 15:04:32,757 [INFO] [ATTEMPT 3/3] Starting task attempt
2025-07-23 15:04:33,019 [WARNING] [RESET] Failed to reset robot position on attempt 3
2025-07-23 15:04:43,891 [INFO] [OBSERVATION] <Observation>
I observe a modern kitchen with wooden elements. The countertop is made of wood and holds various objects including a toaster, a kettle, a pot, a cutting board with vegetables, and a bowl. To the left, there is a stove with a burner. On the wall, there are shelves with bottles and utensils, and hanging glassware above. The background features wooden paneling and a window letting in natural light. There is also a sink with a faucet, a potted plant, and some cleaning supplies near the sink. The ceiling has recessed lighting.
</Observation>
2025-07-23 15:04:43,893 [ERROR] [ERROR] 'high_level_task_planning', try again.
2025-07-23 15:19:10,371 [INFO] metadata_path: taskgenerate/kitchens/FloorPlan3/metadata.json
2025-07-23 15:19:10,374 [INFO] Task configuration - USE_TEST_TASKS: True, TEST_TASK_ID: test_001, RUN_ALL_TEST_TASKS: False
2025-07-23 15:19:10,374 [INFO] Looking for test task: test_001
2025-07-23 15:19:10,374 [INFO] Loaded 15 test tasks from test_tasks.json
2025-07-23 15:19:10,374 [INFO] Test task search result: True
2025-07-23 15:19:10,374 [INFO] Will run test task: test_001
2025-07-23 15:19:10,374 [INFO] 

*********************************************************************
2025-07-23 15:19:10,374 [INFO] Running Task ID: test_001
2025-07-23 15:19:10,374 [INFO] Scene:FloorPlan3 Task_Type: pickup_and_put Task: put tomato on plate
2025-07-23 15:19:10,374 [INFO] *********************************************************************

2025-07-23 15:19:10,374 [INFO] taskname: put tomato on plate
2025-07-23 15:19:17,822 [INFO] Initialize return: {'cameraNearPlane': 0.009999999776482582, 'cameraFarPlane': 20.0}
2025-07-23 15:19:17,930 [INFO] Initialization succeeded
2025-07-23 15:19:17,930 [INFO] [ATTEMPT 1/3] Starting task attempt
2025-07-23 15:19:17,989 [WARNING] [RESET] Failed to reset robot position on attempt 1
2025-07-23 15:19:43,542 [INFO] [OBSERVATION] <Observation>
I see a modern kitchen with wooden countertops and shelves. There is a toaster on the counter near the sink, which has a faucet. A kettle and a pressure cooker are also visible on the counter. A plant is placed near the sink, along with a bottle of hand soap and a bowl. On the wall, there are glass shelves holding bottles and a rack with wine glasses. To the left, a stove with burners is visible, and above it, there are hanging pots. The background includes a window letting in natural light and wooden cabinets below the counter. The ceiling has several recessed lights.
</Observation>
2025-07-23 15:19:43,542 [ERROR] [ERROR] 'high_level_task_planning', try again.
2025-07-23 15:19:43,544 [INFO] [ATTEMPT 2/3] Starting task attempt
2025-07-23 15:19:43,873 [WARNING] [RESET] Failed to reset robot position on attempt 2
2025-07-23 15:19:56,822 [INFO] [OBSERVATION] <Observation>
I observe a modern kitchen with a wooden countertop. In front of me, there is a stainless steel toaster and a kettle on the left side of the countertop. To the right, there is a sink with a faucet, a cutting board, and some fresh vegetables (a head of lettuce and a red onion). A potted plant sits next to the sink, adding a touch of greenery. Below the countertop, there are cabinets with black handles. Above the countertop, there are open shelves holding various bottles, glasses, and kitchen utensils. The room has a wooden ceiling with recessed lighting, and a window allows natural light to enter, revealing a bright outdoor scene.
</Observation>
2025-07-23 15:19:56,823 [ERROR] [ERROR] 'high_level_task_planning', try again.
2025-07-23 15:19:56,825 [WARNING] [RETRY 2 TIMES, JUMP THE TASK]
2025-07-23 15:19:56,828 [INFO] [ATTEMPT 3/3] Starting task attempt
2025-07-23 15:19:57,183 [WARNING] [RESET] Failed to reset robot position on attempt 3
2025-07-23 15:20:09,131 [INFO] [OBSERVATION] <Observation>
I am in a modern kitchen with a wooden theme. The room features a large wooden countertop with various kitchen appliances and utensils on it. To my left, there is a stove with a frying pan on it. On the countertop, I can see a toaster, a kettle, a coffee pot, and some fresh vegetables like tomatoes and carrots. A cutting board with a knife is also present. To my right, there is a sink with a faucet, and a potted plant sits nearby. Above, there are shelves holding bottles and glasses, and the ceiling has recessed lighting. In the background, there is a window letting in natural light. The cabinets below the countertop are dark and sleek, complementing the wooden elements.
</Observation>
2025-07-23 15:20:09,133 [ERROR] [ERROR] 'high_level_task_planning', try again.
2025-07-23 15:20:23,623 [INFO] metadata_path: taskgenerate/kitchens/FloorPlan3/metadata.json
2025-07-23 15:20:23,627 [INFO] Task configuration - USE_TEST_TASKS: True, TEST_TASK_ID: test_001, RUN_ALL_TEST_TASKS: False
2025-07-23 15:20:23,627 [INFO] Looking for test task: test_001
2025-07-23 15:20:23,627 [INFO] Loaded 15 test tasks from test_tasks.json
2025-07-23 15:20:23,627 [INFO] Test task search result: True
2025-07-23 15:20:23,627 [INFO] Will run test task: test_001
2025-07-23 15:20:23,627 [INFO] 

*********************************************************************
2025-07-23 15:20:23,627 [INFO] Running Task ID: test_001
2025-07-23 15:20:23,627 [INFO] Scene:FloorPlan3 Task_Type: pickup_and_put Task: put tomato on plate
2025-07-23 15:20:23,627 [INFO] *********************************************************************

2025-07-23 15:20:23,627 [INFO] taskname: put tomato on plate
2025-07-23 15:20:33,058 [INFO] Initialize return: {'cameraNearPlane': 0.009999999776482582, 'cameraFarPlane': 20.0}
2025-07-23 15:20:33,185 [INFO] Initialization succeeded
2025-07-23 15:20:33,186 [INFO] [ATTEMPT 1/3] Starting task attempt
2025-07-23 15:20:33,277 [WARNING] [RESET] Failed to reset robot position on attempt 1
2025-07-23 15:20:45,150 [INFO] [OBSERVATION] <Observation>
I am in a kitchen. In front of me, I see a wooden countertop with various objects on it, including a toaster, a kettle, a cutting board with vegetables, a sink with a faucet, a potted plant, and some bowls. Above the countertop, there are shelves holding glassware and bottles. On the wall, I notice a window letting in natural light. Below the countertop, there are cabinets with handles. To the left, there is a stove with a flat-top burner. The ceiling has recessed lighting, and the room is made of wood paneling. The overall layout suggests a modern and functional kitchen design.
</Observation>
2025-07-23 15:20:45,152 [ERROR] [ERROR] 'high_level_task_planning', try again.
2025-07-23 15:20:45,154 [INFO] [ATTEMPT 2/3] Starting task attempt
2025-07-23 15:20:45,820 [WARNING] [RESET] Failed to reset robot position on attempt 2
2025-07-23 15:20:58,299 [INFO] [OBSERVATION] <Observation>
I see a well-lit kitchen with wooden shelves, cabinets, and countertops. There are hanging wine glasses above the counter. On the counter, I observe a toaster, a kettle, a rice cooker, a cutting board with vegetables, a small potted plant, a soap dispenser, and some bowls. A window is visible in the background, allowing natural light to enter. The cabinets below the counter are dark-colored, and there is a stove to the left. The room has a warm and cozy ambiance with multiple overhead lights. Additional items like bottles, plates, and cups are visible on the shelves. 
</Observation>
2025-07-23 15:20:58,300 [ERROR] [ERROR] 'high_level_task_planning', try again.
2025-07-23 15:20:58,301 [WARNING] [RETRY 2 TIMES, JUMP THE TASK]
2025-07-23 15:20:58,303 [INFO] [ATTEMPT 3/3] Starting task attempt
2025-07-23 15:20:58,608 [WARNING] [RESET] Failed to reset robot position on attempt 3
2025-07-23 15:21:17,143 [INFO] [OBSERVATION] <Observation>
I observe a modern kitchen setup. The main visible objects include:

- A wooden countertop extending around the kitchen, featuring various appliances and items.
- A toaster placed on the countertop.
- A tea kettle and a pot near the stove area.
- A sink with a faucet, containing some fruits and vegetables.
- A cutting board with a knife placed beside it.
- A potted plant on the countertop near the sink.
- Multiple shelves above the countertop holding bottles, plates, and glasses.
- A window in the background, allowing natural light to enter.
- An oven and stove visible in the foreground.

The objects are arranged neatly, with the countertop serving as the central workspace. The kitchen has a warm, wooden aesthetic with modern lighting overhead. 
</Observation>
2025-07-23 15:21:17,149 [ERROR] [ERROR] 'high_level_task_planning', try again.
2025-07-23 15:22:25,623 [INFO] metadata_path: taskgenerate/kitchens/FloorPlan3/metadata.json
2025-07-23 15:22:25,625 [INFO] Task configuration - USE_TEST_TASKS: True, TEST_TASK_ID: test_001, RUN_ALL_TEST_TASKS: False
2025-07-23 15:22:25,625 [INFO] Looking for test task: test_001
2025-07-23 15:22:25,625 [INFO] Loaded 15 test tasks from test_tasks.json
2025-07-23 15:22:25,625 [INFO] Test task search result: True
2025-07-23 15:22:25,625 [INFO] Will run test task: test_001
2025-07-23 15:22:25,625 [INFO] 

*********************************************************************
2025-07-23 15:22:25,625 [INFO] Running Task ID: test_001
2025-07-23 15:22:25,625 [INFO] Scene:FloorPlan3 Task_Type: pickup_and_put Task: put tomato on plate
2025-07-23 15:22:25,625 [INFO] *********************************************************************

2025-07-23 15:22:25,625 [INFO] taskname: put tomato on plate
2025-07-23 15:22:33,678 [INFO] Initialize return: {'cameraNearPlane': 0.009999999776482582, 'cameraFarPlane': 20.0}
2025-07-23 15:22:33,828 [INFO] Initialization succeeded
2025-07-23 15:22:33,830 [INFO] [ATTEMPT 1/3] Starting task attempt
2025-07-23 15:22:33,902 [WARNING] [RESET] Failed to reset robot position on attempt 1
2025-07-23 15:22:47,957 [INFO] [OBSERVATION] <Observation>
I see a wooden kitchen with a large central island. On the island, there are various objects including a toaster, a kettle, a rice cooker, a cutting board with vegetables, and a sink. Above the island, there are hanging shelves with bottles, glasses, and kitchen items. To the left, there is a stovetop. On the right, there is a window with natural light coming through, and next to it, a potted plant. The upper shelves hold additional kitchen utensils and containers. The ceiling has recessed lighting. Below the island, there are cabinets with drawers and doors. The overall space is well-organized and modern.
</Observation>
2025-07-23 15:22:47,958 [ERROR] [ERROR] 'high_level_task_planning', try again.
2025-07-23 15:22:47,960 [INFO] [ATTEMPT 2/3] Starting task attempt
2025-07-23 15:22:48,296 [WARNING] [RESET] Failed to reset robot position on attempt 2
2025-07-23 15:23:04,175 [INFO] [OBSERVATION] <Observation>
In the room, I observe a wooden kitchen setup with various objects. The countertop is made of wood and features a toaster, a kettle, a rice cooker, and a cutting board with vegetables. A sink is located near the window, which allows natural light to enter. On the countertop, there are also bottles of oils or condiments, a potted plant, and some bowls and utensils. Above the countertop, there are shelves holding glasses and containers. Below the countertop, there are cabinets with black handles. The ceiling has multiple round lights, providing additional illumination. The overall aesthetic is warm and rustic, with wooden elements dominating the space.
</Observation>
2025-07-23 15:23:04,176 [ERROR] [ERROR] 'high_level_task_planning', try again.
2025-07-23 15:23:04,177 [WARNING] [RETRY 2 TIMES, JUMP THE TASK]
2025-07-23 15:23:04,256 [INFO] [TASK COMPLETE] Finished task test_001: put tomato on plate
2025-07-23 15:23:04,257 [INFO] All tasks completed successfully!
2025-07-23 15:23:04,257 [INFO] Error paths saved to: ./wrong_generte_path_list.json
2025-07-23 15:23:56,338 [INFO] metadata_path: taskgenerate/kitchens/FloorPlan3/metadata.json
2025-07-23 15:23:56,340 [INFO] Task configuration - USE_TEST_TASKS: True, TEST_TASK_ID: test_001, RUN_ALL_TEST_TASKS: False
2025-07-23 15:23:56,340 [INFO] Looking for test task: test_001
2025-07-23 15:23:56,341 [INFO] Loaded 15 test tasks from test_tasks.json
2025-07-23 15:23:56,341 [INFO] Test task search result: True
2025-07-23 15:23:56,341 [INFO] Will run test task: test_001
2025-07-23 15:23:56,341 [INFO] 

*********************************************************************
2025-07-23 15:23:56,341 [INFO] Running Task ID: test_001
2025-07-23 15:23:56,341 [INFO] Scene:FloorPlan3 Task_Type: pickup_and_put Task: put tomato on plate
2025-07-23 15:23:56,341 [INFO] *********************************************************************

2025-07-23 15:23:56,341 [INFO] taskname: put tomato on plate
2025-07-23 15:24:05,642 [INFO] Initialize return: {'cameraNearPlane': 0.009999999776482582, 'cameraFarPlane': 20.0}
2025-07-23 15:24:05,777 [INFO] Initialization succeeded
2025-07-23 15:24:05,779 [INFO] [ATTEMPT 1/3] Starting task attempt
2025-07-23 15:24:05,854 [WARNING] [RESET] Failed to reset robot position on attempt 1
2025-07-23 15:24:17,342 [INFO] [OBSERVATION] <Observation>
In front of me, I see a modern kitchen with a wooden countertop. On the countertop, there is a toaster, a kettle, a rice cooker, a cutting board with vegetables, a sink, a plant, a bottle, and a bowl. To the left, there is a stove with burners. Above the countertop, there are shelves holding glassware and bottles. On the right side, there is a window allowing natural light to enter. The room has recessed ceiling lights and wooden cabinetry below the countertop. The overall space is clean and organized, with a warm and inviting atmosphere.
</Observation>
2025-07-23 15:24:17,342 [ERROR] [ERROR] 'high_level_task_planning', try again.
2025-07-23 15:24:17,344 [INFO] [ATTEMPT 2/3] Starting task attempt
2025-07-23 15:24:17,686 [WARNING] [RESET] Failed to reset robot position on attempt 2
2025-07-23 15:24:29,691 [INFO] [OBSERVATION] <Observation>
I see a wooden kitchen countertop in front of me. On the countertop, there is a kettle, a toaster, a rice cooker, a cutting board with vegetables, and a sink with a faucet. To the right of the sink, there is a plant and a bottle. Below the countertop, there are green cabinets with drawers. On the wall, there are wooden shelves holding various items, including bottles and bowls. Above the shelves, there are hanging glasses. The ceiling has several circular lights. In the background, there is a window letting in natural light. The floor appears to be tiled.
</Observation>
2025-07-23 15:24:29,693 [ERROR] [ERROR] 'high_level_task_planning', try again.
2025-07-23 15:24:29,694 [WARNING] [RETRY 2 TIMES, JUMP THE TASK]
2025-07-23 15:24:29,772 [INFO] [TASK COMPLETE] Finished task test_001: put tomato on plate
2025-07-23 15:24:29,772 [INFO] All tasks completed successfully!
2025-07-23 15:24:29,772 [INFO] Error paths saved to: ./wrong_generte_path_list.json
2025-07-23 15:38:31,533 [INFO] metadata_path: /Users/yuanda/Documents/embodied_reasoner/data_engine/taskgenerate/taskgenerate/kitchens/FloorPlan3/metadata.json
2025-07-23 15:38:31,534 [INFO] Task configuration - USE_TEST_TASKS: True, TEST_TASK_ID: test_001, RUN_ALL_TEST_TASKS: False
2025-07-23 15:38:38,332 [INFO] Looking for test task: test_001
2025-07-23 15:38:38,906 [INFO] Loaded 15 test tasks from /Users/yuanda/Documents/embodied_reasoner/data_engine/test_tasks.json
2025-07-23 15:38:39,470 [INFO] Test task search result: True
2025-07-23 15:38:43,585 [INFO] Will run test task: test_001
2025-07-23 15:38:55,474 [INFO] 

*********************************************************************
2025-07-23 15:38:55,656 [INFO] Running Task ID: test_001
2025-07-23 15:38:56,231 [INFO] Scene:FloorPlan3 Task_Type: pickup_and_put Task: put tomato on plate
2025-07-23 15:38:56,543 [INFO] *********************************************************************

2025-07-23 15:38:57,101 [INFO] taskname: put tomato on plate
2025-07-23 15:39:29,656 [INFO] metadata_path: /Users/yuanda/Documents/embodied_reasoner/data_engine/taskgenerate/taskgenerate/kitchens/FloorPlan3/metadata.json
2025-07-23 15:39:29,657 [INFO] Task configuration - USE_TEST_TASKS: True, TEST_TASK_ID: test_001, RUN_ALL_TEST_TASKS: False
2025-07-23 15:43:36,414 [INFO] metadata_path: /Users/yuanda/Documents/embodied_reasoner/data_engine/taskgenerate/kitchens/FloorPlan3/metadata.json
2025-07-23 15:43:36,422 [INFO] Task configuration - USE_TEST_TASKS: True, TEST_TASK_ID: test_001, RUN_ALL_TEST_TASKS: False
2025-07-23 15:44:18,723 [INFO] Looking for test task: test_001
2025-07-23 15:44:18,775 [INFO] Loaded 15 test tasks from /Users/yuanda/Documents/embodied_reasoner/data_engine/test_tasks.json
2025-07-23 15:44:18,775 [INFO] Test task search result: True
2025-07-23 15:44:18,776 [INFO] Will run test task: test_001
2025-07-23 15:44:18,776 [INFO] 

*********************************************************************
2025-07-23 15:44:18,776 [INFO] Running Task ID: test_001
2025-07-23 15:44:18,776 [INFO] Scene:FloorPlan3 Task_Type: pickup_and_put Task: put tomato on plate
2025-07-23 15:44:18,776 [INFO] *********************************************************************

2025-07-23 15:44:18,776 [INFO] taskname: put tomato on plate
2025-07-23 15:44:38,822 [INFO] Initialize return: {'cameraNearPlane': 0.009999999776482582, 'cameraFarPlane': 20.0}
2025-07-23 15:44:38,984 [INFO] Initialization succeeded
2025-07-23 15:44:53,138 [INFO] [ATTEMPT 1/3] Starting task attempt
2025-07-23 15:44:53,644 [WARNING] [RESET] Failed to reset robot position on attempt 1
2025-07-23 15:47:55,762 [INFO] metadata_path: /Users/yuanda/Documents/embodied_reasoner/data_engine/taskgenerate/kitchens/FloorPlan3/metadata.json
2025-07-23 15:47:55,765 [INFO] Task configuration - USE_TEST_TASKS: True, TEST_TASK_ID: test_001, RUN_ALL_TEST_TASKS: False
2025-07-23 15:50:55,493 [INFO] Looking for test task: test_001
2025-07-23 15:50:55,499 [INFO] Loaded 15 test tasks from /Users/yuanda/Documents/embodied_reasoner/data_engine/test_tasks.json
2025-07-23 15:50:55,499 [INFO] Test task search result: True
2025-07-23 15:50:55,500 [INFO] Will run test task: test_001
2025-07-23 15:50:55,501 [INFO] 

*********************************************************************
2025-07-23 15:50:55,501 [INFO] Running Task ID: test_001
2025-07-23 15:50:55,501 [INFO] Scene:FloorPlan3 Task_Type: pickup_and_put Task: put tomato on plate
2025-07-23 15:50:55,501 [INFO] *********************************************************************

2025-07-23 15:50:55,502 [INFO] taskname: put tomato on plate
2025-07-23 15:51:03,111 [INFO] Initialize return: {'cameraNearPlane': 0.009999999776482582, 'cameraFarPlane': 20.0}
2025-07-23 15:51:03,297 [INFO] Initialization succeeded
2025-07-23 15:51:03,298 [INFO] [ATTEMPT 1/3] Starting task attempt
2025-07-23 15:51:03,369 [WARNING] [RESET] Failed to reset robot position on attempt 1
2025-07-23 15:51:20,398 [INFO] [OBSERVATION] <Observation>
I see a kitchen with a wooden countertop. On the countertop, there is a toaster, a kettle, a rice cooker, a sink with a faucet, a cutting board with vegetables, a potted plant, a dish soap dispenser, a small bowl, a knife, and a loaf of bread. Above the countertop, there are shelves with various bottles, glasses, and containers. The room has a wooden ceiling with recessed lights and a large window in the background, letting in natural light. Below the countertop, there are cabinets and drawers. The overall setting appears organized and functional.
</Observation>
2025-07-23 15:51:20,400 [ERROR] [ERROR] 'high_level_task_planning', try again.
2025-07-23 15:51:20,405 [INFO] [ATTEMPT 2/3] Starting task attempt
2025-07-23 15:51:20,691 [WARNING] [RESET] Failed to reset robot position on attempt 2
2025-07-23 15:51:35,827 [INFO] [OBSERVATION] <Observation>
In the room, I observe a wooden kitchen setup with a curved countertop. There is a sink with a faucet in the center of the counter, surrounded by various kitchen items including a toaster, a kettle, a cutting board, a bowl, and a few pieces of fruit. A potted plant is placed near the sink, and several bottles are lined up on the wall-mounted shelves above. Below the counter, there are dark cabinets with visible handles. A window is positioned on the wall, allowing natural light to enter. The ceiling features multiple recessed lights. A stove is located on the left side of the counter, and some shelves hold additional kitchenware and utensils.
</Observation>
2025-07-23 15:51:35,829 [ERROR] [ERROR] 'high_level_task_planning', try again.
2025-07-23 15:51:35,832 [WARNING] [RETRY 2 TIMES, JUMP THE TASK]
2025-07-23 15:51:35,913 [INFO] [TASK COMPLETE] Finished task test_001: put tomato on plate
2025-07-23 15:51:35,913 [INFO] All tasks completed successfully!
2025-07-23 15:51:35,913 [INFO] Error paths saved to: ./wrong_generte_path_list.json
2025-07-23 15:52:36,025 [INFO] metadata_path: /Users/yuanda/Documents/embodied_reasoner/data_engine/taskgenerate/kitchens/FloorPlan3/metadata.json
2025-07-23 15:52:36,027 [INFO] Task configuration - USE_TEST_TASKS: True, TEST_TASK_ID: test_001, RUN_ALL_TEST_TASKS: False
2025-07-23 15:52:37,809 [INFO] Looking for test task: test_001
2025-07-23 15:52:37,813 [INFO] Loaded 15 test tasks from /Users/yuanda/Documents/embodied_reasoner/data_engine/test_tasks.json
2025-07-23 15:52:37,813 [INFO] Test task search result: True
2025-07-23 15:52:37,814 [INFO] Will run test task: test_001
2025-07-23 15:52:37,815 [INFO] 

*********************************************************************
2025-07-23 15:52:37,815 [INFO] Running Task ID: test_001
2025-07-23 15:52:37,815 [INFO] Scene:FloorPlan3 Task_Type: pickup_and_put Task: put tomato on plate
2025-07-23 15:52:37,815 [INFO] *********************************************************************

2025-07-23 15:52:37,816 [INFO] taskname: put tomato on plate
2025-07-23 15:52:45,118 [INFO] Initialize return: {'cameraNearPlane': 0.009999999776482582, 'cameraFarPlane': 20.0}
2025-07-23 15:52:45,242 [INFO] Initialization succeeded
2025-07-23 15:52:45,243 [INFO] [ATTEMPT 1/3] Starting task attempt
2025-07-23 15:52:45,316 [WARNING] [RESET] Failed to reset robot position on attempt 1
2025-07-23 15:53:06,121 [INFO] [OBSERVATION] <Observation>
In the room, I observe a kitchen setting with the following objects:

- **Countertop**: A wooden countertop dominates the foreground, featuring various items.
- **Appliances**: A toaster and a kettle are placed on the countertop.
- **Cookware**: A pressure cooker is visible near the sink.
- **Sink**: A stainless steel sink with a faucet is in the center of the countertop.
- **Fruits and Vegetables**: A small pile of produce, including a cucumber and tomatoes, is on the countertop.
- **Bread**: A loaf of bread is situated on the right side of the countertop.
- **Utensils**: A cutting board with a knife is present near the sink.
- **Shelves**: Wooden shelves above the countertop hold glassware, bottles, and other kitchen essentials.
- **Back Wall**: Wooden walls and a window letting in natural light.
- **Lighting**: Several recessed ceiling lights illuminate the space.

The objects are arranged in a functional layout typical of a kitchen, with appliances and ingredients easily accessible. </Observation>
2025-07-23 15:53:34,497 [ERROR] [ERROR] 'high_level_task_planning', try again.
2025-07-23 15:54:56,925 [INFO] metadata_path: /Users/yuanda/Documents/embodied_reasoner/data_engine/taskgenerate/kitchens/FloorPlan3/metadata.json
2025-07-23 15:54:56,928 [INFO] Task configuration - USE_TEST_TASKS: True, TEST_TASK_ID: test_001, RUN_ALL_TEST_TASKS: False
2025-07-23 15:54:56,928 [INFO] Looking for test task: test_001
2025-07-23 15:54:56,928 [INFO] Loaded 15 test tasks from /Users/yuanda/Documents/embodied_reasoner/data_engine/test_tasks.json
2025-07-23 15:54:56,928 [INFO] Test task search result: True
2025-07-23 15:54:56,929 [INFO] Will run test task: test_001
2025-07-23 15:54:56,929 [INFO] 

*********************************************************************
2025-07-23 15:54:56,929 [INFO] Running Task ID: test_001
2025-07-23 15:54:56,929 [INFO] Scene:FloorPlan3 Task_Type: pickup_and_put Task: put tomato on plate
2025-07-23 15:54:56,929 [INFO] *********************************************************************

2025-07-23 15:54:56,929 [INFO] taskname: put tomato on plate
2025-07-23 15:55:04,008 [INFO] Initialize return: {'cameraNearPlane': 0.009999999776482582, 'cameraFarPlane': 20.0}
2025-07-23 15:55:04,143 [INFO] Initialization succeeded
2025-07-23 15:55:04,144 [INFO] [ATTEMPT 1/3] Starting task attempt
2025-07-23 15:55:04,209 [WARNING] [RESET] Failed to reset robot position on attempt 1
2025-07-23 15:55:23,122 [INFO] [OBSERVATION] <Observation>
I am in a kitchen with a large wooden countertop in front of me. To my left, there is a stove with burners and knobs. In the middle of the countertop, there is a toaster, a pot, and a kettle. To the right, there is a sink with a faucet, a cutting board with vegetables, and a knife. A window is located above the sink, letting in natural light. There are shelves above the countertop holding various items, including bottles and a plant. The cabinets are below the countertop, and there is a stove with a burner visible to my left. A pot is also present on the countertop near the stove.
</Observation>
2025-07-23 15:55:35,127 [INFO] [INITIAL TASK PLANNING] ['Find the tomato on the cutting board', 'Pick up the tomato', 'Find the plate on the countertop or nearby surface', 'Place the tomato on the plate']
2025-07-23 15:55:40,116 [INFO] [GENERAL QUESTION] Are there any specific requirements or instructions for how the tomato should be placed on the plate (e.g., sliced, whole, or with any particular orientation)? Additionally, are there any other items that need to be placed on the plate along with the tomato?
2025-07-23 15:55:40,117 [INFO] [ROBOT QUESTION] Are there any specific requirements or instructions for how the tomato should be placed on the plate (e.g., sliced, whole, or with any particular orientation)? Additionally, are there any other items that need to be placed on the plate along with the tomato?. User Response: clean tomato before put on the plate..
2025-07-23 15:55:40,117 [INFO] [RE-PLANNING BASED ON USER RESPONSE]
2025-07-23 15:55:45,091 [INFO] REPLAN?: True
2025-07-23 15:55:45,092 [INFO] Reason: The user's response indicates an additional step is required: cleaning the tomato before placing it on the plate. This step was not included in the original plan, so the plan needs to be updated to reflect this new requirement. The revised plan should include cleaning the tomato before picking it up.
2025-07-23 15:55:53,843 [INFO] [REPLAN] Old subgoals: ['Find the tomato on the cutting board', 'Pick up the tomato', 'Find the plate on the countertop or nearby surface', 'Place the tomato on the plate']
2025-07-23 15:55:53,846 [INFO] [REPLAN] New subgoals: ['Find the tomato on the cutting board', 'Pick up the tomato', 'Move to the sink', 'Use the faucet to rinse the tomato under running water', 'Shake off excess water from the tomato', 'Find the plate on the countertop or nearby surface', 'Place the cleaned tomato on the plate']
2025-07-23 15:56:22,162 [INFO] [HIGH-LEVEL] Decomposing clean tomato
2025-07-23 15:56:43,973 [INFO] [DECOMPOSE] clean tomato -> 11 atomic actions
2025-07-23 15:56:43,974 [INFO]   1. search cutting_board
2025-07-23 15:56:43,974 [INFO]   2. navigate cutting_board
2025-07-23 15:56:43,975 [INFO]   3. search tomato
2025-07-23 15:56:43,975 [INFO]   4. pick_up tomato
2025-07-23 15:56:43,975 [INFO]   5. navigate sink
2025-07-23 15:56:43,975 [INFO]   6. toggle_on faucet
2025-07-23 15:56:43,975 [INFO]   7. clean tomato
2025-07-23 15:56:43,976 [INFO]   8. toggle_off faucet
2025-07-23 15:56:43,976 [INFO]   9. search plate
2025-07-23 15:56:43,976 [INFO]   10. navigate plate
2025-07-23 15:56:43,976 [INFO]   11. put tomato plate
2025-07-23 15:56:43,977 [WARNING] [UNKNOWN] Action shake not in supported actions list
2025-07-23 15:56:43,977 [INFO] [DECISIONS] Generated 12 unique actions from 10 total actions
2025-07-23 15:56:43,979 [INFO] [SUBTASKS WITH DECISION] [{'action': 'search', 'objectType': 'tomato', 'targetObject': 'cutting_board', 'decisionmaking': 'search tomato cutting_board'}, {'action': 'pick_up', 'objectType': 'tomato', 'targetObject': None, 'decisionmaking': 'pick_up tomato'}, {'action': 'navigate', 'objectType': 'sink', 'targetObject': None, 'decisionmaking': 'navigate sink'}, {'action': 'search', 'objectType': 'faucet', 'targetObject': None, 'decisionmaking': 'search faucet'}, {'action': 'toggle_on', 'objectType': 'faucet', 'targetObject': None, 'decisionmaking': 'toggle_on faucet'}, {'action': 'search', 'objectType': 'cutting_board', 'targetObject': None, 'decisionmaking': 'search cutting_board'}, {'action': 'navigate', 'objectType': 'cutting_board', 'targetObject': None, 'decisionmaking': 'navigate cutting_board'}, {'action': 'clean', 'objectType': 'tomato', 'targetObject': None, 'decisionmaking': 'clean tomato'}, {'action': 'toggle_off', 'objectType': 'faucet', 'targetObject': None, 'decisionmaking': 'toggle_off faucet'}, {'action': 'search', 'objectType': 'plate', 'targetObject': None, 'decisionmaking': 'search plate'}, {'action': 'navigate', 'objectType': 'plate', 'targetObject': None, 'decisionmaking': 'navigate plate'}, {'action': 'put', 'objectType': 'tomato', 'targetObject': 'plate', 'decisionmaking': 'put tomato plate'}]
2025-07-23 15:56:47,473 [INFO] [EXECUTE] search tomato cutting_board
2025-07-23 15:56:50,595 [INFO] [SEARCH] Checking Fridge
2025-07-23 15:56:53,225 [INFO] [SEARCH] Fridge is closed, opening for search...
2025-07-23 15:56:53,367 [INFO] [SEARCH] Successfully opened Fridge for searching tomato
2025-07-23 15:56:53,644 [INFO] [SEARCH] Found visible tomato in/on Fridge
2025-07-23 15:56:53,644 [INFO] [EXECUTE] pick_up tomato
2025-07-23 15:56:53,739 [INFO] [DEBUG] Looking for tomato to pick_up
2025-07-23 15:56:53,739 [INFO] [DEBUG] Visible objects: ['Drawer(Drawer|+00.65|+00.60|+01.02)', 'Drawer(Drawer|+00.65|+00.85|+01.02)', 'Floor(Floor|+00.00|+00.22|-00.82)', 'Fridge(Fridge|+01.01|+00.23|+01.92)', 'SideTable(SideTable|+00.98|+00.22|+00.87)', 'Tomato(Tomato|+00.92|+01.91|+01.61)']
2025-07-23 15:56:53,739 [INFO] [DEBUG] Selected first matching tomato (ID: Tomato|+00.92|+01.91|+01.61)
2025-07-23 15:56:53,739 [INFO] [DEBUG] Final selected object: Tomato (ID: Tomato|+00.92|+01.91|+01.61)
2025-07-23 15:56:53,740 [INFO] [EXECUTE] Executing pick_up on tomato (ID: Tomato|+00.92|+01.91|+01.61)
2025-07-23 15:56:53,897 [INFO] [SUCCESS] pick_up on tomato completed successfully
2025-07-23 15:56:53,897 [INFO] [DEBUG] Recorded recent interaction: tomato -> Tomato|+00.92|+01.91|+01.61
2025-07-23 15:56:53,898 [INFO] [SEARCH CLEANUP] Closing 1 containers that were opened for search
2025-07-23 15:56:53,968 [INFO] [SEARCH CLEANUP] Closing Fridge (ID: Fridge|+01.01|+00.23|+01.92)
2025-07-23 15:56:54,420 [INFO] [SEARCH CLEANUP] Successfully closed Fridge
2025-07-23 15:57:04,216 [INFO] [EXECUTE] navigate sink
2025-07-23 15:57:05,798 [INFO] [EXECUTE] search faucet
2025-07-23 15:57:05,853 [INFO] [SEARCH] Found visible faucet in current view
2025-07-23 15:57:05,854 [INFO] [EXECUTE] toggle_on faucet
2025-07-23 15:57:05,907 [INFO] [DEBUG] Looking for faucet to toggle_on
2025-07-23 15:57:05,907 [INFO] [DEBUG] Visible objects: ['Apple(Apple|-01.75|+01.37|-01.16)', 'Bowl(Bowl|-01.82|+01.31|+00.27)', 'Bread(Bread|-01.51|+01.38|+00.66)', 'Cabinet(Cabinet|-01.46|+00.78|-02.00)', 'Cabinet(Cabinet|-01.46|+00.78|+00.47)', 'Cabinet(Cabinet|-01.46|+00.78|+01.31)', 'CounterTop(CounterTop|-01.81|+01.36|+01.18)', 'DishSponge(DishSponge|-02.05|+01.33|-00.96)', 'Drawer(Drawer|-01.61|+00.68|-01.22)', 'Drawer(Drawer|-01.61|+00.68|-00.43)', 'Egg(Egg|-01.57|+01.36|-01.05)', 'Faucet(Faucet|-02.13|+01.32|-00.81)', 'Floor(Floor|+00.00|+00.22|-00.82)', 'HousePlant(HousePlant|-02.03|+01.31|-00.03)', 'Lettuce(Lettuce|-01.89|+01.40|-01.07)', 'Mug(Mug|-01.97|+01.04|-00.43)', 'PaperTowelRoll(PaperTowelRoll|-02.04|+01.42|-01.90)', 'Plate(Plate|-01.47|+01.31|+00.24)', 'Pot(Pot|-01.58|+01.31|-01.58)', 'Potato(Potato|-01.61|+01.36|-01.24)', 'Sink(Sink|-01.99|+01.14|-00.98)', 'SinkBasin(Sink|-01.99|+01.14|-00.98|SinkBasin)', 'SoapBottle(SoapBottle|-01.79|+01.31|-00.10)', 'Toaster(Toaster|-01.89|+01.31|-02.51)', 'Tomato(Tomato|+00.92|+01.91|+01.61)', 'Window(Window|-02.57|+01.80|-00.82)']
2025-07-23 15:57:05,907 [INFO] [DEBUG] Selected first matching faucet (ID: Faucet|-02.13|+01.32|-00.81)
2025-07-23 15:57:05,907 [INFO] [DEBUG] Final selected object: Faucet (ID: Faucet|-02.13|+01.32|-00.81)
2025-07-23 15:57:05,907 [INFO] [EXECUTE] Executing toggle_on on faucet (ID: Faucet|-02.13|+01.32|-00.81)
2025-07-23 15:57:06,157 [INFO] [SUCCESS] toggle_on on faucet completed successfully
2025-07-23 15:57:06,157 [INFO] [DEBUG] Recorded recent interaction: faucet -> Faucet|-02.13|+01.32|-00.81
2025-07-23 15:57:06,212 [INFO] [EXECUTE] search cutting_board
2025-07-23 15:57:12,204 [INFO] [SEARCH] Checking Cabinet
2025-07-23 15:57:13,829 [INFO] [SEARCH] Cabinet is closed, opening for search...
2025-07-23 15:57:14,187 [INFO] [SEARCH] Successfully opened Cabinet for searching cutting_board
2025-07-23 15:57:14,301 [INFO] [SEARCH] Could not find visible cutting_board in/on Cabinet
2025-07-23 15:57:14,360 [INFO] [SEARCH] Closing Cabinet immediately (target not found)
2025-07-23 15:57:14,718 [INFO] [SEARCH] Successfully closed Cabinet
2025-07-23 15:57:14,718 [INFO] [SEARCH] Checking Fridge
2025-07-23 15:57:16,764 [INFO] [SEARCH] Fridge is closed, opening for search...
2025-07-23 15:57:17,125 [INFO] [SEARCH] Successfully opened Fridge for searching cutting_board
2025-07-23 15:57:17,282 [INFO] [SEARCH] Could not find visible cutting_board in/on Fridge
2025-07-23 15:57:17,343 [INFO] [SEARCH] Closing Fridge immediately (target not found)
2025-07-23 15:57:17,705 [INFO] [SEARCH] Successfully closed Fridge
2025-07-23 15:57:17,705 [INFO] [SEARCH] Checking SinkBasin
2025-07-23 15:57:19,487 [INFO] [SEARCH] Could not find visible cutting_board in/on SinkBasin
2025-07-23 15:57:19,487 [INFO] [SEARCH] Checking Knife
2025-07-23 15:57:20,675 [INFO] [SEARCH] Could not find visible cutting_board in/on Knife
2025-07-23 15:57:20,675 [WARNING] [SEARCH] Could not find visible cutting_board after checking all possible locations
2025-07-23 15:57:20,676 [ERROR] [ERROR] Search failed for cutting_board, stopping execution.
2025-07-23 15:57:20,677 [INFO] [VERIFICATION] Starting task verification...
2025-07-23 15:57:20,970 [INFO] [VERIFY] Saved verification image: /Users/yuanda/Documents/embodied_reasoner/data_engine/data/data_pickup_and_put/FloorPlan3_pickup_and_put_0/verification/final_verification.png
2025-07-23 15:57:38,042 [INFO] [VERIFY] Task verification result: SUCCESS=False, CONFIDENCE=high
2025-07-23 15:57:38,042 [INFO] [VERIFY] Reason: The tomato is not on a plate; it is on the floor beneath the table.
2025-07-23 15:57:38,043 [WARNING] [VERIFICATION] ✗ Task may not be completed. (Confidence: high)
2025-07-23 15:57:38,043 [WARNING] [VERIFICATION] Reason: The tomato is not on a plate; it is on the floor beneath the table.
2025-07-23 15:57:38,045 [INFO] [VERIFICATION] Verification result saved to: /Users/yuanda/Documents/embodied_reasoner/data_engine/data/data_pickup_and_put/FloorPlan3_pickup_and_put_0/verification_result.json
2025-07-23 15:57:38,045 [INFO] [ATTEMPT 2/3] Starting task attempt
2025-07-23 15:57:38,362 [WARNING] [RESET] Failed to reset robot position on attempt 2
2025-07-23 15:57:38,435 [INFO] [RESET] Dropping held object: Tomato|+00.92|+01.91|+01.61
2025-07-23 15:57:49,923 [INFO] metadata_path: /Users/yuanda/Documents/embodied_reasoner/data_engine/taskgenerate/kitchens/FloorPlan3/metadata.json
2025-07-23 15:57:49,925 [INFO] Task configuration - USE_TEST_TASKS: True, TEST_TASK_ID: test_001, RUN_ALL_TEST_TASKS: False
2025-07-23 15:57:49,925 [INFO] Looking for test task: test_001
2025-07-23 15:57:49,926 [INFO] Loaded 15 test tasks from /Users/yuanda/Documents/embodied_reasoner/data_engine/test_tasks.json
2025-07-23 15:57:49,926 [INFO] Test task search result: True
2025-07-23 15:57:49,926 [INFO] Will run test task: test_001
2025-07-23 15:57:49,927 [INFO] 

*********************************************************************
2025-07-23 15:57:49,927 [INFO] Running Task ID: test_001
2025-07-23 15:57:49,927 [INFO] Scene:FloorPlan3 Task_Type: pickup_and_put Task: put tomato on plate
2025-07-23 15:57:49,927 [INFO] *********************************************************************

2025-07-23 15:57:49,927 [INFO] taskname: put tomato on plate
2025-07-23 15:57:57,300 [INFO] Initialize return: {'cameraNearPlane': 0.009999999776482582, 'cameraFarPlane': 20.0}
2025-07-23 15:57:57,413 [INFO] Initialization succeeded
2025-07-23 15:57:57,413 [INFO] [ATTEMPT 1/3] Starting task attempt
2025-07-23 15:57:57,477 [WARNING] [RESET] Failed to reset robot position on attempt 1
2025-07-23 15:58:15,028 [INFO] [OBSERVATION] <Observation>
In the room, I observe a wooden cabinet with a curved countertop. On the countertop, there is a pot, a HousePlant, a SaltShaker, a Faucet above a Sink, and a Knife. There are also several Cups and WineBottles on a shelf above the countertop. To the left, there is a StoveBurner and a StoveKnob. The room features a large Window, and the cabinets have Drawers and a microwave. The spatial arrangement shows the objects are neatly organized, with the countertop serving as the central functional area.
</Observation>
2025-07-23 15:58:22,475 [INFO] [INITIAL TASK PLANNING] ['Find the tomato', 'Pick up the tomato', 'Find the plate', 'Put the tomato on the plate']
2025-07-23 15:58:30,788 [INFO] [GENERAL QUESTION] Are there any specific conditions or constraints for placing the tomato on the plate, such as ensuring the plate is clean, determining the correct side of the tomato to place, or any particular arrangement on the plate?
2025-07-23 15:58:30,792 [INFO] [ROBOT QUESTION] Are there any specific conditions or constraints for placing the tomato on the plate, such as ensuring the plate is clean, determining the correct side of the tomato to place, or any particular arrangement on the plate?. User Response: clean tomato before put on the plate..
2025-07-23 15:58:30,793 [INFO] [RE-PLANNING BASED ON USER RESPONSE]
2025-07-23 15:58:37,315 [INFO] REPLAN?: True
2025-07-23 15:58:37,317 [INFO] Reason: The user has requested that the tomato should be cleaned before placing it on the plate. This introduces a new step that is not currently included in the plan. To ensure the task is completed according to the user's requirements, the plan needs to be updated to include cleaning the tomato. The updated plan should be:
2025-07-23 15:58:48,265 [INFO] [REPLAN] Old subgoals: ['Find the tomato', 'Pick up the tomato', 'Find the plate', 'Put the tomato on the plate']
2025-07-23 15:58:48,265 [INFO] [REPLAN] New subgoals: ['Find the tomato', 'Pick up the tomato', 'Clean the tomato', 'Find the plate', 'Put the tomato on the plate']
2025-07-23 15:59:01,661 [INFO] [HIGH-LEVEL] Decomposing clean tomato
2025-07-23 15:59:23,296 [INFO] [DECOMPOSE] clean tomato -> 10 atomic actions
2025-07-23 15:59:23,298 [INFO]   1. search tomato
2025-07-23 15:59:23,298 [INFO]   2. pick_up tomato
2025-07-23 15:59:23,299 [INFO]   3. search sink
2025-07-23 15:59:23,299 [INFO]   4. navigate sink
2025-07-23 15:59:23,299 [INFO]   5. toggle_on faucet
2025-07-23 15:59:23,299 [INFO]   6. clean tomato
2025-07-23 15:59:23,299 [INFO]   7. toggle_off faucet
2025-07-23 15:59:23,299 [INFO]   8. search plate
2025-07-23 15:59:23,300 [INFO]   9. pick_up plate
2025-07-23 15:59:23,300 [INFO]   10. put tomato plate
2025-07-23 15:59:23,301 [INFO] [DECISIONS] Generated 10 unique actions from 5 total actions
2025-07-23 15:59:23,307 [INFO] [SUBTASKS WITH DECISION] [{'action': 'search', 'objectType': 'tomato', 'targetObject': None, 'decisionmaking': 'search tomato'}, {'action': 'pick_up', 'objectType': 'tomato', 'targetObject': None, 'decisionmaking': 'pick_up tomato'}, {'action': 'search', 'objectType': 'sink', 'targetObject': None, 'decisionmaking': 'search sink'}, {'action': 'navigate', 'objectType': 'sink', 'targetObject': None, 'decisionmaking': 'navigate sink'}, {'action': 'toggle_on', 'objectType': 'faucet', 'targetObject': None, 'decisionmaking': 'toggle_on faucet'}, {'action': 'clean', 'objectType': 'tomato', 'targetObject': None, 'decisionmaking': 'clean tomato'}, {'action': 'toggle_off', 'objectType': 'faucet', 'targetObject': None, 'decisionmaking': 'toggle_off faucet'}, {'action': 'search', 'objectType': 'plate', 'targetObject': None, 'decisionmaking': 'search plate'}, {'action': 'pick_up', 'objectType': 'plate', 'targetObject': None, 'decisionmaking': 'pick_up plate'}, {'action': 'put', 'objectType': 'tomato', 'targetObject': 'plate', 'decisionmaking': 'put tomato plate'}]
2025-07-23 16:00:02,321 [INFO] [EXECUTE] search tomato
2025-07-23 16:00:08,178 [INFO] [SEARCH] Checking Fridge
2025-07-23 16:00:10,956 [INFO] [SEARCH] Fridge is closed, opening for search...
2025-07-23 16:00:11,227 [INFO] [SEARCH] Successfully opened Fridge for searching tomato
2025-07-23 16:00:11,340 [INFO] [SEARCH] Found visible tomato in/on Fridge
2025-07-23 16:00:15,659 [INFO] [EXECUTE] pick_up tomato
2025-07-23 16:00:15,861 [INFO] [DEBUG] Looking for tomato to pick_up
2025-07-23 16:00:15,862 [INFO] [DEBUG] Visible objects: ['Drawer(Drawer|+00.65|+00.60|+01.02)', 'Drawer(Drawer|+00.65|+00.85|+01.02)', 'Floor(Floor|+00.00|+00.22|-00.82)', 'Fridge(Fridge|+01.01|+00.23|+01.92)', 'SideTable(SideTable|+00.98|+00.22|+00.87)', 'Tomato(Tomato|+00.92|+01.91|+01.61)']
2025-07-23 16:00:15,862 [INFO] [DEBUG] Selected first matching tomato (ID: Tomato|+00.92|+01.91|+01.61)
2025-07-23 16:00:15,862 [INFO] [DEBUG] Final selected object: Tomato (ID: Tomato|+00.92|+01.91|+01.61)
2025-07-23 16:00:15,863 [INFO] [EXECUTE] Executing pick_up on tomato (ID: Tomato|+00.92|+01.91|+01.61)
2025-07-23 16:00:16,027 [INFO] [SUCCESS] pick_up on tomato completed successfully
2025-07-23 16:00:16,027 [INFO] [DEBUG] Recorded recent interaction: tomato -> Tomato|+00.92|+01.91|+01.61
2025-07-23 16:00:16,027 [INFO] [SEARCH CLEANUP] Closing 1 containers that were opened for search
2025-07-23 16:00:16,102 [INFO] [SEARCH CLEANUP] Closing Fridge (ID: Fridge|+01.01|+00.23|+01.92)
2025-07-23 16:00:16,527 [INFO] [SEARCH CLEANUP] Successfully closed Fridge
2025-07-23 16:00:18,800 [INFO] [EXECUTE] search sink
2025-07-23 16:00:25,911 [INFO] [SEARCH] Checking Faucet
2025-07-23 16:00:27,327 [INFO] [SEARCH] Found visible sink in/on Faucet
2025-07-23 16:00:30,145 [INFO] [EXECUTE] navigate sink
2025-07-23 16:00:35,655 [INFO] [EXECUTE] toggle_on faucet
2025-07-23 16:00:35,783 [INFO] [DEBUG] Looking for faucet to toggle_on
2025-07-23 16:00:35,783 [INFO] [DEBUG] Visible objects: ['Apple(Apple|-01.75|+01.37|-01.16)', 'Bowl(Bowl|-01.82|+01.31|+00.27)', 'Bread(Bread|-01.51|+01.38|+00.66)', 'Cabinet(Cabinet|-01.46|+00.78|-02.00)', 'Cabinet(Cabinet|-01.46|+00.78|+00.47)', 'Cabinet(Cabinet|-01.46|+00.78|+01.31)', 'CounterTop(CounterTop|-01.81|+01.36|+01.18)', 'DishSponge(DishSponge|-02.05|+01.33|-00.96)', 'Drawer(Drawer|-01.61|+00.68|-01.22)', 'Drawer(Drawer|-01.61|+00.68|-00.43)', 'Egg(Egg|-01.57|+01.36|-01.05)', 'Faucet(Faucet|-02.13|+01.32|-00.81)', 'Floor(Floor|+00.00|+00.22|-00.82)', 'HousePlant(HousePlant|-02.03|+01.31|-00.03)', 'Lettuce(Lettuce|-01.89|+01.40|-01.07)', 'Mug(Mug|-01.97|+01.04|-00.43)', 'PaperTowelRoll(PaperTowelRoll|-02.04|+01.42|-01.90)', 'Plate(Plate|-01.47|+01.31|+00.24)', 'Pot(Pot|-01.58|+01.31|-01.58)', 'Potato(Potato|-01.61|+01.36|-01.24)', 'Sink(Sink|-01.99|+01.14|-00.98)', 'SinkBasin(Sink|-01.99|+01.14|-00.98|SinkBasin)', 'SoapBottle(SoapBottle|-01.79|+01.31|-00.10)', 'Toaster(Toaster|-01.89|+01.31|-02.51)', 'Tomato(Tomato|+00.92|+01.91|+01.61)', 'Window(Window|-02.57|+01.80|-00.82)']
2025-07-23 16:00:35,783 [INFO] [DEBUG] Selected first matching faucet (ID: Faucet|-02.13|+01.32|-00.81)
2025-07-23 16:00:35,783 [INFO] [DEBUG] Final selected object: Faucet (ID: Faucet|-02.13|+01.32|-00.81)
2025-07-23 16:00:35,783 [INFO] [EXECUTE] Executing toggle_on on faucet (ID: Faucet|-02.13|+01.32|-00.81)
2025-07-23 16:00:36,097 [INFO] [SUCCESS] toggle_on on faucet completed successfully
2025-07-23 16:00:36,098 [INFO] [DEBUG] Recorded recent interaction: faucet -> Faucet|-02.13|+01.32|-00.81
2025-07-23 16:00:44,954 [INFO] [EXECUTE] clean tomato
2025-07-23 16:00:45,208 [INFO] [DEBUG] Looking for tomato to clean
2025-07-23 16:00:45,208 [INFO] [DEBUG] Visible objects: ['Apple(Apple|-01.75|+01.37|-01.16)', 'Bowl(Bowl|-01.82|+01.31|+00.27)', 'Bread(Bread|-01.51|+01.38|+00.66)', 'Cabinet(Cabinet|-01.46|+00.78|-02.00)', 'Cabinet(Cabinet|-01.46|+00.78|+00.47)', 'Cabinet(Cabinet|-01.46|+00.78|+01.31)', 'CounterTop(CounterTop|-01.81|+01.36|+01.18)', 'DishSponge(DishSponge|-02.05|+01.33|-00.96)', 'Drawer(Drawer|-01.61|+00.68|-01.22)', 'Drawer(Drawer|-01.61|+00.68|-00.43)', 'Egg(Egg|-01.57|+01.36|-01.05)', 'Faucet(Faucet|-02.13|+01.32|-00.81)', 'Floor(Floor|+00.00|+00.22|-00.82)', 'HousePlant(HousePlant|-02.03|+01.31|-00.03)', 'Lettuce(Lettuce|-01.89|+01.40|-01.07)', 'Mug(Mug|-01.97|+01.04|-00.43)', 'PaperTowelRoll(PaperTowelRoll|-02.04|+01.42|-01.90)', 'Plate(Plate|-01.47|+01.31|+00.24)', 'Pot(Pot|-01.58|+01.31|-01.58)', 'Potato(Potato|-01.61|+01.36|-01.24)', 'Sink(Sink|-01.99|+01.14|-00.98)', 'SinkBasin(Sink|-01.99|+01.14|-00.98|SinkBasin)', 'SoapBottle(SoapBottle|-01.79|+01.31|-00.10)', 'Toaster(Toaster|-01.89|+01.31|-02.51)', 'Tomato(Tomato|+00.92|+01.91|+01.61)', 'Window(Window|-02.57|+01.80|-00.82)']
2025-07-23 16:00:45,209 [INFO] [DEBUG] Found recently interacted tomato (ID: Tomato|+00.92|+01.91|+01.61)
2025-07-23 16:00:45,209 [INFO] [DEBUG] Using recently interacted tomato for clean
2025-07-23 16:00:45,209 [INFO] [DEBUG] Final selected object: Tomato (ID: Tomato|+00.92|+01.91|+01.61)
2025-07-23 16:00:45,209 [INFO] [EXECUTE] Executing clean on tomato (ID: Tomato|+00.92|+01.91|+01.61)
2025-07-23 16:00:45,488 [INFO] [SUCCESS] clean on tomato completed successfully
2025-07-23 16:00:45,488 [INFO] [DEBUG] Recorded recent interaction: tomato -> Tomato|+00.92|+01.91|+01.61
2025-07-23 16:00:49,001 [INFO] [EXECUTE] toggle_off faucet
2025-07-23 16:00:49,193 [INFO] [DEBUG] Looking for faucet to toggle_off
2025-07-23 16:00:49,194 [INFO] [DEBUG] Visible objects: ['Apple(Apple|-01.75|+01.37|-01.16)', 'Bowl(Bowl|-01.82|+01.31|+00.27)', 'Bread(Bread|-01.51|+01.38|+00.66)', 'Cabinet(Cabinet|-01.46|+00.78|-02.00)', 'Cabinet(Cabinet|-01.46|+00.78|+00.47)', 'Cabinet(Cabinet|-01.46|+00.78|+01.31)', 'CounterTop(CounterTop|-01.81|+01.36|+01.18)', 'DishSponge(DishSponge|-02.05|+01.33|-00.96)', 'Drawer(Drawer|-01.61|+00.68|-01.22)', 'Drawer(Drawer|-01.61|+00.68|-00.43)', 'Egg(Egg|-01.57|+01.36|-01.05)', 'Faucet(Faucet|-02.13|+01.32|-00.81)', 'Floor(Floor|+00.00|+00.22|-00.82)', 'HousePlant(HousePlant|-02.03|+01.31|-00.03)', 'Lettuce(Lettuce|-01.89|+01.40|-01.07)', 'Mug(Mug|-01.97|+01.04|-00.43)', 'PaperTowelRoll(PaperTowelRoll|-02.04|+01.42|-01.90)', 'Plate(Plate|-01.47|+01.31|+00.24)', 'Pot(Pot|-01.58|+01.31|-01.58)', 'Potato(Potato|-01.61|+01.36|-01.24)', 'Sink(Sink|-01.99|+01.14|-00.98)', 'SinkBasin(Sink|-01.99|+01.14|-00.98|SinkBasin)', 'SoapBottle(SoapBottle|-01.79|+01.31|-00.10)', 'Toaster(Toaster|-01.89|+01.31|-02.51)', 'Tomato(Tomato|+00.92|+01.91|+01.61)', 'Window(Window|-02.57|+01.80|-00.82)']
2025-07-23 16:00:49,194 [INFO] [DEBUG] Found recently interacted faucet (ID: Faucet|-02.13|+01.32|-00.81)
2025-07-23 16:00:49,194 [INFO] [DEBUG] Using recently interacted faucet for toggle_off
2025-07-23 16:00:49,194 [INFO] [DEBUG] Final selected object: Faucet (ID: Faucet|-02.13|+01.32|-00.81)
2025-07-23 16:00:49,194 [INFO] [EXECUTE] Executing toggle_off on faucet (ID: Faucet|-02.13|+01.32|-00.81)
2025-07-23 16:00:49,448 [INFO] [SUCCESS] toggle_off on faucet completed successfully
2025-07-23 16:00:49,448 [INFO] [DEBUG] Recorded recent interaction: faucet -> Faucet|-02.13|+01.32|-00.81
2025-07-23 16:00:52,808 [INFO] [EXECUTE] search plate
2025-07-23 16:00:52,928 [INFO] [SEARCH] Found visible plate in current view
2025-07-23 16:00:57,311 [INFO] [EXECUTE] pick_up plate
2025-07-23 16:00:57,483 [INFO] [DEBUG] Looking for plate to pick_up
2025-07-23 16:00:57,483 [INFO] [DEBUG] Visible objects: ['Apple(Apple|-01.75|+01.37|-01.16)', 'Bowl(Bowl|-01.82|+01.31|+00.27)', 'Bread(Bread|-01.51|+01.38|+00.66)', 'Cabinet(Cabinet|-01.46|+00.78|-02.00)', 'Cabinet(Cabinet|-01.46|+00.78|+00.47)', 'Cabinet(Cabinet|-01.46|+00.78|+01.31)', 'CounterTop(CounterTop|-01.81|+01.36|+01.18)', 'DishSponge(DishSponge|-02.05|+01.33|-00.96)', 'Drawer(Drawer|-01.61|+00.68|-01.22)', 'Drawer(Drawer|-01.61|+00.68|-00.43)', 'Egg(Egg|-01.57|+01.36|-01.05)', 'Faucet(Faucet|-02.13|+01.32|-00.81)', 'Floor(Floor|+00.00|+00.22|-00.82)', 'HousePlant(HousePlant|-02.03|+01.31|-00.03)', 'Lettuce(Lettuce|-01.89|+01.40|-01.07)', 'Mug(Mug|-01.97|+01.04|-00.43)', 'PaperTowelRoll(PaperTowelRoll|-02.04|+01.42|-01.90)', 'Plate(Plate|-01.47|+01.31|+00.24)', 'Pot(Pot|-01.58|+01.31|-01.58)', 'Potato(Potato|-01.61|+01.36|-01.24)', 'Sink(Sink|-01.99|+01.14|-00.98)', 'SinkBasin(Sink|-01.99|+01.14|-00.98|SinkBasin)', 'SoapBottle(SoapBottle|-01.79|+01.31|-00.10)', 'Toaster(Toaster|-01.89|+01.31|-02.51)', 'Tomato(Tomato|+00.92|+01.91|+01.61)', 'Window(Window|-02.57|+01.80|-00.82)']
2025-07-23 16:00:57,484 [INFO] [DEBUG] Selected first matching plate (ID: Plate|-01.47|+01.31|+00.24)
2025-07-23 16:00:57,484 [INFO] [DEBUG] Final selected object: Plate (ID: Plate|-01.47|+01.31|+00.24)
2025-07-23 16:00:57,484 [INFO] [EXECUTE] Executing pick_up on plate (ID: Plate|-01.47|+01.31|+00.24)
2025-07-23 16:00:57,712 [INFO] [SUCCESS] pick_up on plate completed successfully
2025-07-23 16:00:57,712 [INFO] [DEBUG] Recorded recent interaction: plate -> Plate|-01.47|+01.31|+00.24
2025-07-23 16:01:01,229 [INFO] [EXECUTE] put tomato plate
2025-07-23 16:01:07,755 [INFO] [EXECUTE] Putting Tomato on/in Plate
2025-07-23 16:01:08,031 [INFO] [SUCCESS] Put action completed successfully
2025-07-23 16:01:08,145 [INFO] [VERIFICATION] Starting task verification...
2025-07-23 16:01:08,460 [INFO] [VERIFY] Saved verification image: /Users/yuanda/Documents/embodied_reasoner/data_engine/data/data_pickup_and_put/FloorPlan3_pickup_and_put_0/verification/final_verification.png
2025-07-23 16:01:21,356 [INFO] [VERIFY] Task verification result: SUCCESS=True, CONFIDENCE=high
2025-07-23 16:01:21,357 [INFO] [VERIFY] Reason: The tomato is clearly placed on the black plate, which is located on the countertop as intended. All elements of the task, including finding, picking up, cleaning, and placing the tomato on the plate, seem to have been completed.
2025-07-23 16:01:21,359 [INFO] [VERIFICATION] ✓ Task completed successfully! (Confidence: high)
2025-07-23 16:01:21,359 [INFO] [VERIFICATION] Reason: The tomato is clearly placed on the black plate, which is located on the countertop as intended. All elements of the task, including finding, picking up, cleaning, and placing the tomato on the plate, seem to have been completed.
2025-07-23 16:01:21,362 [INFO] [VERIFICATION] Verification result saved to: /Users/yuanda/Documents/embodied_reasoner/data_engine/data/data_pickup_and_put/FloorPlan3_pickup_and_put_0/verification_result.json
2025-07-23 16:01:21,363 [INFO] [VERIFICATION] Task completed successfully, exiting retry loop.
2025-07-23 16:01:21,432 [INFO] [TASK COMPLETE] Finished task test_001: put tomato on plate
2025-07-23 16:01:21,432 [INFO] All tasks completed successfully!
2025-07-23 16:01:21,433 [INFO] Error paths saved to: ./wrong_generte_path_list.json
2025-07-23 16:17:02,235 [INFO] metadata_path: /Users/yuanda/Documents/embodied_reasoner/data_engine/taskgenerate/kitchens/FloorPlan3/metadata.json
2025-07-23 16:17:02,238 [INFO] Task configuration - USE_TEST_TASKS: True, TEST_TASK_ID: test_001, RUN_ALL_TEST_TASKS: False
2025-07-23 16:17:02,238 [INFO] Looking for test task: test_001
2025-07-23 16:17:02,238 [INFO] Loaded 15 test tasks from /Users/yuanda/Documents/embodied_reasoner/data_engine/test_tasks.json
2025-07-23 16:17:02,239 [INFO] Test task search result: True
2025-07-23 16:17:02,239 [INFO] Will run test task: test_001
2025-07-23 16:17:02,239 [INFO] 

*********************************************************************
2025-07-23 16:17:02,239 [INFO] Running Task ID: test_001
2025-07-23 16:17:02,239 [INFO] Scene:FloorPlan3 Task_Type: pickup_and_put Task: put tomato on plate
2025-07-23 16:17:02,239 [INFO] *********************************************************************

2025-07-23 16:17:02,240 [INFO] taskname: put tomato on plate
2025-07-23 16:17:10,109 [INFO] Initialize return: {'cameraNearPlane': 0.009999999776482582, 'cameraFarPlane': 20.0}
2025-07-23 16:17:10,232 [INFO] Initialization succeeded
2025-07-23 16:17:10,233 [INFO] [ATTEMPT 1/3] Starting task attempt
2025-07-23 16:17:10,296 [WARNING] [RESET] Failed to reset robot position on attempt 1
2025-07-23 16:17:43,040 [INFO] [OBSERVATION] <Observation>
I see a wooden countertop in front of me, with a sink and faucet on the right side. There are various kitchen items on the counter, including a toaster, a kettle, and some vegetables. Above the counter, there are shelves with bottles and wine glasses. A window is visible in the background, letting in natural light. Below the counter, there are cabinets and drawers. The floor appears to be wooden, matching the ceiling. The overall setup suggests a well-organized kitchen space.
</Observation>
2025-07-23 16:18:08,092 [INFO] [INITIAL TASK PLANNING] ['Locate the tomato on the countertop or nearby area.', 'Pick up the tomato.', 'Find a plate on the countertop or nearby area.', 'Place the tomato on the plate.']
2025-07-23 16:18:11,866 [INFO] [GENERAL QUESTION] Are there any specific requirements or considerations for the type of tomato or the plate to be used? For example, should the tomato be whole or sliced, and should the plate be a specific size, material, or color?
2025-07-23 16:18:11,867 [INFO] [ROBOT QUESTION] Are there any specific requirements or considerations for the type of tomato or the plate to be used? For example, should the tomato be whole or sliced, and should the plate be a specific size, material, or color?. User Response: cut tomato before put on the plate..
2025-07-23 16:18:11,868 [INFO] [RE-PLANNING BASED ON USER RESPONSE]
2025-07-23 16:18:16,327 [INFO] REPLAN?: True
2025-07-23 16:18:16,330 [INFO] Reason: The user's response indicates that the tomato should be cut before placing it on the plate. This introduces a new step in the task that was not originally accounted for in the plan. To align with the user's requirements, the plan must be updated to include cutting the tomato as part of the process. Therefore, replanning is necessary to ensure the task is executed correctly.
2025-07-23 16:18:31,118 [INFO] [REPLAN] Old subgoals: ['Locate the tomato on the countertop or nearby area.', 'Pick up the tomato.', 'Find a plate on the countertop or nearby area.', 'Place the tomato on the plate.']
2025-07-23 16:18:31,125 [INFO] [REPLAN] New subgoals: ['Locate the tomato on the countertop or nearby area.', 'Pick up the tomato.', 'Locate a knife on the countertop or nearby area.', 'Cut the tomato using the knife.', 'Find a plate on the countertop or nearby area.', 'Place the tomato on the plate.']
2025-07-23 16:18:49,056 [INFO] [DECISIONS] Generated 6 unique actions from 6 total actions
2025-07-23 16:18:49,058 [INFO] [SUBTASKS WITH DECISION] [{'action': 'search', 'objectType': 'tomato', 'targetObject': None, 'decisionmaking': 'search tomato'}, {'action': 'pick_up', 'objectType': 'tomato', 'targetObject': None, 'decisionmaking': 'pick_up tomato'}, {'action': 'search', 'objectType': 'knife', 'targetObject': None, 'decisionmaking': 'search knife'}, {'action': 'slice', 'objectType': 'tomato', 'targetObject': 'knife', 'decisionmaking': 'slice tomato knife'}, {'action': 'search', 'objectType': 'plate', 'targetObject': None, 'decisionmaking': 'search plate'}, {'action': 'put', 'objectType': 'tomato', 'targetObject': 'plate', 'decisionmaking': 'put tomato plate'}]
2025-07-23 16:19:27,843 [INFO] [EXECUTE] search tomato
2025-07-23 16:19:32,139 [INFO] [SEARCH] Checking CounterTop
2025-07-23 16:19:34,928 [INFO] [SEARCH] Could not find visible tomato in/on CounterTop
2025-07-23 16:19:34,928 [INFO] [SEARCH] Checking Cabinet
2025-07-23 16:19:36,090 [INFO] [SEARCH] Cabinet is closed, opening for search...
2025-07-23 16:19:36,220 [INFO] [SEARCH] Successfully opened Cabinet for searching tomato
2025-07-23 16:19:36,325 [INFO] [SEARCH] Could not find visible tomato in/on Cabinet
2025-07-23 16:19:36,381 [INFO] [SEARCH] Closing Cabinet immediately (target not found)
2025-07-23 16:19:36,500 [INFO] [SEARCH] Successfully closed Cabinet
2025-07-23 16:19:36,500 [INFO] [SEARCH] Checking Fridge
2025-07-23 16:19:38,580 [INFO] [SEARCH] Fridge is closed, opening for search...
2025-07-23 16:19:38,705 [INFO] [SEARCH] Successfully opened Fridge for searching tomato
2025-07-23 16:19:38,815 [INFO] [SEARCH] Found visible tomato in/on Fridge
2025-07-23 16:19:45,249 [INFO] [EXECUTE] pick_up tomato
2025-07-23 16:19:45,459 [INFO] [DEBUG] Looking for tomato to pick_up
2025-07-23 16:19:45,460 [INFO] [DEBUG] Visible objects: ['Drawer(Drawer|+00.65|+00.60|+01.02)', 'Drawer(Drawer|+00.65|+00.85|+01.02)', 'Floor(Floor|+00.00|+00.22|-00.82)', 'Fridge(Fridge|+01.01|+00.23|+01.92)', 'SideTable(SideTable|+00.98|+00.22|+00.87)', 'Tomato(Tomato|+00.92|+01.91|+01.61)']
2025-07-23 16:19:45,460 [INFO] [DEBUG] Selected first matching tomato (ID: Tomato|+00.92|+01.91|+01.61)
2025-07-23 16:19:45,460 [INFO] [DEBUG] Final selected object: Tomato (ID: Tomato|+00.92|+01.91|+01.61)
2025-07-23 16:19:45,461 [INFO] [EXECUTE] Executing pick_up on tomato (ID: Tomato|+00.92|+01.91|+01.61)
2025-07-23 16:19:45,876 [INFO] [SUCCESS] pick_up on tomato completed successfully
2025-07-23 16:19:45,877 [INFO] [DEBUG] Recorded recent interaction: tomato -> Tomato|+00.92|+01.91|+01.61
2025-07-23 16:19:45,877 [INFO] [SEARCH CLEANUP] Closing 1 containers that were opened for search
2025-07-23 16:19:45,951 [INFO] [SEARCH CLEANUP] Closing Fridge (ID: Fridge|+01.01|+00.23|+01.92)
2025-07-23 16:19:46,501 [INFO] [SEARCH CLEANUP] Successfully closed Fridge
2025-07-23 16:20:13,656 [INFO] [EXECUTE] search knife
2025-07-23 16:20:18,275 [INFO] [SEARCH] Checking Knife
2025-07-23 16:20:19,900 [INFO] [SEARCH] Found visible knife in/on Knife
2025-07-23 16:20:32,314 [INFO] [EXECUTE] slice tomato knife
2025-07-23 16:20:32,636 [INFO] [DEBUG] Looking for tomato to slice
2025-07-23 16:20:32,636 [INFO] [DEBUG] Visible objects: ['Cabinet(Cabinet|+00.58|+00.78|-02.05)', 'CoffeeMachine(CoffeeMachine|+01.13|+01.31|-01.43)', 'CounterTop(CounterTop|-01.81|+01.36|+01.18)', 'Floor(Floor|+00.00|+00.22|-00.82)', 'Fork(Fork|+00.62|+01.31|-02.48)', 'Knife(Knife|+00.72|+01.32|-02.20)', 'LightSwitch(LightSwitch|+01.39|+01.57|-00.66)', 'Microwave(Microwave|+00.99|+01.31|-02.16)', 'PepperShaker(PepperShaker|+00.47|+01.31|-03.00)', 'SaltShaker(SaltShaker|+00.33|+01.31|-02.83)', 'Spoon(Spoon|+00.61|+01.32|-02.36)', 'Stool(Stool|+00.61|+00.22|-01.08)', 'Tomato(Tomato|+00.92|+01.91|+01.61)', 'WineBottle(WineBottle|+00.96|+01.31|-01.01)']
2025-07-23 16:20:32,637 [INFO] [DEBUG] Found recently interacted tomato (ID: Tomato|+00.92|+01.91|+01.61)
2025-07-23 16:20:32,637 [INFO] [DEBUG] Using recently interacted tomato for slice
2025-07-23 16:20:32,637 [INFO] [DEBUG] Final selected object: Tomato (ID: Tomato|+00.92|+01.91|+01.61)
2025-07-23 16:20:32,637 [INFO] [EXECUTE] Executing slice on tomato (ID: Tomato|+00.92|+01.91|+01.61)
2025-07-23 16:20:32,801 [ERROR] [ERROR] Interact type slice is not defined., try again.
2025-07-23 16:20:32,811 [INFO] [ATTEMPT 2/3] Starting task attempt
2025-07-23 16:20:32,884 [WARNING] [RESET] Failed to reset robot position on attempt 2
2025-07-23 16:20:32,946 [INFO] [RESET] Dropping held object: Tomato|+00.92|+01.91|+01.61
2025-07-23 17:33:39,900 [INFO] metadata_path: /Users/yuanda/Documents/embodied_reasoner/data_engine/taskgenerate/kitchens/FloorPlan3/metadata.json
2025-07-23 17:33:39,903 [INFO] Task configuration - USE_TEST_TASKS: True, TEST_TASK_ID: test_001, RUN_ALL_TEST_TASKS: False
2025-07-23 17:33:39,903 [INFO] Looking for test task: test_001
2025-07-23 17:33:39,904 [INFO] Loaded 15 test tasks from /Users/yuanda/Documents/embodied_reasoner/data_engine/test_tasks.json
2025-07-23 17:33:39,904 [INFO] Test task search result: True
2025-07-23 17:33:39,904 [INFO] Will run test task: test_001
2025-07-23 17:33:39,905 [INFO] 

*********************************************************************
2025-07-23 17:33:39,905 [INFO] Running Task ID: test_001
2025-07-23 17:33:39,905 [INFO] Scene:FloorPlan3 Task_Type: pickup_and_put Task: put tomato on plate
2025-07-23 17:33:39,905 [INFO] *********************************************************************

2025-07-23 17:33:39,905 [INFO] taskname: put tomato on plate
2025-07-23 17:33:47,819 [INFO] Initialize return: {'cameraNearPlane': 0.009999999776482582, 'cameraFarPlane': 20.0}
2025-07-23 17:33:47,941 [INFO] Initialization succeeded
2025-07-23 17:33:47,942 [INFO] [ATTEMPT 1/3] Starting task attempt
2025-07-23 17:33:48,020 [WARNING] [RESET] Failed to reset robot position on attempt 1
2025-07-23 17:34:14,927 [INFO] [OBSERVATION] <Observation>
In the room, I observe a wooden countertop with various objects placed on it, including a toaster, a pot, a kettle, a sink basin with vegetables, and a knife. There is a window in the background, allowing natural light to enter the room. Above the counter, there are open shelves holding wine bottles and cups. A hanging rack with wine glasses is also visible. The room features a cabinet with drawers and a stove with visible knobs and burners. A faucet is present above the sink, and a houseplant adds a touch of greenery to the space. The overall layout suggests a kitchen or dining area.
</Observation>
2025-07-23 17:35:36,659 [INFO] [INITIAL TASK PLANNING] ['Find the tomato in the sink basin', 'Wash the tomato thoroughly', 'Find the plate on the countertop or another location', 'Pick up the tomato', 'Pick up the plate', 'Place the plate on the countertop', 'Put the tomato on the plate']
2025-07-23 17:35:39,247 [INFO] [GENERAL QUESTION] Are there any specific instructions or preferences regarding the placement of the tomato on the plate, such as orientation, portion size, or additional garnishes?
2025-07-23 17:35:59,890 [INFO] [ROBOT QUESTION] Are there any specific instructions or preferences regarding the placement of the tomato on the plate, such as orientation, portion size, or additional garnishes?. User Response: clean tomato before put on the plate.
2025-07-23 17:35:59,892 [INFO] [RE-PLANNING BASED ON USER RESPONSE]
2025-07-23 17:36:02,885 [INFO] REPLAN?: False
2025-07-23 17:36:02,886 [INFO] Reason: The user's response aligns with the current plan, as the task already includes washing the tomato thoroughly before placing it on the plate. There is no need to replan the task.
2025-07-23 17:36:02,886 [INFO] [NO REPLAN NEEDED] Reason: The user's response aligns with the current plan, as the task already includes washing the tomato thoroughly before placing it on the plate. There is no need to replan the task.
2025-07-23 17:36:20,438 [INFO] [HIGH-LEVEL] Decomposing wash tomato
2025-07-23 17:36:34,723 [INFO] [DECOMPOSE] wash tomato -> 8 atomic actions
2025-07-23 17:36:34,724 [INFO]   1. search sink
2025-07-23 17:36:34,724 [INFO]   2. navigate sink
2025-07-23 17:36:34,724 [INFO]   3. search tomato
2025-07-23 17:36:34,724 [INFO]   4. pick_up tomato
2025-07-23 17:36:34,724 [INFO]   5. put tomato sink
2025-07-23 17:36:34,725 [INFO]   6. toggle_on faucet
2025-07-23 17:36:34,725 [INFO]   7. clean tomato
2025-07-23 17:36:34,725 [INFO]   8. toggle_off faucet
2025-07-23 17:36:34,726 [INFO] [DECISIONS] Generated 12 unique actions from 7 total actions
2025-07-23 17:36:34,727 [INFO] [SUBTASKS WITH DECISION] [{'action': 'search', 'objectType': 'tomato', 'targetObject': 'sink', 'decisionmaking': 'search tomato sink'}, {'action': 'search', 'objectType': 'sink', 'targetObject': None, 'decisionmaking': 'search sink'}, {'action': 'navigate', 'objectType': 'sink', 'targetObject': None, 'decisionmaking': 'navigate sink'}, {'action': 'pick_up', 'objectType': 'tomato', 'targetObject': None, 'decisionmaking': 'pick_up tomato'}, {'action': 'put', 'objectType': 'tomato', 'targetObject': 'sink', 'decisionmaking': 'put tomato sink'}, {'action': 'toggle_on', 'objectType': 'faucet', 'targetObject': None, 'decisionmaking': 'toggle_on faucet'}, {'action': 'clean', 'objectType': 'tomato', 'targetObject': None, 'decisionmaking': 'clean tomato'}, {'action': 'toggle_off', 'objectType': 'faucet', 'targetObject': None, 'decisionmaking': 'toggle_off faucet'}, {'action': 'search', 'objectType': 'plate', 'targetObject': 'countertop', 'decisionmaking': 'search plate countertop'}, {'action': 'pick_up', 'objectType': 'plate', 'targetObject': None, 'decisionmaking': 'pick_up plate'}, {'action': 'put', 'objectType': 'plate', 'targetObject': 'countertop', 'decisionmaking': 'put plate countertop'}, {'action': 'put', 'objectType': 'tomato', 'targetObject': 'plate', 'decisionmaking': 'put tomato plate'}]
2025-07-23 17:37:06,615 [INFO] [EXECUTE] search tomato sink
2025-07-23 17:37:09,895 [INFO] [SEARCH] Checking Cup
2025-07-23 17:37:11,585 [INFO] [SEARCH] Could not find visible tomato in/on Cup
2025-07-23 17:37:11,585 [INFO] [SEARCH] Checking CounterTop
2025-07-23 17:37:13,518 [INFO] [SEARCH] Could not find visible tomato in/on CounterTop
2025-07-23 17:37:13,519 [INFO] [SEARCH] Checking Sink
2025-07-23 17:37:15,061 [INFO] [SEARCH] Could not find visible tomato in/on Sink
2025-07-23 17:37:15,061 [INFO] [SEARCH] Checking SinkBasin
2025-07-23 17:37:16,624 [INFO] [SEARCH] Could not find visible tomato in/on SinkBasin
2025-07-23 17:37:16,624 [INFO] [SEARCH] Checking Faucet
2025-07-23 17:37:17,833 [INFO] [SEARCH] Could not find visible tomato in/on Faucet
2025-07-23 17:37:17,833 [WARNING] [SEARCH] Could not find visible tomato after checking all possible locations
2025-07-23 17:37:17,833 [ERROR] [ERROR] Search failed for tomato, stopping execution.
2025-07-23 17:37:17,833 [INFO] [VERIFICATION] Starting task verification...
2025-07-23 17:37:18,171 [INFO] [VERIFY] Saved verification image: /Users/yuanda/Documents/embodied_reasoner/data_engine/data/data_pickup_and_put/FloorPlan3_pickup_and_put_0/verification/final_verification.png
2025-07-23 17:37:37,995 [INFO] metadata_path: /Users/yuanda/Documents/embodied_reasoner/data_engine/taskgenerate/kitchens/FloorPlan3/metadata.json
2025-07-23 17:37:37,997 [INFO] Task configuration - USE_TEST_TASKS: True, TEST_TASK_ID: test_001, RUN_ALL_TEST_TASKS: False
2025-07-23 17:37:37,998 [INFO] Looking for test task: test_001
2025-07-23 17:37:37,998 [INFO] Loaded 15 test tasks from /Users/yuanda/Documents/embodied_reasoner/data_engine/test_tasks.json
2025-07-23 17:37:37,998 [INFO] Test task search result: True
2025-07-23 17:37:37,999 [INFO] Will run test task: test_001
2025-07-23 17:37:37,999 [INFO] 

*********************************************************************
2025-07-23 17:37:37,999 [INFO] Running Task ID: test_001
2025-07-23 17:37:37,999 [INFO] Scene:FloorPlan3 Task_Type: pickup_and_put Task: put tomato on plate
2025-07-23 17:37:37,999 [INFO] *********************************************************************

2025-07-23 17:37:37,999 [INFO] taskname: put tomato on plate
2025-07-23 17:37:44,745 [INFO] Initialize return: {'cameraNearPlane': 0.009999999776482582, 'cameraFarPlane': 20.0}
2025-07-23 17:37:44,959 [INFO] Initialization succeeded
2025-07-23 17:37:44,961 [INFO] [ATTEMPT 1/3] Starting task attempt
2025-07-23 17:37:45,029 [WARNING] [RESET] Failed to reset robot position on attempt 1
2025-07-23 17:38:01,979 [INFO] [OBSERVATION] <Observation>
In the room, I can see a wooden cabinet with multiple drawers and a countertop. On the countertop, there is a sink with a faucet, a knife, a pot, a toaster, a kettle, and a bowl. There are also a few bottles and a plant on the shelves above the countertop. A window is visible on the wall, allowing natural light to enter the room. The stove has a burner with a red indicator light. No other objects from the specified categories are visible in the current view.
</Observation>
2025-07-23 17:38:42,066 [INFO] [INITIAL TASK PLANNING] ['Find the tomato', 'Pick up the tomato', 'Find the plate', 'Put the tomato on the plate', 'Find the tomato', 'Pick up the tomato', 'Find the plate', 'Put the tomato on the plate', 'Find the tomato', 'Pick up the tomato', 'Find the plate', 'Put the tomato on the plate']
2025-07-23 17:38:48,289 [INFO] [GENERAL QUESTION] Is the task intended to place multiple tomatoes on the same plate, or should the plan include checking if the plate is already occupied before adding more tomatoes?
2025-07-23 17:38:58,936 [INFO] [ROBOT QUESTION] Is the task intended to place multiple tomatoes on the same plate, or should the plan include checking if the plate is already occupied before adding more tomatoes?. User Response: clean tomato before put on.
2025-07-23 17:38:58,939 [INFO] [RE-PLANNING BASED ON USER RESPONSE]
2025-07-23 17:39:04,170 [INFO] REPLAN?: True
2025-07-23 17:39:04,171 [INFO] Reason: The user's response indicates that the task should include cleaning the tomato before placing it on the plate. The current plan does not account for this additional step, which is necessary to align with the user's requirements. Therefore, the plan needs to be updated to include cleaning the tomato before putting it on the plate.
2025-07-23 17:39:16,814 [INFO] [REPLAN] Old subgoals: ['Find the tomato', 'Pick up the tomato', 'Find the plate', 'Put the tomato on the plate', 'Find the tomato', 'Pick up the tomato', 'Find the plate', 'Put the tomato on the plate', 'Find the tomato', 'Pick up the tomato', 'Find the plate', 'Put the tomato on the plate']
2025-07-23 17:39:16,815 [INFO] [REPLAN] New subgoals: ['Find the tomato', 'Pick up the tomato', 'Find the sink', 'Clean the tomato in the sink', 'Find the plate', 'Put the tomato on the plate']
2025-07-23 17:39:34,951 [INFO] [HIGH-LEVEL] Decomposing clean tomato
2025-07-23 17:39:50,178 [INFO] [DECOMPOSE] clean tomato -> 11 atomic actions
2025-07-23 17:39:50,180 [INFO]   1. search sink
2025-07-23 17:39:50,180 [INFO]   2. navigate sink
2025-07-23 17:39:50,180 [INFO]   3. search tomato
2025-07-23 17:39:50,180 [INFO]   4. pick_up tomato
2025-07-23 17:39:50,181 [INFO]   5. put tomato sink
2025-07-23 17:39:50,181 [INFO]   6. toggle_on faucet
2025-07-23 17:39:50,181 [INFO]   7. clean tomato
2025-07-23 17:39:50,181 [INFO]   8. toggle_off faucet
2025-07-23 17:39:50,181 [INFO]   9. search plate
2025-07-23 17:39:50,181 [INFO]   10. pick_up plate
2025-07-23 17:39:50,182 [INFO]   11. put tomato plate
2025-07-23 17:39:50,183 [INFO] [DECISIONS] Generated 13 unique actions from 8 total actions
2025-07-23 17:39:50,184 [INFO] [SUBTASKS WITH DECISION] [{'action': 'search', 'objectType': 'tomato', 'targetObject': None, 'decisionmaking': 'search tomato'}, {'action': 'pick_up', 'objectType': 'tomato', 'targetObject': None, 'decisionmaking': 'pick_up tomato'}, {'action': 'search', 'objectType': 'sink', 'targetObject': None, 'decisionmaking': 'search sink'}, {'action': 'toggle_on', 'objectType': 'sink', 'targetObject': None, 'decisionmaking': 'toggle_on sink'}, {'action': 'navigate', 'objectType': 'sink', 'targetObject': None, 'decisionmaking': 'navigate sink'}, {'action': 'put', 'objectType': 'tomato', 'targetObject': 'sink', 'decisionmaking': 'put tomato sink'}, {'action': 'toggle_on', 'objectType': 'faucet', 'targetObject': None, 'decisionmaking': 'toggle_on faucet'}, {'action': 'clean', 'objectType': 'tomato', 'targetObject': None, 'decisionmaking': 'clean tomato'}, {'action': 'toggle_off', 'objectType': 'faucet', 'targetObject': None, 'decisionmaking': 'toggle_off faucet'}, {'action': 'search', 'objectType': 'plate', 'targetObject': None, 'decisionmaking': 'search plate'}, {'action': 'pick_up', 'objectType': 'plate', 'targetObject': None, 'decisionmaking': 'pick_up plate'}, {'action': 'put', 'objectType': 'tomato', 'targetObject': 'plate', 'decisionmaking': 'put tomato plate'}, {'action': 'toggle_off', 'objectType': 'sink', 'targetObject': None, 'decisionmaking': 'toggle_off sink'}]
2025-07-23 17:40:08,324 [INFO] [EXECUTE] search tomato
2025-07-23 17:40:11,874 [INFO] [SEARCH] Checking Cabinet
2025-07-23 17:40:13,293 [INFO] [SEARCH] Cabinet is closed, opening for search...
2025-07-23 17:40:13,625 [INFO] [SEARCH] Successfully opened Cabinet for searching tomato
2025-07-23 17:40:13,741 [INFO] [SEARCH] Could not find visible tomato in/on Cabinet
2025-07-23 17:40:13,796 [INFO] [SEARCH] Closing Cabinet immediately (target not found)
2025-07-23 17:40:13,916 [INFO] [SEARCH] Successfully closed Cabinet
2025-07-23 17:40:13,916 [INFO] [SEARCH] Checking Fridge
2025-07-23 17:40:15,851 [INFO] [SEARCH] Fridge is closed, opening for search...
2025-07-23 17:40:15,974 [INFO] [SEARCH] Successfully opened Fridge for searching tomato
2025-07-23 17:40:16,085 [INFO] [SEARCH] Found visible tomato in/on Fridge
2025-07-23 17:40:19,272 [INFO] [EXECUTE] pick_up tomato
2025-07-23 17:40:19,443 [INFO] [DEBUG] Looking for tomato to pick_up
2025-07-23 17:40:19,443 [INFO] [DEBUG] Visible objects: ['Drawer(Drawer|+00.65|+00.60|+01.02)', 'Drawer(Drawer|+00.65|+00.85|+01.02)', 'Floor(Floor|+00.00|+00.22|-00.82)', 'Fridge(Fridge|+01.01|+00.23|+01.92)', 'SideTable(SideTable|+00.98|+00.22|+00.87)', 'Tomato(Tomato|+00.92|+01.91|+01.61)']
2025-07-23 17:40:19,444 [INFO] [DEBUG] Selected first matching tomato (ID: Tomato|+00.92|+01.91|+01.61)
2025-07-23 17:40:19,444 [INFO] [DEBUG] Final selected object: Tomato (ID: Tomato|+00.92|+01.91|+01.61)
2025-07-23 17:40:19,444 [INFO] [EXECUTE] Executing pick_up on tomato (ID: Tomato|+00.92|+01.91|+01.61)
2025-07-23 17:40:19,606 [INFO] [SUCCESS] pick_up on tomato completed successfully
2025-07-23 17:40:19,606 [INFO] [DEBUG] Recorded recent interaction: tomato -> Tomato|+00.92|+01.91|+01.61
2025-07-23 17:40:19,606 [INFO] [SEARCH CLEANUP] Closing 1 containers that were opened for search
2025-07-23 17:40:19,665 [INFO] [SEARCH CLEANUP] Closing Fridge (ID: Fridge|+01.01|+00.23|+01.92)
2025-07-23 17:40:20,082 [INFO] [SEARCH CLEANUP] Successfully closed Fridge
2025-07-23 17:40:24,766 [INFO] [EXECUTE] search sink
2025-07-23 17:40:28,393 [INFO] [SEARCH] Checking Sink
2025-07-23 17:40:30,208 [INFO] [SEARCH] Found visible sink in/on Sink
2025-07-23 17:40:36,247 [INFO] [EXECUTE] toggle_on sink
2025-07-23 17:40:36,467 [INFO] [DEBUG] Looking for sink to toggle_on
2025-07-23 17:40:36,467 [INFO] [DEBUG] Visible objects: ['Apple(Apple|-01.75|+01.37|-01.16)', 'Bowl(Bowl|-01.82|+01.31|+00.27)', 'Bread(Bread|-01.51|+01.38|+00.66)', 'Cabinet(Cabinet|-01.46|+00.78|-02.00)', 'Cabinet(Cabinet|-01.46|+00.78|+00.47)', 'Cabinet(Cabinet|-01.46|+00.78|+01.31)', 'CounterTop(CounterTop|-01.81|+01.36|+01.18)', 'DishSponge(DishSponge|-02.05|+01.33|-00.96)', 'Drawer(Drawer|-01.61|+00.68|-01.22)', 'Drawer(Drawer|-01.61|+00.68|-00.43)', 'Egg(Egg|-01.57|+01.36|-01.05)', 'Faucet(Faucet|-02.13|+01.32|-00.81)', 'Floor(Floor|+00.00|+00.22|-00.82)', 'HousePlant(HousePlant|-02.03|+01.31|-00.03)', 'Lettuce(Lettuce|-01.89|+01.40|-01.07)', 'Mug(Mug|-01.97|+01.04|-00.43)', 'PaperTowelRoll(PaperTowelRoll|-02.04|+01.42|-01.90)', 'Plate(Plate|-01.47|+01.31|+00.24)', 'Pot(Pot|-01.58|+01.31|-01.58)', 'Potato(Potato|-01.61|+01.36|-01.24)', 'Sink(Sink|-01.99|+01.14|-00.98)', 'SinkBasin(Sink|-01.99|+01.14|-00.98|SinkBasin)', 'SoapBottle(SoapBottle|-01.79|+01.31|-00.10)', 'Toaster(Toaster|-01.89|+01.31|-02.51)', 'Tomato(Tomato|+00.92|+01.91|+01.61)', 'Window(Window|-02.57|+01.80|-00.82)']
2025-07-23 17:40:36,468 [INFO] [DEBUG] Selected first matching sink (ID: Sink|-01.99|+01.14|-00.98)
2025-07-23 17:40:36,468 [INFO] [DEBUG] Final selected object: Sink (ID: Sink|-01.99|+01.14|-00.98)
2025-07-23 17:40:36,468 [INFO] [EXECUTE] Executing toggle_on on sink (ID: Sink|-01.99|+01.14|-00.98)
2025-07-23 17:40:36,721 [INFO] [SUCCESS] toggle_on on sink completed successfully
2025-07-23 17:40:36,722 [INFO] [DEBUG] Recorded recent interaction: sink -> Sink|-01.99|+01.14|-00.98
2025-07-23 17:40:45,424 [INFO] [EXECUTE] navigate sink
2025-07-23 17:40:49,076 [INFO] [EXECUTE] put tomato sink
2025-07-23 17:40:50,668 [INFO] [EXECUTE] Putting Tomato on/in Sink
2025-07-23 17:40:50,969 [INFO] [SUCCESS] Put action completed successfully
2025-07-23 17:40:54,649 [INFO] [EXECUTE] toggle_on faucet
2025-07-23 17:40:54,823 [INFO] [DEBUG] Looking for faucet to toggle_on
2025-07-23 17:40:54,824 [INFO] [DEBUG] Visible objects: ['Apple(Apple|-01.75|+01.37|-01.16)', 'Bowl(Bowl|-01.82|+01.31|+00.27)', 'Bread(Bread|-01.51|+01.38|+00.66)', 'Cabinet(Cabinet|-01.46|+00.78|-02.00)', 'Cabinet(Cabinet|-01.46|+00.78|+00.47)', 'Cabinet(Cabinet|-01.46|+00.78|+01.31)', 'CounterTop(CounterTop|-01.81|+01.36|+01.18)', 'DishSponge(DishSponge|-02.05|+01.33|-00.96)', 'Drawer(Drawer|-01.61|+00.68|-01.22)', 'Drawer(Drawer|-01.61|+00.68|-00.43)', 'Egg(Egg|-01.57|+01.36|-01.05)', 'Faucet(Faucet|-02.13|+01.32|-00.81)', 'Floor(Floor|+00.00|+00.22|-00.82)', 'HousePlant(HousePlant|-02.03|+01.31|-00.03)', 'Lettuce(Lettuce|-01.89|+01.40|-01.07)', 'Mug(Mug|-01.97|+01.04|-00.43)', 'PaperTowelRoll(PaperTowelRoll|-02.04|+01.42|-01.90)', 'Plate(Plate|-01.47|+01.31|+00.24)', 'Pot(Pot|-01.58|+01.31|-01.58)', 'Potato(Potato|-01.61|+01.36|-01.24)', 'Sink(Sink|-01.99|+01.14|-00.98)', 'SinkBasin(Sink|-01.99|+01.14|-00.98|SinkBasin)', 'SoapBottle(SoapBottle|-01.79|+01.31|-00.10)', 'Toaster(Toaster|-01.89|+01.31|-02.51)', 'Tomato(Tomato|+00.92|+01.91|+01.61)', 'Window(Window|-02.57|+01.80|-00.82)']
2025-07-23 17:40:54,824 [INFO] [DEBUG] Selected first matching faucet (ID: Faucet|-02.13|+01.32|-00.81)
2025-07-23 17:40:54,824 [INFO] [DEBUG] Final selected object: Faucet (ID: Faucet|-02.13|+01.32|-00.81)
2025-07-23 17:40:54,824 [INFO] [EXECUTE] Executing toggle_on on faucet (ID: Faucet|-02.13|+01.32|-00.81)
2025-07-23 17:40:54,995 [INFO] [SUCCESS] toggle_on on faucet completed successfully
2025-07-23 17:40:54,995 [INFO] [DEBUG] Recorded recent interaction: faucet -> Faucet|-02.13|+01.32|-00.81
2025-07-23 17:41:02,461 [INFO] [EXECUTE] clean tomato
2025-07-23 17:41:02,626 [INFO] [DEBUG] Looking for tomato to clean
2025-07-23 17:41:02,626 [INFO] [DEBUG] Visible objects: ['Apple(Apple|-01.75|+01.37|-01.16)', 'Bowl(Bowl|-01.82|+01.31|+00.27)', 'Bread(Bread|-01.51|+01.38|+00.66)', 'Cabinet(Cabinet|-01.46|+00.78|-02.00)', 'Cabinet(Cabinet|-01.46|+00.78|+00.47)', 'Cabinet(Cabinet|-01.46|+00.78|+01.31)', 'CounterTop(CounterTop|-01.81|+01.36|+01.18)', 'DishSponge(DishSponge|-02.05|+01.33|-00.96)', 'Drawer(Drawer|-01.61|+00.68|-01.22)', 'Drawer(Drawer|-01.61|+00.68|-00.43)', 'Egg(Egg|-01.57|+01.36|-01.05)', 'Faucet(Faucet|-02.13|+01.32|-00.81)', 'Floor(Floor|+00.00|+00.22|-00.82)', 'HousePlant(HousePlant|-02.03|+01.31|-00.03)', 'Lettuce(Lettuce|-01.89|+01.40|-01.07)', 'Mug(Mug|-01.97|+01.04|-00.43)', 'PaperTowelRoll(PaperTowelRoll|-02.04|+01.42|-01.90)', 'Plate(Plate|-01.47|+01.31|+00.24)', 'Pot(Pot|-01.58|+01.31|-01.58)', 'Potato(Potato|-01.61|+01.36|-01.24)', 'Sink(Sink|-01.99|+01.14|-00.98)', 'SinkBasin(Sink|-01.99|+01.14|-00.98|SinkBasin)', 'SoapBottle(SoapBottle|-01.79|+01.31|-00.10)', 'Toaster(Toaster|-01.89|+01.31|-02.51)', 'Tomato(Tomato|+00.92|+01.91|+01.61)', 'Window(Window|-02.57|+01.80|-00.82)']
2025-07-23 17:41:02,627 [INFO] [DEBUG] Found recently interacted tomato (ID: Tomato|+00.92|+01.91|+01.61)
2025-07-23 17:41:02,627 [INFO] [DEBUG] Using recently interacted tomato for clean
2025-07-23 17:41:02,627 [INFO] [DEBUG] Final selected object: Tomato (ID: Tomato|+00.92|+01.91|+01.61)
2025-07-23 17:41:02,628 [INFO] [EXECUTE] Executing clean on tomato (ID: Tomato|+00.92|+01.91|+01.61)
2025-07-23 17:41:02,742 [INFO] [SUCCESS] clean on tomato completed successfully
2025-07-23 17:41:02,742 [INFO] [DEBUG] Recorded recent interaction: tomato -> Tomato|+00.92|+01.91|+01.61
2025-07-23 17:41:14,104 [INFO] [EXECUTE] toggle_off faucet
2025-07-23 17:41:14,349 [INFO] [DEBUG] Looking for faucet to toggle_off
2025-07-23 17:41:14,349 [INFO] [DEBUG] Visible objects: ['Apple(Apple|-01.75|+01.37|-01.16)', 'Bowl(Bowl|-01.82|+01.31|+00.27)', 'Bread(Bread|-01.51|+01.38|+00.66)', 'Cabinet(Cabinet|-01.46|+00.78|-02.00)', 'Cabinet(Cabinet|-01.46|+00.78|+00.47)', 'Cabinet(Cabinet|-01.46|+00.78|+01.31)', 'CounterTop(CounterTop|-01.81|+01.36|+01.18)', 'DishSponge(DishSponge|-02.05|+01.33|-00.96)', 'Drawer(Drawer|-01.61|+00.68|-01.22)', 'Drawer(Drawer|-01.61|+00.68|-00.43)', 'Egg(Egg|-01.57|+01.36|-01.05)', 'Faucet(Faucet|-02.13|+01.32|-00.81)', 'Floor(Floor|+00.00|+00.22|-00.82)', 'HousePlant(HousePlant|-02.03|+01.31|-00.03)', 'Lettuce(Lettuce|-01.89|+01.40|-01.07)', 'Mug(Mug|-01.97|+01.04|-00.43)', 'PaperTowelRoll(PaperTowelRoll|-02.04|+01.42|-01.90)', 'Plate(Plate|-01.47|+01.31|+00.24)', 'Pot(Pot|-01.58|+01.31|-01.58)', 'Potato(Potato|-01.61|+01.36|-01.24)', 'Sink(Sink|-01.99|+01.14|-00.98)', 'SinkBasin(Sink|-01.99|+01.14|-00.98|SinkBasin)', 'SoapBottle(SoapBottle|-01.79|+01.31|-00.10)', 'Toaster(Toaster|-01.89|+01.31|-02.51)', 'Tomato(Tomato|+00.92|+01.91|+01.61)', 'Window(Window|-02.57|+01.80|-00.82)']
2025-07-23 17:41:14,349 [INFO] [DEBUG] Found recently interacted faucet (ID: Faucet|-02.13|+01.32|-00.81)
2025-07-23 17:41:14,350 [INFO] [DEBUG] Using recently interacted faucet for toggle_off
2025-07-23 17:41:14,350 [INFO] [DEBUG] Final selected object: Faucet (ID: Faucet|-02.13|+01.32|-00.81)
2025-07-23 17:41:14,350 [INFO] [EXECUTE] Executing toggle_off on faucet (ID: Faucet|-02.13|+01.32|-00.81)
2025-07-23 17:41:14,496 [INFO] [SUCCESS] toggle_off on faucet completed successfully
2025-07-23 17:41:14,496 [INFO] [DEBUG] Recorded recent interaction: faucet -> Faucet|-02.13|+01.32|-00.81
2025-07-23 17:41:22,245 [INFO] [EXECUTE] search plate
2025-07-23 17:41:22,475 [INFO] [SEARCH] Found visible plate in current view
2025-07-23 17:41:36,041 [INFO] [EXECUTE] pick_up plate
2025-07-23 17:41:36,276 [INFO] [DEBUG] Looking for plate to pick_up
2025-07-23 17:41:36,276 [INFO] [DEBUG] Visible objects: ['Apple(Apple|-01.75|+01.37|-01.16)', 'Bowl(Bowl|-01.82|+01.31|+00.27)', 'Bread(Bread|-01.51|+01.38|+00.66)', 'Cabinet(Cabinet|-01.46|+00.78|-02.00)', 'Cabinet(Cabinet|-01.46|+00.78|+00.47)', 'Cabinet(Cabinet|-01.46|+00.78|+01.31)', 'CounterTop(CounterTop|-01.81|+01.36|+01.18)', 'DishSponge(DishSponge|-02.05|+01.33|-00.96)', 'Drawer(Drawer|-01.61|+00.68|-01.22)', 'Drawer(Drawer|-01.61|+00.68|-00.43)', 'Egg(Egg|-01.57|+01.36|-01.05)', 'Faucet(Faucet|-02.13|+01.32|-00.81)', 'Floor(Floor|+00.00|+00.22|-00.82)', 'HousePlant(HousePlant|-02.03|+01.31|-00.03)', 'Lettuce(Lettuce|-01.89|+01.40|-01.07)', 'Mug(Mug|-01.97|+01.04|-00.43)', 'PaperTowelRoll(PaperTowelRoll|-02.04|+01.42|-01.90)', 'Plate(Plate|-01.47|+01.31|+00.24)', 'Pot(Pot|-01.58|+01.31|-01.58)', 'Potato(Potato|-01.61|+01.36|-01.24)', 'Sink(Sink|-01.99|+01.14|-00.98)', 'SinkBasin(Sink|-01.99|+01.14|-00.98|SinkBasin)', 'SoapBottle(SoapBottle|-01.79|+01.31|-00.10)', 'Toaster(Toaster|-01.89|+01.31|-02.51)', 'Tomato(Tomato|+00.92|+01.91|+01.61)', 'Window(Window|-02.57|+01.80|-00.82)']
2025-07-23 17:41:36,276 [INFO] [DEBUG] Selected first matching plate (ID: Plate|-01.47|+01.31|+00.24)
2025-07-23 17:41:36,276 [INFO] [DEBUG] Final selected object: Plate (ID: Plate|-01.47|+01.31|+00.24)
2025-07-23 17:41:36,277 [INFO] [EXECUTE] Executing pick_up on plate (ID: Plate|-01.47|+01.31|+00.24)
2025-07-23 17:41:36,417 [INFO] [SUCCESS] pick_up on plate completed successfully
2025-07-23 17:41:36,417 [INFO] [DEBUG] Recorded recent interaction: plate -> Plate|-01.47|+01.31|+00.24
2025-07-23 17:41:41,897 [INFO] [EXECUTE] put tomato plate
2025-07-23 17:41:45,203 [INFO] [EXECUTE] Putting Plate on/in Plate
2025-07-23 17:41:45,426 [INFO] [SUCCESS] Put action completed successfully
2025-07-23 17:42:04,415 [INFO] [EXECUTE] toggle_off sink
2025-07-23 17:42:04,670 [INFO] [DEBUG] Looking for sink to toggle_off
2025-07-23 17:42:04,670 [INFO] [DEBUG] Visible objects: ['Apple(Apple|-01.75|+01.37|-01.16)', 'Bowl(Bowl|-01.82|+01.31|+00.27)', 'Bread(Bread|-01.51|+01.38|+00.66)', 'Cabinet(Cabinet|-01.46|+00.78|-02.00)', 'Cabinet(Cabinet|-01.46|+00.78|+00.47)', 'Cabinet(Cabinet|-01.46|+00.78|+01.31)', 'CounterTop(CounterTop|-01.81|+01.36|+01.18)', 'DishSponge(DishSponge|-02.05|+01.33|-00.96)', 'Drawer(Drawer|-01.61|+00.68|-01.22)', 'Drawer(Drawer|-01.61|+00.68|-00.43)', 'Egg(Egg|-01.57|+01.36|-01.05)', 'Faucet(Faucet|-02.13|+01.32|-00.81)', 'Floor(Floor|+00.00|+00.22|-00.82)', 'HousePlant(HousePlant|-02.03|+01.31|-00.03)', 'Lettuce(Lettuce|-01.89|+01.40|-01.07)', 'Mug(Mug|-01.97|+01.04|-00.43)', 'PaperTowelRoll(PaperTowelRoll|-02.04|+01.42|-01.90)', 'Plate(Plate|-01.47|+01.31|+00.24)', 'Pot(Pot|-01.58|+01.31|-01.58)', 'Potato(Potato|-01.61|+01.36|-01.24)', 'Sink(Sink|-01.99|+01.14|-00.98)', 'SinkBasin(Sink|-01.99|+01.14|-00.98|SinkBasin)', 'SoapBottle(SoapBottle|-01.79|+01.31|-00.10)', 'Toaster(Toaster|-01.89|+01.31|-02.51)', 'Tomato(Tomato|+00.92|+01.91|+01.61)', 'Window(Window|-02.57|+01.80|-00.82)']
2025-07-23 17:42:04,671 [INFO] [DEBUG] Found recently interacted sink (ID: Sink|-01.99|+01.14|-00.98)
2025-07-23 17:42:04,671 [INFO] [DEBUG] Using recently interacted sink for toggle_off
2025-07-23 17:42:04,671 [INFO] [DEBUG] Final selected object: Sink (ID: Sink|-01.99|+01.14|-00.98)
2025-07-23 17:42:04,671 [INFO] [EXECUTE] Executing toggle_off on sink (ID: Sink|-01.99|+01.14|-00.98)
2025-07-23 17:42:04,955 [INFO] [SUCCESS] toggle_off on sink completed successfully
2025-07-23 17:42:04,955 [INFO] [DEBUG] Recorded recent interaction: sink -> Sink|-01.99|+01.14|-00.98
2025-07-23 17:42:05,020 [INFO] [VERIFICATION] Starting task verification...
2025-07-23 17:42:05,313 [INFO] [VERIFY] Saved verification image: /Users/yuanda/Documents/embodied_reasoner/data_engine/data/data_pickup_and_put/FloorPlan3_pickup_and_put_0/verification/final_verification.png
2025-07-23 17:42:56,774 [INFO] metadata_path: /Users/yuanda/Documents/embodied_reasoner/data_engine/taskgenerate/kitchens/FloorPlan3/metadata.json
2025-07-23 17:42:56,776 [INFO] Task configuration - USE_TEST_TASKS: True, TEST_TASK_ID: test_001, RUN_ALL_TEST_TASKS: False
2025-07-23 17:42:56,777 [INFO] Looking for test task: test_001
2025-07-23 17:42:56,777 [INFO] Loaded 15 test tasks from /Users/yuanda/Documents/embodied_reasoner/data_engine/test_tasks.json
2025-07-23 17:42:56,777 [INFO] Test task search result: True
2025-07-23 17:42:56,777 [INFO] Will run test task: test_001
2025-07-23 17:42:56,778 [INFO] 

*********************************************************************
2025-07-23 17:42:56,778 [INFO] Running Task ID: test_001
2025-07-23 17:42:56,778 [INFO] Scene:FloorPlan3 Task_Type: pickup_and_put Task: put tomato on plate
2025-07-23 17:42:56,778 [INFO] *********************************************************************

2025-07-23 17:42:56,778 [INFO] taskname: put tomato on plate
2025-07-23 17:43:04,071 [INFO] Initialize return: {'cameraNearPlane': 0.009999999776482582, 'cameraFarPlane': 20.0}
2025-07-23 17:43:04,205 [INFO] Initialization succeeded
2025-07-23 17:43:04,205 [INFO] [ATTEMPT 1/3] Starting task attempt
2025-07-23 17:43:04,268 [WARNING] [RESET] Failed to reset robot position on attempt 1
2025-07-23 17:43:21,094 [INFO] [OBSERVATION] <Observation> I see a kitchen with a wooden countertop and cabinets. There is a sink with a faucet, and a pot sits on the stove. To the right of the stove, there are various items including a toaster, a kettle, and some fruits. Above the countertop, there are shelves holding wine bottles and other kitchen essentials. There is a window in the background, allowing natural light to enter the room. On the countertop, there are a few knives and a bread loaf. The overall setup suggests a functional and organized kitchen space. </Observation>
2025-07-23 18:28:38,989 [INFO] metadata_path: /Users/yuanda/Documents/embodied_reasoner/data_engine/taskgenerate/kitchens/FloorPlan3/metadata.json
2025-07-23 18:28:38,993 [INFO] Task configuration - USE_TEST_TASKS: True, TEST_TASK_ID: test_001, RUN_ALL_TEST_TASKS: False
2025-07-23 18:28:38,994 [INFO] Looking for test task: test_001
2025-07-23 18:28:38,995 [INFO] Loaded 15 test tasks from /Users/yuanda/Documents/embodied_reasoner/data_engine/test_tasks.json
2025-07-23 18:28:38,995 [INFO] Test task search result: True
2025-07-23 18:28:38,996 [INFO] Will run test task: test_001
2025-07-23 18:28:38,996 [INFO] 

*********************************************************************
2025-07-23 18:28:38,996 [INFO] Running Task ID: test_001
2025-07-23 18:28:38,996 [INFO] Scene:FloorPlan3 Task_Type: pickup_and_put Task: put tomato on plate
2025-07-23 18:28:38,997 [INFO] *********************************************************************

2025-07-23 18:28:38,997 [INFO] taskname: put tomato on plate
2025-07-23 18:28:46,273 [INFO] Initialize return: {'cameraNearPlane': 0.009999999776482582, 'cameraFarPlane': 20.0}
2025-07-23 18:28:46,381 [INFO] Initialization succeeded
2025-07-23 18:28:46,382 [INFO] [ATTEMPT 1/3] Starting task attempt
2025-07-23 18:28:46,446 [WARNING] [RESET] Failed to reset robot position on attempt 1
2025-07-23 18:29:16,334 [INFO] [OBSERVATION] <Observation>
I see a kitchen scene. There is a stove with a burner in the foreground, and a pan is placed on it. The stove has a knob nearby. A wooden cabinet is visible below the counter, and a side table with shelves holds various items, including bottles and glasses. A houseplant is situated on the countertop near the sink, which has a faucet. The sink is silver and has a basin. There is a window letting in light, and a knife is visible on the counter. A cup is present, along with a pot on the stove. No spoon, fork, salt shaker, or pepper shaker are visible. A drawer is part of the cabinet, and the countertop is wooden.
</Observation>
2025-07-23 18:29:25,378 [INFO] [INITIAL TASK PLANNING] ['Find the tomato', 'Pick up the tomato', 'Find the plate', 'Put the tomato on the plate']
2025-07-23 18:29:31,016 [INFO] [GENERAL QUESTION] Are there any specific requirements or conditions for the tomato (e.g., size, freshness, type) or the plate (e.g., material, color, shape) that need to be considered before executing the plan?
2025-07-23 18:29:51,955 [INFO] [ROBOT QUESTION] Are there any specific requirements or conditions for the tomato (e.g., size, freshness, type) or the plate (e.g., material, color, shape) that need to be considered before executing the plan?. User Response: slice tomato then put on the plate.
2025-07-23 18:29:51,958 [INFO] [RE-PLANNING BASED ON USER RESPONSE]
2025-07-23 18:30:44,500 [INFO] REPLAN?: True
2025-07-23 18:30:44,504 [INFO] Reason: The user's response indicates a change in the task requirements. Instead of simply putting the tomato on the plate, the user now wants the tomato to be sliced before it is placed on the plate. This addition to the task requires a new step in the plan: slicing the tomato. Therefore, the current plan needs to be updated to include this new instruction. The revised plan should reflect the user's request for slicing the tomato before placing it on the plate.<|endoftext|><|im_start|>
2025-07-23 18:30:56,006 [INFO] [REPLAN] Old subgoals: ['Find the tomato', 'Pick up the tomato', 'Find the plate', 'Put the tomato on the plate']
2025-07-23 18:30:56,007 [INFO] [REPLAN] New subgoals: ['Find the tomato', 'Pick up the tomato', 'Find a knife', 'Slice the tomato using the knife', 'Find the plate', 'Put the sliced tomato on the plate']
2025-07-23 18:33:11,227 [INFO] [DECISIONS] Generated 6 unique actions from 6 total actions
2025-07-23 18:33:11,229 [INFO] [SUBTASKS WITH DECISION] [{'action': 'search', 'objectType': 'tomato', 'targetObject': None, 'decisionmaking': 'search tomato'}, {'action': 'pick_up', 'objectType': 'tomato', 'targetObject': None, 'decisionmaking': 'pick_up tomato'}, {'action': 'search', 'objectType': 'knife', 'targetObject': None, 'decisionmaking': 'search knife'}, {'action': 'slice', 'objectType': 'tomato', 'targetObject': 'knife', 'decisionmaking': 'slice tomato knife'}, {'action': 'search', 'objectType': 'plate', 'targetObject': None, 'decisionmaking': 'search plate'}, {'action': 'put', 'objectType': 'tomato', 'targetObject': 'plate', 'decisionmaking': 'put tomato plate'}]
2025-07-23 18:33:42,036 [INFO] [EXECUTE] search tomato
2025-07-23 18:33:45,577 [INFO] [SEARCH] Checking Fridge
2025-07-23 18:33:48,367 [INFO] [SEARCH] Fridge is closed, opening for search...
2025-07-23 18:33:48,495 [INFO] [SEARCH] Successfully opened Fridge for searching tomato
2025-07-23 18:33:48,608 [INFO] [SEARCH] Found visible tomato in/on Fridge
2025-07-23 18:33:51,628 [INFO] [EXECUTE] pick_up tomato
2025-07-23 18:33:51,798 [INFO] [DEBUG] Looking for tomato to pick_up
2025-07-23 18:33:51,799 [INFO] [DEBUG] Visible objects: ['Drawer(Drawer|+00.65|+00.60|+01.02)', 'Drawer(Drawer|+00.65|+00.85|+01.02)', 'Floor(Floor|+00.00|+00.22|-00.82)', 'Fridge(Fridge|+01.01|+00.23|+01.92)', 'SideTable(SideTable|+00.98|+00.22|+00.87)', 'Tomato(Tomato|+00.92|+01.91|+01.61)']
2025-07-23 18:33:51,799 [INFO] [DEBUG] Selected first matching tomato (ID: Tomato|+00.92|+01.91|+01.61)
2025-07-23 18:33:51,799 [INFO] [DEBUG] Final selected object: Tomato (ID: Tomato|+00.92|+01.91|+01.61)
2025-07-23 18:33:51,800 [INFO] [EXECUTE] Executing pick_up on tomato (ID: Tomato|+00.92|+01.91|+01.61)
2025-07-23 18:33:51,955 [INFO] [SUCCESS] pick_up on tomato completed successfully
2025-07-23 18:33:51,955 [INFO] [DEBUG] Recorded recent interaction: tomato -> Tomato|+00.92|+01.91|+01.61
2025-07-23 18:33:51,955 [INFO] [SEARCH CLEANUP] Closing 1 containers that were opened for search
2025-07-23 18:33:52,017 [INFO] [SEARCH CLEANUP] Closing Fridge (ID: Fridge|+01.01|+00.23|+01.92)
2025-07-23 18:33:52,461 [INFO] [SEARCH CLEANUP] Successfully closed Fridge
2025-07-23 18:33:55,731 [INFO] [EXECUTE] search knife
2025-07-23 18:33:59,352 [INFO] [SEARCH] Checking Knife
2025-07-23 18:34:00,675 [INFO] [SEARCH] Found visible knife in/on Knife
2025-07-23 18:34:13,688 [INFO] [EXECUTE] slice tomato knife
2025-07-23 18:34:24,812 [INFO] [DEBUG] Looking for tomato to slice
2025-07-23 18:34:29,970 [INFO] [DEBUG] Visible objects: ['Cabinet(Cabinet|+00.58|+00.78|-02.05)', 'CoffeeMachine(CoffeeMachine|+01.13|+01.31|-01.43)', 'CounterTop(CounterTop|-01.81|+01.36|+01.18)', 'Floor(Floor|+00.00|+00.22|-00.82)', 'Fork(Fork|+00.62|+01.31|-02.48)', 'Knife(Knife|+00.72|+01.32|-02.20)', 'LightSwitch(LightSwitch|+01.39|+01.57|-00.66)', 'Microwave(Microwave|+00.99|+01.31|-02.16)', 'PepperShaker(PepperShaker|+00.47|+01.31|-03.00)', 'SaltShaker(SaltShaker|+00.33|+01.31|-02.83)', 'Spoon(Spoon|+00.61|+01.32|-02.36)', 'Stool(Stool|+00.61|+00.22|-01.08)', 'Tomato(Tomato|+00.92|+01.91|+01.61)', 'WineBottle(WineBottle|+00.96|+01.31|-01.01)']
2025-07-23 18:34:44,354 [INFO] [DEBUG] Found recently interacted tomato (ID: Tomato|+00.92|+01.91|+01.61)
2025-07-23 18:34:49,429 [INFO] [DEBUG] Using recently interacted tomato for slice
2025-07-23 18:34:55,797 [INFO] [DEBUG] Final selected object: Tomato (ID: Tomato|+00.92|+01.91|+01.61)
2025-07-23 18:35:09,718 [INFO] [EXECUTE] Executing slice on tomato (ID: Tomato|+00.92|+01.91|+01.61)
2025-07-23 18:36:25,070 [INFO] [SUCCESS] slice on tomato completed successfully
2025-07-23 18:36:28,453 [INFO] [DEBUG] Recorded recent interaction: tomato -> Tomato|+00.92|+01.91|+01.61
2025-07-23 18:36:35,272 [INFO] [EXECUTE] search plate
2025-07-23 18:36:40,540 [INFO] [SEARCH] Checking CounterTop
2025-07-23 18:36:42,709 [INFO] [SEARCH] Found visible plate in/on CounterTop
2025-07-23 18:36:42,710 [INFO] [EXECUTE] put tomato plate
2025-07-23 18:36:51,792 [INFO] [EXECUTE] Putting Tomato on/in Plate
2025-07-23 18:36:52,038 [INFO] [SUCCESS] Put action completed successfully
2025-07-23 18:36:52,092 [INFO] [VERIFICATION] Starting task verification...
2025-07-23 18:36:52,404 [INFO] [VERIFY] Saved verification image: /Users/yuanda/Documents/embodied_reasoner/data_engine/data/data_pickup_and_put/FloorPlan3_pickup_and_put_0/verification/final_verification.png
2025-07-23 18:37:02,970 [INFO] [VERIFY] Task verification result: SUCCESS=False, CONFIDENCE=high
2025-07-23 18:37:02,971 [INFO] [VERIFY] Reason: The tomato is not on the plate. It is still on the countertop next to the sink, and there are no signs of it being sliced or moved to the plate.
2025-07-23 18:37:02,972 [WARNING] [VERIFICATION] ✗ Task may not be completed. (Confidence: high)
2025-07-23 18:37:02,972 [WARNING] [VERIFICATION] Reason: The tomato is not on the plate. It is still on the countertop next to the sink, and there are no signs of it being sliced or moved to the plate.
2025-07-23 18:37:02,976 [INFO] [VERIFICATION] Verification result saved to: /Users/yuanda/Documents/embodied_reasoner/data_engine/data/data_pickup_and_put/FloorPlan3_pickup_and_put_0/verification_result.json
2025-07-23 18:37:02,976 [INFO] [ATTEMPT 2/3] Starting task attempt
2025-07-23 18:37:03,250 [WARNING] [RESET] Failed to reset robot position on attempt 2
2025-07-23 18:37:03,321 [INFO] [RESET] Dropping held object: Tomato|+00.92|+01.91|+01.61
<<<<<<< HEAD:data_engine/logs/FloorPlan3_pickup_and_put/robot_execution_FloorPlan3.log
2025-07-24 15:01:33,215 [INFO] metadata_path: /Users/yuanda/Documents/embodied_reasoner/data_engine/taskgenerate/kitchens/FloorPlan3/metadata.json
2025-07-24 15:01:33,218 [INFO] Task configuration - USE_TEST_TASKS: True, TEST_TASK_ID: test_001, RUN_ALL_TEST_TASKS: False
2025-07-24 15:01:33,218 [INFO] Looking for test task: test_001
2025-07-24 15:01:33,218 [INFO] Loaded 15 test tasks from /Users/yuanda/Documents/embodied_reasoner/data_engine/test_tasks.json
2025-07-24 15:01:33,219 [INFO] Test task search result: True
2025-07-24 15:01:33,219 [INFO] Will run test task: test_001
2025-07-24 15:01:33,219 [INFO] 

*********************************************************************
2025-07-24 15:01:33,219 [INFO] Running Task ID: test_001
2025-07-24 15:01:33,219 [INFO] Scene:FloorPlan3 Task_Type: pickup_and_put Task: put tomato on plate
2025-07-24 15:01:33,219 [INFO] *********************************************************************

2025-07-24 15:01:33,220 [INFO] taskname: put tomato on plate
2025-07-24 15:01:42,178 [INFO] Initialize return: {'cameraNearPlane': 0.009999999776482582, 'cameraFarPlane': 20.0}
2025-07-24 15:01:42,348 [INFO] Initialization succeeded
2025-07-24 15:01:42,349 [INFO] [ATTEMPT 1/3] Starting task attempt
2025-07-24 15:01:42,460 [WARNING] [RESET] Failed to reset robot position on attempt 1
=======
2025-07-29 10:49:59,517 [INFO] metadata_path: /Users/yuanda/Documents/embodied_reasoner/data_engine/taskgenerate/kitchens/FloorPlan3/metadata.json
2025-07-29 10:49:59,528 [INFO] Task configuration - USE_TEST_TASKS: True, TEST_TASK_ID: test_001, RUN_ALL_TEST_TASKS: False
2025-07-29 10:49:59,528 [INFO] Looking for test task: test_001
2025-07-29 10:49:59,529 [INFO] Loaded 15 test tasks from /Users/yuanda/Documents/embodied_reasoner/data_engine/test_tasks.json
2025-07-29 10:49:59,529 [INFO] Test task search result: True
2025-07-29 10:49:59,529 [INFO] Will run test task: test_001
2025-07-29 10:54:25,262 [INFO] 

*********************************************************************
2025-07-29 10:54:25,840 [INFO] Running Task ID: test_001
2025-07-29 10:54:26,093 [INFO] Scene:FloorPlan3 Task_Type: pickup_and_put Task: put tomato on plate
2025-07-29 10:54:26,367 [INFO] *********************************************************************

2025-07-29 10:54:26,851 [INFO] taskname: put tomato on plate
2025-07-29 10:55:07,424 [INFO] Initialize return: {'cameraNearPlane': 0.009999999776482582, 'cameraFarPlane': 20.0}
2025-07-29 10:55:08,005 [INFO] Initialization succeeded
2025-07-29 10:56:54,308 [INFO] [ATTEMPT 1/3] Starting task attempt
2025-07-29 10:57:03,052 [WARNING] [RESET] Failed to reset robot position on attempt 1
2025-07-29 10:57:43,134 [INFO] [OBSERVATION] <Observation>
I see a kitchen setting with several objects in my view. There is a wooden CounterTop in front of me, with a Sink and Faucet nearby. To the left, I observe a StoveBurner and StoveKnob, indicating a cooking area. A Cabinet is present beneath the CounterTop, and a Drawer is visible below the Sink. On the shelves above, there are WineBottles and a HousePlant. A Knife is placed on the CounterTop, and a SinkBasin is integrated into the countertop. A Window is visible in the background, allowing natural light into the room. There are no other objects from the specified categories in my view.
</Observation>
2025-07-29 10:57:47,304 [INFO] [INITIAL TASK PLANNING] ['Search for the tomato in the kitchen.', 'Locate the tomato on the CounterTop or any visible surface.', 'Grasp the tomato and pick it up.', 'Look for a plate in the kitchen.', 'Identify the plate on the CounterTop or any visible surface.', 'Move the tomato towards the plate.', 'Place the tomato on the plate.']
2025-07-29 11:00:16,919 [INFO] [GENERAL QUESTION] Are there any specific requirements or considerations for the tomato (e.g., size, ripeness, or cleanliness) or the plate (e.g., material, cleanliness, or location) that need to be accounted for in the plan?
2025-07-29 11:02:26,308 [INFO] metadata_path: /Users/yuanda/Documents/embodied_reasoner/data_engine/taskgenerate/kitchens/FloorPlan3/metadata.json
2025-07-29 11:02:26,314 [INFO] Task configuration - USE_TEST_TASKS: True, TEST_TASK_ID: test_001, RUN_ALL_TEST_TASKS: False
2025-07-29 11:02:26,314 [INFO] Looking for test task: test_001
2025-07-29 11:02:26,315 [INFO] Loaded 15 test tasks from /Users/yuanda/Documents/embodied_reasoner/data_engine/test_tasks.json
2025-07-29 11:02:26,315 [INFO] Test task search result: True
2025-07-29 11:02:26,316 [INFO] Will run test task: test_001
2025-07-29 11:04:06,815 [INFO] 

*********************************************************************
2025-07-29 11:04:07,057 [INFO] Running Task ID: test_001
2025-07-29 11:04:07,239 [INFO] Scene:FloorPlan3 Task_Type: pickup_and_put Task: put tomato on plate
2025-07-29 11:04:07,494 [INFO] *********************************************************************

2025-07-29 11:04:08,203 [INFO] taskname: put tomato on plate
2025-07-29 11:04:18,942 [INFO] Initialize return: {'cameraNearPlane': 0.009999999776482582, 'cameraFarPlane': 20.0}
2025-07-29 11:04:19,063 [INFO] Initialization succeeded
2025-07-29 11:04:21,547 [INFO] [ATTEMPT 1/3] Starting task attempt
2025-07-29 11:04:24,465 [WARNING] [RESET] Failed to reset robot position on attempt 1
2025-07-29 11:04:42,596 [INFO] [OBSERVATION] <Observation>
I see a wooden countertop in front of me with various objects including a toaster, a kettle, a pot, and a sink. To the left, there is a stove with visible burners and knobs. A window is visible in the background, allowing natural light to enter. Above the counter, there are shelves holding glasses and bottles. A houseplant sits on the countertop near the sink. To the right, there is a cabinet with drawers, and a knife is placed on the counter. The room has a warm, wooden ambiance with additional details like a faucet above the sink and a plant on the windowsill. 
</Observation>
2025-07-29 11:04:51,717 [INFO] [INITIAL TASK PLANNING] ['Find the tomato', 'Pick up the tomato', 'Find the plate', 'Put the tomato on the plate', 'Find the tomato', 'Pick up the tomato', 'Find the plate', 'Put the tomato on the plate']
2025-07-29 11:06:36,200 [ERROR] [ERROR] 'subtasks', try again.
2025-07-29 11:06:36,210 [INFO] [ATTEMPT 2/3] Starting task attempt
2025-07-29 11:06:36,496 [WARNING] [RESET] Failed to reset robot position on attempt 2
2025-07-29 11:07:23,264 [INFO] [OBSERVATION] <Observation>
I am in a kitchen. In front of me, there is a wooden counter with various items on it, including a toaster, a kettle, and a pot. To the right, there is a sink with a faucet, and a houseplant is placed near it. There are cabinets underneath the counter. On the left, there is a stove with a black burner. Above the counter, there are shelves with bottles and glasses. A window is visible in the background, letting in natural light. The overall room is made of wood, giving it a warm and cozy feel.
</Observation>
2025-07-29 11:07:36,802 [INFO] [INITIAL TASK PLANNING] ['Find the tomato', 'Pick up the tomato', 'Find the plate', 'Put the tomato on the plate']
2025-07-29 11:13:20,911 [ERROR] [ERROR] 'subtasks', try again.
2025-07-29 11:17:12,863 [INFO] metadata_path: /Users/yuanda/Documents/embodied_reasoner/data_engine/taskgenerate/kitchens/FloorPlan3/metadata.json
2025-07-29 11:17:12,866 [INFO] Task configuration - USE_TEST_TASKS: True, TEST_TASK_ID: test_001, RUN_ALL_TEST_TASKS: False
2025-07-29 11:17:12,866 [INFO] Looking for test task: test_001
2025-07-29 11:17:12,866 [INFO] Loaded 15 test tasks from /Users/yuanda/Documents/embodied_reasoner/data_engine/test_tasks.json
2025-07-29 11:17:12,866 [INFO] Test task search result: True
2025-07-29 11:17:12,866 [INFO] Will run test task: test_001
2025-07-29 11:17:15,858 [INFO] 

*********************************************************************
2025-07-29 11:17:15,859 [INFO] Running Task ID: test_001
2025-07-29 11:17:15,859 [INFO] Scene:FloorPlan3 Task_Type: pickup_and_put Task: put tomato on plate
2025-07-29 11:17:15,859 [INFO] *********************************************************************

2025-07-29 11:17:15,859 [INFO] taskname: put tomato on plate
2025-07-29 11:17:23,337 [INFO] Initialize return: {'cameraNearPlane': 0.009999999776482582, 'cameraFarPlane': 20.0}
2025-07-29 11:17:23,457 [INFO] Initialization succeeded
2025-07-29 11:17:23,458 [INFO] [ATTEMPT 1/3] Starting task attempt
2025-07-29 11:17:23,530 [WARNING] [RESET] Failed to reset robot position on attempt 1
2025-07-29 11:17:51,706 [INFO] [OBSERVATION] <Observation>
I see a modern kitchen setting with several visible objects. The countertop is wooden and houses various items including a toaster, a kettle, a small pot, a cutting board with vegetables, a potted plant, and a bottle of soap. There is a stainless steel sink with a faucet, a window above it allowing natural light to enter, and a wooden shelf above the countertop holding wine bottles and glasses. Below the countertop are cabinets with drawers, and a stove with burners is visible on the left side. A microwave is located near the window, and a cup is present on the countertop. Additionally, there are side tables above the countertop with more items. The overall layout is spacious and well-organized.
</Observation>
2025-07-29 11:18:00,803 [INFO] [INITIAL TASK PLANNING] ['Find the tomato on the cutting board.', 'Pick up the tomato.', 'Find the plate on the countertop or nearby surface.', 'Place the tomato on the plate.']
2025-07-29 11:18:31,509 [INFO] [GENERAL QUESTION] Are there any specific requirements or constraints for the placement of the tomato on the plate (e.g., cutting it first, arranging it in a particular way, or ensuring it is dry)?
2025-07-29 11:19:21,145 [INFO] [USER RESPONSE] ensuring it is dry
2025-07-29 11:20:11,461 [INFO] [RE-PLANNING BASED ON USER RESPONSE]
2025-07-29 11:20:11,774 [INFO] REPLAN?: True
2025-07-29 11:20:12,200 [INFO] Reason: The user's response "ensuring it is dry" suggests that there is an additional step or condition required before placing the tomato on the plate. This introduces a new requirement that was not initially part of the plan. To accommodate this, the plan should be updated to include ensuring the tomato is dry before proceeding with placing it on the plate. This ensures the task aligns with the user's expectations and avoids potential issues.
2025-07-29 11:22:24,378 [INFO] [REPLAN] Old subgoals: ['Find the tomato on the cutting board.', 'Pick up the tomato.', 'Find the plate on the countertop or nearby surface.', 'Place the tomato on the plate.']
2025-07-29 11:22:24,379 [INFO] [REPLAN] New subgoals: ['Find the tomato on the cutting board.', 'Pick up the tomato.', 'Check if the tomato is wet.', 'If the tomato is wet, dry it using a clean cloth or paper towel.', 'Find the plate on the countertop or nearby surface.', 'Place the tomato on the plate.']
2025-07-29 11:23:10,978 [WARNING] [UNKNOWN] Action check_wet not in supported actions list
2025-07-29 11:23:10,980 [WARNING] [UNKNOWN] Action if_wet_dry not in supported actions list
2025-07-29 11:23:10,980 [INFO] [DECISIONS] Generated 4 unique actions from 6 total actions
2025-07-29 11:23:13,544 [INFO] [SUBTASKS WITH DECISION] [{'action': 'search', 'objectType': 'tomato', 'targetObject': 'cutting_board', 'decisionmaking': 'search tomato cutting_board'}, {'action': 'pick_up', 'objectType': 'tomato', 'targetObject': None, 'decisionmaking': 'pick_up tomato'}, {'action': 'search', 'objectType': 'plate', 'targetObject': 'countertop', 'decisionmaking': 'search plate countertop'}, {'action': 'put', 'objectType': 'tomato', 'targetObject': 'plate', 'decisionmaking': 'put tomato plate'}]
2025-07-29 11:23:32,579 [INFO] [EXECUTE] search tomato cutting_board
2025-07-29 11:23:34,976 [INFO] [SEARCH] Checking Fridge
2025-07-29 11:23:37,754 [INFO] [SEARCH] Fridge is closed, opening for search...
2025-07-29 11:23:37,963 [INFO] [SEARCH] Successfully opened Fridge for searching tomato
2025-07-29 11:23:38,087 [INFO] [SEARCH] Found visible tomato in/on Fridge
2025-07-29 11:23:39,922 [INFO] [EXECUTE] pick_up tomato
2025-07-29 11:23:40,042 [INFO] [DEBUG] Looking for tomato to pick_up
2025-07-29 11:23:40,042 [INFO] [DEBUG] Visible objects: ['Drawer(Drawer|+00.65|+00.60|+01.02)', 'Drawer(Drawer|+00.65|+00.85|+01.02)', 'Floor(Floor|+00.00|+00.22|-00.82)', 'Fridge(Fridge|+01.01|+00.23|+01.92)', 'SideTable(SideTable|+00.98|+00.22|+00.87)', 'Tomato(Tomato|+00.92|+01.91|+01.61)']
2025-07-29 11:23:40,043 [INFO] [DEBUG] Selected first matching tomato (ID: Tomato|+00.92|+01.91|+01.61)
2025-07-29 11:23:40,043 [INFO] [DEBUG] Final selected object: Tomato (ID: Tomato|+00.92|+01.91|+01.61)
2025-07-29 11:23:40,043 [INFO] [EXECUTE] Executing pick_up on tomato (ID: Tomato|+00.92|+01.91|+01.61)
2025-07-29 11:23:40,209 [INFO] [SUCCESS] pick_up on tomato completed successfully
2025-07-29 11:23:40,209 [INFO] [DEBUG] Recorded recent interaction: tomato -> Tomato|+00.92|+01.91|+01.61
2025-07-29 11:23:40,209 [INFO] [SEARCH CLEANUP] Closing 1 containers that were opened for search
2025-07-29 11:23:40,272 [INFO] [SEARCH CLEANUP] Closing Fridge (ID: Fridge|+01.01|+00.23|+01.92)
2025-07-29 11:23:40,726 [INFO] [SEARCH CLEANUP] Successfully closed Fridge
2025-07-29 11:23:42,789 [INFO] [EXECUTE] search plate countertop
2025-07-29 11:23:43,668 [INFO] [SEARCH] Checking CounterTop
2025-07-29 11:23:45,725 [INFO] [SEARCH] Found visible plate in/on CounterTop
2025-07-29 11:23:50,114 [INFO] [EXECUTE] put tomato plate
2025-07-29 11:23:51,524 [INFO] [EXECUTE] Putting Tomato on/in Plate
2025-07-29 11:23:51,806 [INFO] [SUCCESS] Put action completed successfully
2025-07-29 11:23:51,913 [INFO] [VERIFICATION] Starting task verification...
2025-07-29 11:23:52,269 [INFO] [VERIFY] Saved verification image: /Users/yuanda/Documents/embodied_reasoner/data_engine/data/data_pickup_and_put/FloorPlan3_pickup_and_put_0/verification/final_verification.png
2025-07-29 11:24:00,278 [INFO] [VERIFY] Task verification result: SUCCESS=True, CONFIDENCE=high
2025-07-29 11:24:00,279 [INFO] [VERIFY] Reason: The tomato is placed on the plate, which is on the countertop. The main objective of placing the tomato on the plate has been achieved.
2025-07-29 11:24:00,279 [INFO] [VERIFICATION] ✓ Task completed successfully! (Confidence: high)
2025-07-29 11:24:00,280 [INFO] [VERIFICATION] Reason: The tomato is placed on the plate, which is on the countertop. The main objective of placing the tomato on the plate has been achieved.
2025-07-29 11:24:00,281 [INFO] [VERIFICATION] Verification result saved to: /Users/yuanda/Documents/embodied_reasoner/data_engine/data/data_pickup_and_put/FloorPlan3_pickup_and_put_0/verification_result.json
2025-07-29 11:24:00,281 [INFO] [VERIFICATION] Task completed successfully, exiting retry loop.
2025-07-29 11:24:00,353 [INFO] [TASK COMPLETE] Finished task test_001: put tomato on plate
2025-07-29 11:24:00,353 [INFO] All tasks completed successfully!
2025-07-29 11:24:00,353 [INFO] Error paths saved to: ./wrong_generte_path_list.json
2025-07-29 14:55:32,579 [INFO] metadata_path: /Users/yuanda/Documents/embodied_reasoner/data_engine/taskgenerate/kitchens/FloorPlan3/metadata.json
2025-07-29 14:55:32,582 [INFO] Task configuration - USE_TEST_TASKS: True, TEST_TASK_ID: test_001, RUN_ALL_TEST_TASKS: False
2025-07-29 14:55:32,583 [INFO] Looking for test task: test_001
2025-07-29 14:55:32,583 [INFO] Loaded 15 test tasks from /Users/yuanda/Documents/embodied_reasoner/data_engine/test_tasks.json
2025-07-29 14:55:32,583 [INFO] Test task search result: True
2025-07-29 14:55:32,583 [INFO] Will run test task: test_001
2025-07-29 14:55:39,662 [INFO] 

*********************************************************************
2025-07-29 14:55:39,669 [INFO] Running Task ID: test_001
2025-07-29 14:55:39,669 [INFO] Scene:FloorPlan3 Task_Type: pickup_and_put Task: put tomato on plate
2025-07-29 14:55:39,669 [INFO] *********************************************************************

2025-07-29 14:55:39,669 [INFO] taskname: put tomato on plate
2025-07-29 14:55:56,485 [INFO] Initialize return: {'cameraNearPlane': 0.009999999776482582, 'cameraFarPlane': 20.0}
2025-07-29 14:55:56,921 [INFO] Initialization succeeded
2025-07-29 14:55:56,939 [INFO] [ATTEMPT 1/3] Starting task attempt
2025-07-29 14:55:57,705 [WARNING] [RESET] Failed to reset robot position on attempt 1
2025-07-29 14:58:18,324 [INFO] [OBSERVATION] <Observation>
In the room, I observe a wooden counter with various objects, including a toaster, a kettle, and a potted plant. To the left, there is a stove with burners. On the wall, shelves hold several bottles, which appear to be wine bottles. Above the counter, hanging racks display wine glasses. A window is present in the background, allowing natural light to enter. The counter also has a sink with a faucet, and nearby, there is a small pot. Below the counter, there are cabinets. The overall layout suggests a kitchen setting.
</Observation>
2025-07-29 14:58:40,785 [INFO] [INITIAL TASK PLANNING] ['Find the tomato', 'Pick up the tomato', 'Find the plate', 'Put the tomato on the plate']
2025-07-29 14:58:53,747 [INFO] [GENERAL QUESTION] Are there any specific criteria or conditions for selecting the tomato and the plate, such as size, color, or location? For example, should the tomato be ripe, or should the plate be a certain type (e.g., ceramic, wooden)? Additionally, is there a particular way the tomato should be placed on the plate (e.g., cut into slices or left whole)?
2025-07-29 15:00:54,320 [INFO] [USER RESPONSE] cutting tomato please
2025-07-29 15:01:31,380 [INFO] [RE-PLANNING BASED ON USER RESPONSE]
2025-07-29 15:01:32,207 [INFO] User Response: cutting tomato please
2025-07-29 15:01:32,978 [INFO] REPLAN?: True
2025-07-29 15:01:47,919 [INFO] Reason: The user's response indicates a change in the task requirements. Instead of simply placing the tomato on the plate, the user now wants the tomato to be cut. This alters the original plan, as cutting the tomato introduces a new step that wasn't initially included. The new plan should account for the cutting process before placing the tomato on the plate. Therefore, replanning is necessary to ensure the task aligns with the user's updated instructions.
2025-07-29 15:02:46,421 [INFO] [REPLAN] Old subgoals: ['Find the tomato', 'Pick up the tomato', 'Find the plate', 'Put the tomato on the plate']
2025-07-29 15:02:48,781 [INFO] [REPLAN] New subgoals: ['Find the tomato', 'Pick up the tomato', 'Find a cutting tool (e.g., knife)', 'Cut the tomato into slices or pieces (as per user preference)', 'Find the plate', 'Place the cut tomato slices or pieces on the plate', 'Find the tomato', 'Pick up the tomato', 'Find a cutting tool (e.g., knife)', 'Cut the tomato into slices or pieces (as per user preference)', 'Find the plate', 'Place the cut tomato slices or pieces on the plate', 'Find the tomato', 'Pick up the tomato', 'Find a cutting tool (e.g., knife)', 'Cut the tomato into slices or pieces (as per user preference)', 'Find the plate', 'Place the cut tomato slices or pieces on the plate']
2025-07-29 15:03:34,293 [INFO] [DECISIONS] Generated 6 unique actions from 10 total actions
2025-07-29 15:03:37,318 [INFO] [SUBTASKS WITH DECISION] [{'action': 'search', 'objectType': 'tomato', 'targetObject': None, 'decisionmaking': 'search tomato'}, {'action': 'pick_up', 'objectType': 'tomato', 'targetObject': None, 'decisionmaking': 'pick_up tomato'}, {'action': 'search', 'objectType': 'knife', 'targetObject': None, 'decisionmaking': 'search knife'}, {'action': 'search', 'objectType': 'plate', 'targetObject': None, 'decisionmaking': 'search plate'}, {'action': 'slice', 'objectType': 'tomato', 'targetObject': 'knife', 'decisionmaking': 'slice tomato knife'}, {'action': 'put', 'objectType': 'tomato', 'targetObject': 'plate', 'decisionmaking': 'put tomato plate'}]
2025-07-29 15:03:49,727 [INFO] [EXECUTE] search tomato
2025-07-29 15:03:51,800 [INFO] [SEARCH] Checking Fridge
2025-07-29 15:03:54,466 [INFO] [SEARCH] Fridge is closed, opening for search...
2025-07-29 15:03:54,666 [INFO] [SEARCH] Successfully opened Fridge for searching tomato
2025-07-29 15:03:54,785 [INFO] [SEARCH] Found visible tomato in/on Fridge
2025-07-29 15:04:18,480 [INFO] [EXECUTE] pick_up tomato
2025-07-29 15:04:18,734 [INFO] [DEBUG] Looking for tomato to pick_up
2025-07-29 15:04:18,734 [INFO] [DEBUG] Visible objects: ['Drawer(Drawer|+00.65|+00.60|+01.02)', 'Drawer(Drawer|+00.65|+00.85|+01.02)', 'Floor(Floor|+00.00|+00.22|-00.82)', 'Fridge(Fridge|+01.01|+00.23|+01.92)', 'SideTable(SideTable|+00.98|+00.22|+00.87)', 'Tomato(Tomato|+00.92|+01.91|+01.61)']
2025-07-29 15:04:18,735 [INFO] [DEBUG] Selected first matching tomato (ID: Tomato|+00.92|+01.91|+01.61)
2025-07-29 15:04:18,735 [INFO] [DEBUG] Final selected object: Tomato (ID: Tomato|+00.92|+01.91|+01.61)
2025-07-29 15:04:18,735 [INFO] [EXECUTE] Executing pick_up on tomato (ID: Tomato|+00.92|+01.91|+01.61)
2025-07-29 15:04:18,925 [INFO] [SUCCESS] pick_up on tomato completed successfully
2025-07-29 15:04:18,925 [INFO] [DEBUG] Recorded recent interaction: tomato -> Tomato|+00.92|+01.91|+01.61
2025-07-29 15:04:18,926 [INFO] [SEARCH CLEANUP] Closing 1 containers that were opened for search
2025-07-29 15:04:18,989 [INFO] [SEARCH CLEANUP] Closing Fridge (ID: Fridge|+01.01|+00.23|+01.92)
2025-07-29 15:04:19,423 [INFO] [SEARCH CLEANUP] Successfully closed Fridge
2025-07-29 15:04:24,016 [INFO] [EXECUTE] search knife
2025-07-29 15:04:25,021 [INFO] [SEARCH] Checking Knife
2025-07-29 15:04:26,335 [INFO] [SEARCH] Found visible knife in/on Knife
2025-07-29 15:04:28,912 [INFO] [EXECUTE] search plate
2025-07-29 15:04:29,914 [INFO] [SEARCH] Checking Cabinet
2025-07-29 15:04:31,320 [INFO] [SEARCH] Cabinet is closed, opening for search...
2025-07-29 15:04:31,835 [INFO] [SEARCH] Successfully opened Cabinet for searching plate
2025-07-29 15:04:31,946 [INFO] [SEARCH] Found visible plate in/on Cabinet
2025-07-29 15:04:35,444 [INFO] [EXECUTE] slice tomato knife
2025-07-29 15:04:35,568 [INFO] [DEBUG] Looking for tomato to slice
2025-07-29 15:04:35,568 [INFO] [DEBUG] Visible objects: ['Bowl(Bowl|-01.82|+01.31|+00.27)', 'Bread(Bread|-01.51|+01.38|+00.66)', 'ButterKnife(ButterKnife|-01.57|+01.32|+01.35)', 'Cabinet(Cabinet|-01.46|+00.78|+00.47)', 'Cabinet(Cabinet|-01.46|+00.78|+01.31)', 'CounterTop(CounterTop|-01.81|+01.36|+01.18)', 'DishSponge(DishSponge|-02.05|+01.33|-00.96)', 'Drawer(Drawer|-01.61|+00.68|-01.22)', 'Drawer(Drawer|-01.61|+00.68|-00.43)', 'Faucet(Faucet|-02.13|+01.32|-00.81)', 'Floor(Floor|+00.00|+00.22|-00.82)', 'GarbageCan(GarbageCan|-01.63|+00.21|+02.19)', 'HousePlant(HousePlant|-02.03|+01.31|-00.03)', 'Plate(Plate|-01.47|+01.31|+00.24)', 'Sink(Sink|-01.99|+01.14|-00.98)', 'SoapBottle(SoapBottle|-01.79|+01.31|-00.10)', 'Tomato(Tomato|+00.92|+01.91|+01.61)', 'Window(Window|-02.57|+01.80|-00.82)']
2025-07-29 15:04:35,569 [INFO] [DEBUG] Found recently interacted tomato (ID: Tomato|+00.92|+01.91|+01.61)
2025-07-29 15:04:35,569 [INFO] [DEBUG] Using recently interacted tomato for slice
2025-07-29 15:04:35,569 [INFO] [DEBUG] Final selected object: Tomato (ID: Tomato|+00.92|+01.91|+01.61)
2025-07-29 15:04:35,569 [INFO] [EXECUTE] Executing slice on tomato (ID: Tomato|+00.92|+01.91|+01.61)
2025-07-29 15:04:35,965 [INFO] [SUCCESS] slice on tomato completed successfully
2025-07-29 15:04:35,965 [INFO] [DEBUG] Recorded recent interaction: tomato -> Tomato|+00.92|+01.91|+01.61
2025-07-29 15:04:41,473 [INFO] [EXECUTE] put tomato plate
2025-07-29 15:04:47,479 [INFO] [EXECUTE] Putting Tomato on/in Plate
2025-07-29 15:04:47,739 [INFO] [SUCCESS] Put action completed successfully
2025-07-29 15:04:47,739 [INFO] [SEARCH CLEANUP] Closing 1 containers that were opened for search
2025-07-29 15:04:47,794 [INFO] [SEARCH CLEANUP] Closing Cabinet (ID: Cabinet|-01.46|+00.78|+01.31)
2025-07-29 15:04:48,156 [INFO] [SEARCH CLEANUP] Successfully closed Cabinet
2025-07-29 15:04:48,264 [INFO] [VERIFICATION] Starting task verification...
2025-07-29 15:04:48,574 [INFO] [VERIFY] Saved verification image: /Users/yuanda/Documents/embodied_reasoner/data_engine/data/data_pickup_and_put/FloorPlan3_pickup_and_put_0/verification/final_verification.png
2025-07-29 15:04:56,409 [INFO] [VERIFY] Task verification result: SUCCESS=False, CONFIDENCE=high
2025-07-29 15:04:56,410 [INFO] [VERIFY] Reason: The task involves cutting the tomato and placing it on the plate, but the tomato is still whole and not on the plate. Additionally, there is no indication of a knife being used or any cutting having occurred.
2025-07-29 15:04:56,411 [WARNING] [VERIFICATION] ✗ Task may not be completed. (Confidence: high)
2025-07-29 15:04:56,411 [WARNING] [VERIFICATION] Reason: The task involves cutting the tomato and placing it on the plate, but the tomato is still whole and not on the plate. Additionally, there is no indication of a knife being used or any cutting having occurred.
2025-07-29 15:04:56,413 [INFO] [VERIFICATION] Verification result saved to: /Users/yuanda/Documents/embodied_reasoner/data_engine/data/data_pickup_and_put/FloorPlan3_pickup_and_put_0/verification_result.json
2025-07-29 15:04:56,413 [INFO] [ATTEMPT 2/3] Starting task attempt
2025-07-29 15:04:56,622 [WARNING] [RESET] Failed to reset robot position on attempt 2
2025-07-29 15:04:56,685 [INFO] [RESET] Dropping held object: Tomato|+00.92|+01.91|+01.61
2025-07-29 22:23:56,982 [INFO] metadata_path: /Users/yuanda/Documents/embodied_reasoner/data_engine/taskgenerate/kitchens/FloorPlan3/metadata.json
2025-07-29 22:23:56,986 [INFO] Task configuration - USE_TEST_TASKS: True, TEST_TASK_ID: test_001, RUN_ALL_TEST_TASKS: False
2025-07-29 22:23:56,986 [INFO] Looking for test task: test_001
2025-07-29 22:23:56,987 [INFO] Loaded 15 test tasks from /Users/yuanda/Documents/embodied_reasoner/data_engine/test_tasks.json
2025-07-29 22:23:56,987 [INFO] Test task search result: True
2025-07-29 22:23:56,987 [INFO] Will run test task: test_001
2025-07-29 22:23:56,987 [INFO] 

*********************************************************************
2025-07-29 22:23:56,988 [INFO] Running Task ID: test_001
2025-07-29 22:23:56,988 [INFO] Scene:FloorPlan3 Task_Type: pickup_and_put Task: put tomato on plate
2025-07-29 22:23:56,988 [INFO] *********************************************************************

2025-07-29 22:23:56,988 [INFO] taskname: put tomato on plate
2025-07-29 22:24:24,431 [INFO] Initialize return: {'cameraNearPlane': 0.009999999776482582, 'cameraFarPlane': 20.0}
2025-07-29 22:24:24,801 [INFO] Initialization succeeded
2025-07-29 22:24:24,802 [INFO] [ATTEMPT 1/3] Starting task attempt
2025-07-29 22:24:24,914 [WARNING] [RESET] Failed to reset robot position on attempt 1
2025-07-29 22:24:57,012 [INFO] [OBSERVATION] <Observation>
I am in a kitchen. In front of me, there is a wooden countertop with various objects: a toaster, a kettle, a rice cooker, a sink, a faucet, a plant, and some fruits. Above the countertop, there are shelves with bottles and a hanging rack with wine glasses. To the right, there is a window letting in natural light. Below the countertop, there are cabinets. On the left side, there is a stove with burners and knobs. The overall layout is well-organized, with wooden elements dominating the space.
</Observation>
2025-07-29 22:31:13,444 [ERROR] [ERROR] TaskPlanner.plan_high_level_tasks() got an unexpected keyword argument 'memory_text', try again.
2025-07-29 22:31:13,461 [INFO] [ATTEMPT 2/3] Starting task attempt
2025-07-29 22:31:15,004 [WARNING] [RESET] Failed to reset robot position on attempt 2
2025-07-29 22:31:41,704 [INFO] [OBSERVATION] <Observation>
I see a cozy kitchen space. In front of me, there is a wooden countertop with various objects, including a toaster, a kettle, and a cutting board with vegetables. A sink is visible with a faucet, and a potted plant sits near it. To the left, there is a stove with a burner and a control knob. Above the countertop, shelves hold glassware and bottles. A window is positioned behind the sink, allowing natural light to enter. Wooden cabinets are below the countertop, and a curved wooden shelf hangs above, displaying additional items. The room has a warm, natural ambiance.
</Observation>
2025-07-29 22:31:56,834 [ERROR] [ERROR] TaskPlanner.plan_high_level_tasks() got an unexpected keyword argument 'memory_text', try again.
2025-07-29 22:31:56,838 [WARNING] [RETRY 2 TIMES, JUMP THE TASK]
2025-07-29 22:31:56,916 [INFO] [TASK COMPLETE] Finished task test_001: put tomato on plate
2025-07-29 22:31:56,916 [INFO] All tasks completed successfully!
2025-07-29 22:31:56,916 [INFO] Error paths saved to: ./wrong_generte_path_list.json
2025-07-29 22:35:33,560 [INFO] metadata_path: /Users/yuanda/Documents/embodied_reasoner/data_engine/taskgenerate/kitchens/FloorPlan3/metadata.json
2025-07-29 22:35:33,562 [INFO] Task configuration - USE_TEST_TASKS: True, TEST_TASK_ID: test_001, RUN_ALL_TEST_TASKS: False
2025-07-29 22:35:33,562 [INFO] Looking for test task: test_001
2025-07-29 22:35:33,563 [INFO] Loaded 15 test tasks from /Users/yuanda/Documents/embodied_reasoner/data_engine/test_tasks.json
2025-07-29 22:35:33,563 [INFO] Test task search result: True
2025-07-29 22:35:33,563 [INFO] Will run test task: test_001
2025-07-29 22:35:33,563 [INFO] 

*********************************************************************
2025-07-29 22:35:33,563 [INFO] Running Task ID: test_001
2025-07-29 22:35:33,563 [INFO] Scene:FloorPlan3 Task_Type: pickup_and_put Task: put tomato on plate
2025-07-29 22:35:33,563 [INFO] *********************************************************************

2025-07-29 22:35:33,563 [INFO] taskname: put tomato on plate
2025-07-29 22:35:41,184 [INFO] Initialize return: {'cameraNearPlane': 0.009999999776482582, 'cameraFarPlane': 20.0}
2025-07-29 22:35:41,317 [INFO] Initialization succeeded
2025-07-29 22:35:41,319 [INFO] [ATTEMPT 1/3] Starting task attempt
2025-07-29 22:35:41,382 [WARNING] [RESET] Failed to reset robot position on attempt 1
2025-07-29 22:37:22,148 [INFO] [OBSERVATION] <Observation>
I am in a kitchen with a wooden countertop in front of me. On the countertop, I see a toaster, a kettle, a rice cooker, and a cutting board with vegetables. There is a sink with a faucet, and a plant is placed near it. A window is visible in the background, allowing natural light to enter. On the wall, there are hanging wine glasses and shelves with various items, including bottles. Below the countertop, there are cabinets and drawers. To the left, there is a stove with burners and a black surface. The room is well-lit with recessed ceiling lights.
</Observation>
2025-07-29 22:37:24,694 [INFO] [INITIAL TASK PLANNING] ['Find the tomato on the cutting board.', 'Pick up the tomato.', 'Locate the plate on the countertop or nearby surface.', 'Place the tomato on the plate.']
2025-07-29 22:37:43,146 [INFO] [GENERAL QUESTION] Is there any specific way the tomato should be handled or positioned on the plate (e.g., whole, sliced, in a particular orientation)? Additionally, are there any other items or steps that should be considered as part of this task?
2025-07-29 22:38:09,931 [INFO] [USER RESPONSE] clean tomato then put on the plate
2025-07-29 22:38:12,712 [INFO] [RE-PLANNING BASED ON USER RESPONSE]
2025-07-29 22:38:12,713 [INFO] REPLAN?: True
2025-07-29 22:38:12,713 [INFO] Reason: The user's response indicates that an additional step, "clean the tomato," is required before placing it on the plate. This step is not included in the current plan, so the plan needs to be updated to accommodate this new requirement. The updated plan should include finding the tomato, cleaning it, picking it up, locating the plate, and placing the tomato on the plate.
2025-07-29 22:38:31,001 [INFO] [REPLAN] Old subtasks: ['Find the tomato on the cutting board.', 'Pick up the tomato.', 'Locate the plate on the countertop or nearby surface.', 'Place the tomato on the plate.']
2025-07-29 22:38:31,003 [INFO] [REPLAN] New subtasks: ['Find the tomato on the cutting board.', 'Locate the sink with the faucet.', 'Wash the tomato under running water.', 'Place the tomato on a clean surface or drying rack (if necessary).', 'Locate the plate on the countertop or nearby surface.', 'Place the cleaned tomato on the plate.']
2025-07-29 22:38:59,113 [INFO] [HIGH-LEVEL] Decomposing wash tomato
2025-07-29 22:39:15,219 [INFO] [DECOMPOSE] wash tomato -> 13 atomic actions
2025-07-29 22:39:15,220 [INFO]   1. search cutting_board
2025-07-29 22:39:15,220 [INFO]   2. search tomato cutting_board
2025-07-29 22:39:15,220 [INFO]   3. navigate sink
2025-07-29 22:39:15,220 [INFO]   4. pick_up tomato
2025-07-29 22:39:15,220 [INFO]   5. put tomato sink
2025-07-29 22:39:15,220 [INFO]   6. toggle_on faucet
2025-07-29 22:39:15,220 [INFO]   7. clean tomato
2025-07-29 22:39:15,220 [INFO]   8. toggle_off faucet
2025-07-29 22:39:15,220 [INFO]   9. put tomato drying_rack
2025-07-29 22:39:15,220 [INFO]   10. search countertop
2025-07-29 22:39:15,220 [INFO]   11. search plate countertop
2025-07-29 22:39:15,220 [INFO]   12. pick_up tomato drying_rack
2025-07-29 22:39:15,220 [INFO]   13. put tomato plate
2025-07-29 22:39:15,221 [INFO] [DECISIONS] Generated 14 unique actions from 10 total actions
2025-07-29 22:39:15,285 [INFO] [SUBTASKS WITH DECISION] [{'action': 'search', 'objectType': 'tomato', 'targetObject': None, 'decisionmaking': 'search tomato'}, {'action': 'pick_up', 'objectType': 'tomato', 'targetObject': None, 'decisionmaking': 'pick_up tomato'}, {'action': 'search', 'objectType': 'sink', 'targetObject': None, 'decisionmaking': 'search sink'}, {'action': 'toggle_on', 'objectType': 'faucet', 'targetObject': None, 'decisionmaking': 'toggle_on faucet'}, {'action': 'search', 'objectType': 'cutting_board', 'targetObject': None, 'decisionmaking': 'search cutting_board'}, {'action': 'navigate', 'objectType': 'sink', 'targetObject': None, 'decisionmaking': 'navigate sink'}, {'action': 'put', 'objectType': 'tomato', 'targetObject': 'sink', 'decisionmaking': 'put tomato sink'}, {'action': 'clean', 'objectType': 'tomato', 'targetObject': None, 'decisionmaking': 'clean tomato'}, {'action': 'toggle_off', 'objectType': 'faucet', 'targetObject': None, 'decisionmaking': 'toggle_off faucet'}, {'action': 'put', 'objectType': 'tomato', 'targetObject': 'drying_rack', 'decisionmaking': 'put tomato drying_rack'}, {'action': 'search', 'objectType': 'countertop', 'targetObject': None, 'decisionmaking': 'search countertop'}, {'action': 'search', 'objectType': 'plate', 'targetObject': 'countertop', 'decisionmaking': 'search plate countertop'}, {'action': 'put', 'objectType': 'tomato', 'targetObject': 'plate', 'decisionmaking': 'put tomato plate'}, {'action': 'put', 'objectType': 'tomato', 'targetObject': 'clean_surface', 'decisionmaking': 'put tomato clean_surface'}]
2025-07-29 22:40:50,460 [INFO] [EXECUTE] search tomato
2025-07-29 22:40:56,194 [INFO] [SEARCH] Checking Fridge
2025-07-29 22:40:59,027 [INFO] [SEARCH] Fridge is closed, opening for search...
2025-07-29 22:40:59,174 [INFO] [SEARCH] Successfully opened Fridge for searching tomato
2025-07-29 22:40:59,291 [INFO] [SEARCH] Found visible tomato in/on Fridge
2025-07-29 22:41:17,469 [INFO] [EXECUTE] search tomato
2025-07-29 22:41:17,746 [INFO] [SEARCH] Found visible tomato in current view
2025-07-29 22:44:27,446 [INFO] [EXECUTE] search tomato
2025-07-29 22:44:28,220 [INFO] [SEARCH] Found visible tomato in current view
2025-07-29 22:49:36,533 [INFO] metadata_path: /Users/yuanda/Documents/embodied_reasoner/data_engine/taskgenerate/kitchens/FloorPlan3/metadata.json
2025-07-29 22:49:36,535 [INFO] Task configuration - USE_TEST_TASKS: True, TEST_TASK_ID: test_001, RUN_ALL_TEST_TASKS: False
2025-07-29 22:49:36,535 [INFO] Looking for test task: test_001
2025-07-29 22:49:36,535 [INFO] Loaded 15 test tasks from /Users/yuanda/Documents/embodied_reasoner/data_engine/test_tasks.json
2025-07-29 22:49:36,535 [INFO] Test task search result: True
2025-07-29 22:49:36,536 [INFO] Will run test task: test_001
2025-07-29 22:49:36,536 [INFO] 

*********************************************************************
2025-07-29 22:49:36,536 [INFO] Running Task ID: test_001
2025-07-29 22:49:36,536 [INFO] Scene:FloorPlan3 Task_Type: pickup_and_put Task: put tomato on plate
2025-07-29 22:49:36,536 [INFO] *********************************************************************

2025-07-29 22:49:36,536 [INFO] taskname: put tomato on plate
2025-07-29 22:49:43,779 [INFO] Initialize return: {'cameraNearPlane': 0.009999999776482582, 'cameraFarPlane': 20.0}
2025-07-29 22:49:43,887 [INFO] Initialization succeeded
2025-07-29 22:49:43,888 [INFO] [ATTEMPT 1/3] Starting task attempt
2025-07-29 22:49:43,962 [WARNING] [RESET] Failed to reset robot position on attempt 1
2025-07-29 22:50:20,296 [INFO] [OBSERVATION] <Observation>
I see a wooden counter with a toaster, a kettle, and a pot. A sink with a faucet is nearby, along with a houseplant and a bottle. There are wine bottles and glasses hanging above the counter. The room features a window letting in natural light, and a cabinet below the counter. Stove knobs and burners are visible on the left side. There are also drawers under the counter, and a stove burner is present. No other objects from the specified categories are visible.
</Observation>
2025-07-29 22:50:23,741 [INFO] [INITIAL TASK PLANNING] ['Search the environment for a tomato.', 'Locate and pick up the tomato.', 'Search the environment for a plate.', 'Place the tomato on the plate.', 'Ensure the plate with the tomato is placed in a stable location.']
2025-07-29 22:50:24,875 [INFO] [GENERAL QUESTION] Are there any specific requirements or preferences for the type of tomato or plate to be used in this task (e.g., size, color, material)?
2025-07-29 22:51:03,988 [INFO] [USER RESPONSE] go on
2025-07-29 22:51:06,369 [INFO] [RE-PLANNING BASED ON USER RESPONSE]
2025-07-29 22:51:06,369 [INFO] REPLAN?: False
2025-07-29 22:51:06,370 [INFO] Reason: The user's response "go on" indicates that they want to proceed with the current task without any changes or interruptions. Since the plan is already set and the user has given approval to continue, there is no need to replan the task at this time. The robot should proceed with executing the current plan.
2025-07-29 22:51:06,370 [INFO] [NO REPLAN NEEDED] Reason: The user's response "go on" indicates that they want to proceed with the current task without any changes or interruptions. Since the plan is already set and the user has given approval to continue, there is no need to replan the task at this time. The robot should proceed with executing the current plan.
2025-07-29 22:51:26,114 [INFO] [DECISIONS] Generated 5 unique actions from 10 total actions
2025-07-29 22:51:26,114 [INFO] [SUBTASKS WITH DECISION] [{'action': 'search', 'objectType': 'tomato', 'targetObject': None, 'decisionmaking': 'search tomato'}, {'action': 'pick_up', 'objectType': 'tomato', 'targetObject': None, 'decisionmaking': 'pick_up tomato'}, {'action': 'search', 'objectType': 'plate', 'targetObject': None, 'decisionmaking': 'search plate'}, {'action': 'put', 'objectType': 'tomato', 'targetObject': 'plate', 'decisionmaking': 'put tomato plate'}, {'action': 'put', 'objectType': 'plate', 'targetObject': 'stable_location', 'decisionmaking': 'put plate stable_location'}]
2025-07-29 22:51:36,609 [INFO] [EXECUTE] search tomato
2025-07-29 22:51:38,316 [INFO] [SEARCH] Checking Fridge
2025-07-29 22:51:40,927 [INFO] [SEARCH] Fridge is closed, opening for search...
2025-07-29 22:51:41,055 [INFO] [SEARCH] Successfully opened Fridge for searching tomato
2025-07-29 22:51:41,173 [INFO] [SEARCH] Found visible tomato in/on Fridge
2025-07-29 22:51:53,427 [INFO] [EXECUTE] pick_up tomato
2025-07-29 22:51:53,669 [INFO] [DEBUG] Looking for tomato to pick_up
2025-07-29 22:51:53,669 [INFO] [DEBUG] Visible objects: ['Drawer(Drawer|+00.65|+00.60|+01.02)', 'Drawer(Drawer|+00.65|+00.85|+01.02)', 'Floor(Floor|+00.00|+00.22|-00.82)', 'Fridge(Fridge|+01.01|+00.23|+01.92)', 'SideTable(SideTable|+00.98|+00.22|+00.87)', 'Tomato(Tomato|+00.92|+01.91|+01.61)']
2025-07-29 22:51:53,670 [INFO] [DEBUG] Selected first matching tomato (ID: Tomato|+00.92|+01.91|+01.61)
2025-07-29 22:51:53,670 [INFO] [DEBUG] Final selected object: Tomato (ID: Tomato|+00.92|+01.91|+01.61)
2025-07-29 22:51:53,670 [INFO] [EXECUTE] Executing pick_up on tomato (ID: Tomato|+00.92|+01.91|+01.61)
2025-07-29 22:51:53,811 [INFO] [SUCCESS] pick_up on tomato completed successfully
2025-07-29 22:51:53,812 [INFO] [DEBUG] Recorded recent interaction: tomato -> Tomato|+00.92|+01.91|+01.61
2025-07-29 22:51:53,812 [INFO] [SEARCH CLEANUP] Closing 1 containers that were opened for search
2025-07-29 22:51:53,873 [INFO] [SEARCH CLEANUP] Closing Fridge (ID: Fridge|+01.01|+00.23|+01.92)
2025-07-29 22:51:54,292 [INFO] [SEARCH CLEANUP] Successfully closed Fridge
2025-07-29 22:52:00,925 [INFO] [EXECUTE] search plate
2025-07-29 22:52:02,074 [INFO] [SEARCH] Checking Cup
2025-07-29 22:52:03,469 [INFO] [SEARCH] Could not find visible plate in/on Cup
2025-07-29 22:52:03,469 [INFO] [SEARCH] Checking CounterTop
2025-07-29 22:52:05,482 [INFO] [SEARCH] Found visible plate in/on CounterTop
2025-07-29 22:52:11,456 [INFO] [EXECUTE] put tomato plate
2025-07-29 22:52:18,757 [INFO] [EXECUTE] Putting Tomato on/in Plate
2025-07-29 22:52:19,057 [INFO] [SUCCESS] Put action completed successfully
2025-07-29 22:52:44,378 [INFO] [EXECUTE] put plate stable_location
2025-07-29 22:52:45,389 [ERROR] [ERROR] Cannot put object - no object is currently held.
2025-07-29 22:52:45,391 [INFO] [VERIFICATION] Starting task verification...
2025-07-29 22:52:51,604 [INFO] [VERIFY] Saved verification image: /Users/yuanda/Documents/embodied_reasoner/task_planner/data/data_pickup_and_put/FloorPlan3_pickup_and_put_0/verification/final_verification.png
2025-07-29 22:52:59,321 [INFO] [VERIFY] Task verification result: SUCCESS=True, CONFIDENCE=high
2025-07-29 22:52:59,322 [INFO] [VERIFY] Reason: The tomato is clearly visible on the plate, which is placed on a stable surface. The main objective of placing the tomato on the plate has been achieved, and all required objects are in their expected final positions.
2025-07-29 22:52:59,322 [INFO] [VERIFICATION] ✓ Task completed successfully! (Confidence: high)
2025-07-29 22:52:59,322 [INFO] [VERIFICATION] Reason: The tomato is clearly visible on the plate, which is placed on a stable surface. The main objective of placing the tomato on the plate has been achieved, and all required objects are in their expected final positions.
2025-07-29 22:52:59,326 [INFO] [VERIFICATION] Verification result saved to: /Users/yuanda/Documents/embodied_reasoner/task_planner/data/data_pickup_and_put/FloorPlan3_pickup_and_put_0/verification_result.json
2025-07-29 22:52:59,326 [INFO] [VERIFICATION] Task completed successfully, exiting retry loop.
2025-07-29 22:52:59,402 [INFO] [TASK COMPLETE] Finished task test_001: put tomato on plate
2025-07-29 22:52:59,403 [INFO] All tasks completed successfully!
2025-07-29 22:52:59,403 [INFO] Error paths saved to: ./wrong_generte_path_list.json
>>>>>>> d3d494f (reconstruction):task_planner/logs/FloorPlan3_pickup_and_put/robot_execution_FloorPlan3.log
2025-08-01 12:56:20,372 [INFO] metadata_path: /Users/yuanda/Documents/embodied_reasoner/data_engine/taskgenerate/kitchens/FloorPlan3/metadata.json
2025-08-01 12:56:20,377 [INFO] Task configuration - USE_TEST_TASKS: True, TEST_TASK_ID: test_001, RUN_ALL_TEST_TASKS: False
2025-08-01 12:56:20,378 [INFO] Looking for test task: test_001
2025-08-01 12:56:20,378 [INFO] Loaded 15 test tasks from /Users/yuanda/Documents/embodied_reasoner/data_engine/test_tasks.json
2025-08-01 12:56:20,379 [INFO] Test task search result: True
2025-08-01 12:56:20,379 [INFO] Will run test task: test_001
2025-08-01 12:56:20,379 [INFO] 

*********************************************************************
2025-08-01 12:56:20,379 [INFO] Running Task ID: test_001
2025-08-01 12:56:20,379 [INFO] Scene:FloorPlan3 Task_Type: pickup_and_put Task: put tomato on plate
2025-08-01 12:56:20,380 [INFO] *********************************************************************

2025-08-01 12:56:20,380 [INFO] taskname: put tomato on plate
2025-08-01 12:56:28,699 [INFO] Initialize return: {'cameraNearPlane': 0.009999999776482582, 'cameraFarPlane': 20.0}
2025-08-01 12:56:28,843 [INFO] Initialization succeeded
2025-08-01 12:56:28,844 [INFO] [ATTEMPT 1/3] Starting task attempt
2025-08-01 12:56:28,956 [WARNING] [RESET] Failed to reset robot position on attempt 1
2025-08-01 12:56:29,031 [INFO] [SESSION] Initialized SessionManager with ID: session_20250801_125629
2025-08-01 12:56:53,726 [INFO] [OBSERVATION] <Observation>
I see a wooden counter with various items including a toaster, a kettle, and a cutting board with vegetables. A sink is located near the window, accompanied by a faucet. There are wooden cabinets below the counter and shelves above it holding bottles, glasses, and other kitchen items. A houseplant is placed near the sink, and a window is visible in the background. A stove with burners is on the left side of the counter. Wine bottles and cups are hanging from a shelf above the counter. There is also a pot on the counter, and a knife is visible near the sink. No drawers, stools, side tables, salt or pepper shakers, coffee machine, or microwave are observed.
</Observation>
2025-08-01 12:56:56,102 [INFO] [INITIAL TASK PLANNING] ['Find the tomato', 'Pick up the tomato', 'Find the plate', 'Put the tomato on the plate']
2025-08-01 12:57:00,980 [INFO] [GENERAL QUESTION] Are there any specific requirements for how the tomato should be placed on the plate (e.g., position, orientation, presentation style)?
2025-08-01 12:57:17,533 [INFO] [SESSION] Added QA record: decision_clarification question
2025-08-01 12:57:17,535 [INFO] [USER RESPONSE] plate maybe near the sink
2025-08-01 12:57:20,678 [INFO] [RE-PLANNING BASED ON USER RESPONSE]
2025-08-01 12:57:20,678 [INFO] REPLAN?: True
2025-08-01 12:57:20,679 [INFO] Reason: The user's input suggests that the plate might be located near the sink, which provides additional information about the plate's location. This could potentially change the most efficient route or approach to finding the plate, as the initial plan did not specify a location for the plate. By incorporating this new information, the robot can optimize its actions and potentially save time or avoid unnecessary search paths. Therefore, it is beneficial to replan the task to account for this new information.
2025-08-01 13:01:39,312 [INFO] [REPLAN] Old subtasks: ['Find the tomato', 'Pick up the tomato', 'Find the plate', 'Put the tomato on the plate']
2025-08-01 13:01:39,939 [INFO] [REPLAN] New subtasks: ['Find the plate', 'Move the plate near the sink', 'Find the tomato', 'Pick up the tomato', 'Put the tomato on the plate']
2025-08-01 13:02:23,084 [INFO] [DECISIONS] Generated 5 unique actions from 10 total actions
2025-08-01 13:02:24,726 [INFO] [SUBTASKS WITH DECISION] [{'action': 'search', 'objectType': 'plate', 'targetObject': None, 'decisionmaking': 'search plate'}, {'action': 'navigate', 'objectType': 'plate', 'targetObject': 'sink', 'decisionmaking': 'navigate plate sink'}, {'action': 'search', 'objectType': 'tomato', 'targetObject': None, 'decisionmaking': 'search tomato'}, {'action': 'pick_up', 'objectType': 'tomato', 'targetObject': None, 'decisionmaking': 'pick_up tomato'}, {'action': 'put', 'objectType': 'tomato', 'targetObject': 'plate', 'decisionmaking': 'put tomato plate'}]
2025-08-01 13:03:53,971 [INFO] [EXECUTE] search plate
2025-08-01 13:04:00,305 [INFO] [SEARCH] Found visible plate in current view
2025-08-01 13:04:53,034 [INFO] [EXECUTE] navigate plate sink
2025-08-01 13:04:55,262 [WARNING] [WARNING] Cannot navigate to plate, as it is not in the navigable list.
2025-08-01 13:05:16,409 [INFO] [EXECUTE] search tomato
2025-08-01 13:05:21,408 [INFO] [SEARCH] Checking Fridge
2025-08-01 13:05:24,771 [INFO] [SEARCH] Fridge is closed, opening for search...
2025-08-01 13:05:24,957 [INFO] [SEARCH] Successfully opened Fridge for searching tomato
2025-08-01 13:05:25,067 [INFO] [SEARCH] Found visible tomato in/on Fridge
2025-08-01 13:05:36,195 [INFO] [EXECUTE] pick_up tomato
2025-08-01 13:05:39,319 [INFO] [DEBUG] Looking for tomato to pick_up
2025-08-01 13:05:40,790 [INFO] [DEBUG] Visible objects: ['Drawer(Drawer|+00.65|+00.60|+01.02)', 'Drawer(Drawer|+00.65|+00.85|+01.02)', 'Floor(Floor|+00.00|+00.22|-00.82)', 'Fridge(Fridge|+01.01|+00.23|+01.92)', 'SideTable(SideTable|+00.98|+00.22|+00.87)', 'Tomato(Tomato|+00.92|+01.91|+01.61)']
2025-08-01 13:05:43,852 [INFO] [DEBUG] Selected first matching tomato (ID: Tomato|+00.92|+01.91|+01.61)
2025-08-01 13:05:43,853 [INFO] [DEBUG] Final selected object: Tomato (ID: Tomato|+00.92|+01.91|+01.61)
2025-08-01 13:05:43,855 [INFO] [EXECUTE] Executing pick_up on tomato (ID: Tomato|+00.92|+01.91|+01.61)
2025-08-01 13:05:44,090 [INFO] [SUCCESS] pick_up on tomato completed successfully
2025-08-01 13:05:44,090 [INFO] [DEBUG] Recorded recent interaction: tomato -> Tomato|+00.92|+01.91|+01.61
2025-08-01 13:05:44,090 [INFO] [SEARCH CLEANUP] Closing 1 containers that were opened for search
2025-08-01 13:05:44,148 [INFO] [SEARCH CLEANUP] Closing Fridge (ID: Fridge|+01.01|+00.23|+01.92)
2025-08-01 13:05:44,675 [INFO] [SEARCH CLEANUP] Successfully closed Fridge
2025-08-01 13:05:54,614 [INFO] [EXECUTE] put tomato plate
2025-08-01 13:06:00,059 [ERROR] [ERROR] Cannot find receptacle plate to put object on/in.
2025-08-01 13:06:10,866 [INFO] [VERIFICATION] Starting task verification...
2025-08-01 13:06:16,766 [INFO] [VERIFY] Saved verification image: /Users/yuanda/Documents/embodied_reasoner/task_planner/data/data_pickup_and_put/FloorPlan3_pickup_and_put_0/verification/final_verification.png
2025-08-01 13:06:24,849 [INFO] [VERIFY] Task verification result: SUCCESS=False, CONFIDENCE=high
2025-08-01 13:06:24,850 [INFO] [VERIFY] Reason: The tomato is not on a plate. Instead, it appears to be floating or placed in an unexpected location on the floor near a dresser. The plate is not visible in the scene, and the tomato is not in its expected final position as per the task requirements.**  
**CONFIDENCE: High**
2025-08-01 13:06:42,335 [WARNING] [VERIFICATION] ✗ Task may not be completed. (Confidence: high)
2025-08-01 13:06:42,936 [WARNING] [VERIFICATION] Reason: The tomato is not on a plate. Instead, it appears to be floating or placed in an unexpected location on the floor near a dresser. The plate is not visible in the scene, and the tomato is not in its expected final position as per the task requirements.**  
**CONFIDENCE: High**
2025-08-01 15:17:06,922 [INFO] metadata_path: /Users/yuanda/Documents/embodied_reasoner/data_engine/taskgenerate/kitchens/FloorPlan3/metadata.json
2025-08-01 15:17:06,924 [INFO] Task configuration - USE_TEST_TASKS: True, TEST_TASK_ID: test_001, RUN_ALL_TEST_TASKS: False
2025-08-01 15:17:06,924 [INFO] Looking for test task: test_001
2025-08-01 15:17:06,924 [INFO] Loaded 15 test tasks from /Users/yuanda/Documents/embodied_reasoner/data_engine/test_tasks.json
2025-08-01 15:17:06,925 [INFO] Test task search result: True
2025-08-01 15:17:06,925 [INFO] Will run test task: test_001
2025-08-01 15:17:06,925 [INFO] 

*********************************************************************
2025-08-01 15:17:06,925 [INFO] Running Task ID: test_001
2025-08-01 15:17:06,925 [INFO] Scene:FloorPlan3 Task_Type: pickup_and_put Task: put tomato on plate
2025-08-01 15:17:06,925 [INFO] *********************************************************************

2025-08-01 15:17:06,925 [INFO] taskname: put tomato on plate
2025-08-01 15:17:14,145 [INFO] Initialize return: {'cameraNearPlane': 0.009999999776482582, 'cameraFarPlane': 20.0}
2025-08-01 15:17:14,288 [INFO] Initialization succeeded
2025-08-01 15:17:14,288 [INFO] [ATTEMPT 1/3] Starting task attempt
2025-08-01 15:17:14,351 [WARNING] [RESET] Failed to reset robot position on attempt 1
2025-08-01 15:17:14,415 [INFO] [SESSION] Initialized SessionManager with ID: session_20250801_151714
2025-08-01 15:17:38,441 [INFO] [OBSERVATION] <Observation>
I see a wooden countertop with various objects on it, including a toaster, a kettle, a pot, a cutting board with vegetables, a sink with a faucet, and a houseplant. There is a window in the background, allowing natural light to enter. Above the counter, there are shelves holding wine bottles and glasses. To the left, I can see a stove with burners. There are cabinets below the countertop, and a drawer is visible on the left side. The room has a cozy, wooden interior with a warm ambiance.
</Observation>
2025-08-01 15:17:41,012 [INFO] [INITIAL TASK PLANNING] ['Find the tomato on the cutting board.', 'Pick up the tomato.', 'Find the plate on the countertop or nearby.', 'Place the tomato on the plate.']
2025-08-01 15:22:31,810 [INFO] [GENERAL QUESTION] Are there any specific criteria for selecting the tomato (e.g., size, ripeness, part of the tomato to be used)? Additionally, should the tomato be prepared in any way (e.g., sliced, diced) before being placed on the plate?
2025-08-01 15:23:58,701 [INFO] [SESSION] Added QA record: decision_clarification question
2025-08-01 15:23:58,701 [INFO] [USER RESPONSE] maybe tomato near the sink
2025-08-01 15:24:01,717 [INFO] [RE-PLANNING BASED ON USER RESPONSE]
2025-08-01 15:24:01,719 [INFO] REPLAN?: True
2025-08-01 15:24:01,721 [INFO] Reason: The user's response suggests that the tomato might be located near the sink rather than on the cutting board, which is the initial assumption in the current plan. This new information could significantly change the first step of the plan, making it necessary to replan the task to account for the tomato's potential new location. Adjusting the plan ensures that the robot can efficiently locate and pick up the tomato.
2025-08-01 15:24:54,257 [INFO] metadata_path: /Users/yuanda/Documents/embodied_reasoner/data_engine/taskgenerate/kitchens/FloorPlan3/metadata.json
2025-08-01 15:24:54,259 [INFO] Task configuration - USE_TEST_TASKS: True, TEST_TASK_ID: test_001, RUN_ALL_TEST_TASKS: False
2025-08-01 15:24:54,259 [INFO] Looking for test task: test_001
2025-08-01 15:24:54,259 [INFO] Loaded 15 test tasks from /Users/yuanda/Documents/embodied_reasoner/data_engine/test_tasks.json
2025-08-01 15:24:54,260 [INFO] Test task search result: True
2025-08-01 15:24:54,260 [INFO] Will run test task: test_001
2025-08-01 15:24:54,260 [INFO] 

*********************************************************************
2025-08-01 15:24:54,260 [INFO] Running Task ID: test_001
2025-08-01 15:24:54,260 [INFO] Scene:FloorPlan3 Task_Type: pickup_and_put Task: put tomato on plate
2025-08-01 15:24:54,260 [INFO] *********************************************************************

2025-08-01 15:24:54,260 [INFO] taskname: put tomato on plate
2025-08-01 15:25:01,363 [INFO] Initialize return: {'cameraNearPlane': 0.009999999776482582, 'cameraFarPlane': 20.0}
2025-08-01 15:25:01,480 [INFO] Initialization succeeded
2025-08-01 15:25:01,480 [INFO] [ATTEMPT 1/3] Starting task attempt
2025-08-01 15:25:01,606 [WARNING] [RESET] Failed to reset robot position on attempt 1
2025-08-01 15:25:01,672 [INFO] [SESSION] Initialized SessionManager with ID: session_20250801_152501
2025-08-01 15:25:12,491 [INFO] [OBSERVATION] <Observation>
I observe a CounterTop with various items including a HousePlant, a kettle, a toaster, and a pressure cooker. There is a Faucet above a SinkBasin, and a Window providing natural light. The StoveKnob and StoveBurner are visible on the left side. There are several Cups and WineBottles hanging from a shelf. A SaltShaker and a PepperShaker are placed near the sink. A Knife is resting on the countertop. The background includes wooden cabinets and shelves holding more items. The overall scene is well-lit with overhead lighting.
</Observation>
2025-08-01 15:25:17,491 [INFO] [INITIAL TASK PLANNING] ['Locate the tomato on the CounterTop or elsewhere in the environment.', 'Move towards the tomato and pick it up.', 'Locate the plate, either on the CounterTop or in another visible location.', 'Move towards the plate.', 'Place the tomato on the plate.']
2025-08-01 15:25:22,133 [INFO] [GENERAL QUESTION] What should be done if the tomato or the plate is not immediately visible or accessible in the environment? Should there be a search strategy or additional steps to locate them? Additionally, are there any specific requirements for how the tomato should be placed on the plate (e.g., whole, sliced, orientation)?
2025-08-01 15:25:56,212 [INFO] [SESSION] Added QA record: decision_clarification question
2025-08-01 15:25:56,215 [INFO] [USER RESPONSE] tomato near the sink
2025-08-01 15:25:59,201 [INFO] [RE-PLANNING BASED ON USER RESPONSE]
2025-08-01 15:25:59,202 [INFO] REPLAN?: False
2025-08-01 15:25:59,203 [INFO] Reason: The user's response indicates that the tomato is near the sink, which provides additional context but does not invalidate the current plan. The plan already accounts for locating the tomato in the environment (CounterTop or elsewhere). Since the location (near the sink) aligns with the plan's flexibility, no replanning is necessary. The robot can proceed by searching near the sink for the tomato and then continue with the rest of the plan.
2025-08-01 15:25:59,203 [INFO] [NO REPLAN NEEDED] Reason: The user's response indicates that the tomato is near the sink, which provides additional context but does not invalidate the current plan. The plan already accounts for locating the tomato in the environment (CounterTop or elsewhere). Since the location (near the sink) aligns with the plan's flexibility, no replanning is necessary. The robot can proceed by searching near the sink for the tomato and then continue with the rest of the plan.
2025-08-01 15:26:16,799 [INFO] [DECISIONS] Generated 6 unique actions from 6 total actions
2025-08-01 15:26:35,643 [INFO] metadata_path: /Users/yuanda/Documents/embodied_reasoner/data_engine/taskgenerate/kitchens/FloorPlan3/metadata.json
2025-08-01 15:26:35,645 [INFO] Task configuration - USE_TEST_TASKS: True, TEST_TASK_ID: test_001, RUN_ALL_TEST_TASKS: False
2025-08-01 15:26:35,645 [INFO] Looking for test task: test_001
2025-08-01 15:26:35,645 [INFO] Loaded 15 test tasks from /Users/yuanda/Documents/embodied_reasoner/data_engine/test_tasks.json
2025-08-01 15:26:35,645 [INFO] Test task search result: True
2025-08-01 15:26:35,645 [INFO] Will run test task: test_001
2025-08-01 15:26:35,646 [INFO] 

*********************************************************************
2025-08-01 15:26:35,646 [INFO] Running Task ID: test_001
2025-08-01 15:26:35,646 [INFO] Scene:FloorPlan3 Task_Type: pickup_and_put Task: put tomato on plate
2025-08-01 15:26:35,646 [INFO] *********************************************************************

2025-08-01 15:26:35,646 [INFO] taskname: put tomato on plate
2025-08-01 15:26:42,669 [INFO] Initialize return: {'cameraNearPlane': 0.009999999776482582, 'cameraFarPlane': 20.0}
2025-08-01 15:26:42,783 [INFO] Initialization succeeded
2025-08-01 15:26:42,783 [INFO] [ATTEMPT 1/3] Starting task attempt
2025-08-01 15:26:42,845 [WARNING] [RESET] Failed to reset robot position on attempt 1
2025-08-01 15:26:42,908 [INFO] [SESSION] Initialized SessionManager with ID: session_20250801_152642
2025-08-01 15:26:54,330 [INFO] [OBSERVATION] <Observation>
I see a modern kitchen with wooden elements. The main objects visible include:
- A CounterTop with various items like a kettle, toaster, rice cooker, and vegetables.
- A Sink with a faucet, surrounded by cleaning supplies.
- A Window letting in natural light.
- Shelves holding bottles, bowls, and a plant.
- A Cabinet with multiple drawers and doors.
- A StoveBurner on the left side.
- WineBottles and glassware hanging on a shelf.
- A HousePlant on the counter.
- A Knife near the sink.
- A Peppershaker on the counter.
All objects are arranged in a functional and aesthetically pleasing manner, creating a warm and inviting kitchen space.
</Observation>
2025-08-01 15:26:56,645 [INFO] [INITIAL TASK PLANNING] ['Find the tomato on the countertop', 'Pick up the tomato', 'Find the plate on the countertop or nearby', 'Place the tomato on the plate']
2025-08-01 15:27:02,663 [INFO] [GENERAL QUESTION] Is there a specific type of tomato or plate that needs to be used for this task? For example, should the tomato be ripe, or should the plate have a particular size or design? Additionally, are there any specific instructions on how the tomato should be placed on the plate (e.g., whole, sliced, or halved)?
2025-08-01 15:27:28,730 [INFO] [SESSION] Added QA record: decision_clarification question
2025-08-01 15:27:28,732 [INFO] [USER RESPONSE] tomato need to be clean
2025-08-01 15:27:32,966 [INFO] [RE-PLANNING BASED ON USER RESPONSE]
2025-08-01 15:27:32,967 [INFO] REPLAN?: True
2025-08-01 15:27:32,968 [INFO] Reason: The user has indicated that the tomato needs to be cleaned before it can be placed on the plate. This introduces an additional step that was not accounted for in the original plan. Therefore, the task plan should be updated to include cleaning the tomato before placing it on the plate. The revised plan might look like this:
2025-08-01 15:29:24,008 [INFO] [REPLAN] Old subtasks: ['Find the tomato on the countertop', 'Pick up the tomato', 'Find the plate on the countertop or nearby', 'Place the tomato on the plate']
2025-08-01 15:29:24,009 [INFO] [REPLAN] New subtasks: ['Find the tomato on the countertop', 'Pick up the tomato', 'Go to the sink', 'Clean the tomato under running water', 'Shake off excess water from the tomato', 'Find the plate on the countertop or nearby', 'Place the clean tomato on the plate']
2025-08-01 15:29:44,006 [INFO] [HIGH-LEVEL] Decomposing clean tomato
2025-08-01 15:30:01,667 [INFO] [DECOMPOSE] clean tomato -> 11 atomic actions
2025-08-01 15:30:01,668 [INFO]   1. search tomato
2025-08-01 15:30:01,668 [INFO]   2. navigate tomato
2025-08-01 15:30:01,668 [INFO]   3. pick_up tomato
2025-08-01 15:30:01,669 [INFO]   4. navigate sink
2025-08-01 15:30:01,669 [INFO]   5. toggle_on faucet
2025-08-01 15:30:01,669 [INFO]   6. clean tomato
2025-08-01 15:30:01,669 [INFO]   7. toggle_off faucet
2025-08-01 15:30:01,669 [INFO]   8. search plate
2025-08-01 15:30:01,669 [INFO]   9. navigate plate
2025-08-01 15:30:01,669 [INFO]   10. pick_up plate
2025-08-01 15:30:01,670 [INFO]   11. put tomato plate
2025-08-01 15:30:01,671 [INFO] [DECISIONS] Generated 13 unique actions from 8 total actions
2025-08-01 15:30:22,287 [INFO] [SUBTASKS WITH DECISION] [{'action': 'search', 'objectType': 'tomato', 'targetObject': None, 'decisionmaking': 'search tomato'}, {'action': 'pick_up', 'objectType': 'tomato', 'targetObject': None, 'decisionmaking': 'pick_up tomato'}, {'action': 'navigate', 'objectType': 'sink', 'targetObject': None, 'decisionmaking': 'navigate sink'}, {'action': 'toggle_on', 'objectType': 'sink', 'targetObject': None, 'decisionmaking': 'toggle_on sink'}, {'action': 'navigate', 'objectType': 'tomato', 'targetObject': None, 'decisionmaking': 'navigate tomato'}, {'action': 'toggle_on', 'objectType': 'faucet', 'targetObject': None, 'decisionmaking': 'toggle_on faucet'}, {'action': 'clean', 'objectType': 'tomato', 'targetObject': None, 'decisionmaking': 'clean tomato'}, {'action': 'toggle_off', 'objectType': 'faucet', 'targetObject': None, 'decisionmaking': 'toggle_off faucet'}, {'action': 'search', 'objectType': 'plate', 'targetObject': None, 'decisionmaking': 'search plate'}, {'action': 'navigate', 'objectType': 'plate', 'targetObject': None, 'decisionmaking': 'navigate plate'}, {'action': 'pick_up', 'objectType': 'plate', 'targetObject': None, 'decisionmaking': 'pick_up plate'}, {'action': 'put', 'objectType': 'tomato', 'targetObject': 'plate', 'decisionmaking': 'put tomato plate'}, {'action': 'toggle_off', 'objectType': 'sink', 'targetObject': None, 'decisionmaking': 'toggle_off sink'}]
2025-08-01 17:22:55,232 [INFO] [EXECUTE] search tomato
2025-08-01 17:22:57,367 [INFO] [SEARCH] Checking Fridge
2025-08-01 17:23:00,069 [INFO] [SEARCH] Fridge is closed, opening for search...
2025-08-01 17:23:00,363 [INFO] [SEARCH] Successfully opened Fridge for searching tomato
2025-08-01 17:23:00,506 [INFO] [SEARCH] Found visible tomato in/on Fridge
2025-08-01 17:23:08,326 [INFO] [EXECUTE] pick_up tomato
2025-08-01 17:23:08,569 [INFO] [DEBUG] Looking for tomato to pick_up
2025-08-01 17:23:08,569 [INFO] [DEBUG] Visible objects: ['Drawer(Drawer|+00.65|+00.60|+01.02)', 'Drawer(Drawer|+00.65|+00.85|+01.02)', 'Floor(Floor|+00.00|+00.22|-00.82)', 'Fridge(Fridge|+01.01|+00.23|+01.92)', 'SideTable(SideTable|+00.98|+00.22|+00.87)', 'Tomato(Tomato|+00.92|+01.91|+01.61)']
2025-08-01 17:23:08,570 [INFO] [DEBUG] Selected first matching tomato (ID: Tomato|+00.92|+01.91|+01.61)
2025-08-01 17:23:08,570 [INFO] [DEBUG] Final selected object: Tomato (ID: Tomato|+00.92|+01.91|+01.61)
2025-08-01 17:23:08,570 [INFO] [EXECUTE] Executing pick_up on tomato (ID: Tomato|+00.92|+01.91|+01.61)
2025-08-01 17:23:08,755 [INFO] [SUCCESS] pick_up on tomato completed successfully
2025-08-01 17:23:08,755 [INFO] [DEBUG] Recorded recent interaction: tomato -> Tomato|+00.92|+01.91|+01.61
2025-08-01 17:23:08,755 [INFO] [SEARCH CLEANUP] Closing 1 containers that were opened for search
2025-08-01 17:23:08,815 [INFO] [SEARCH CLEANUP] Closing Fridge (ID: Fridge|+01.01|+00.23|+01.92)
2025-08-01 17:23:09,264 [INFO] [SEARCH CLEANUP] Successfully closed Fridge
2025-08-01 17:23:23,578 [INFO] [EXECUTE] navigate sink
2025-08-01 17:23:58,043 [INFO] [EXECUTE] toggle_on sink
2025-08-01 17:23:58,292 [INFO] [DEBUG] Looking for sink to toggle_on
2025-08-01 17:23:58,292 [INFO] [DEBUG] Visible objects: ['Apple(Apple|-01.75|+01.37|-01.16)', 'Bowl(Bowl|-01.82|+01.31|+00.27)', 'Bread(Bread|-01.51|+01.38|+00.66)', 'Cabinet(Cabinet|-01.46|+00.78|-02.00)', 'Cabinet(Cabinet|-01.46|+00.78|+00.47)', 'Cabinet(Cabinet|-01.46|+00.78|+01.31)', 'CounterTop(CounterTop|-01.81|+01.36|+01.18)', 'DishSponge(DishSponge|-02.05|+01.33|-00.96)', 'Drawer(Drawer|-01.61|+00.68|-01.22)', 'Drawer(Drawer|-01.61|+00.68|-00.43)', 'Egg(Egg|-01.57|+01.36|-01.05)', 'Faucet(Faucet|-02.13|+01.32|-00.81)', 'Floor(Floor|+00.00|+00.22|-00.82)', 'HousePlant(HousePlant|-02.03|+01.31|-00.03)', 'Lettuce(Lettuce|-01.89|+01.40|-01.07)', 'Mug(Mug|-01.97|+01.04|-00.43)', 'PaperTowelRoll(PaperTowelRoll|-02.04|+01.42|-01.90)', 'Plate(Plate|-01.47|+01.31|+00.24)', 'Pot(Pot|-01.58|+01.31|-01.58)', 'Potato(Potato|-01.61|+01.36|-01.24)', 'Sink(Sink|-01.99|+01.14|-00.98)', 'SinkBasin(Sink|-01.99|+01.14|-00.98|SinkBasin)', 'SoapBottle(SoapBottle|-01.79|+01.31|-00.10)', 'Toaster(Toaster|-01.89|+01.31|-02.51)', 'Tomato(Tomato|+00.92|+01.91|+01.61)', 'Window(Window|-02.57|+01.80|-00.82)']
2025-08-01 17:23:58,293 [INFO] [DEBUG] Selected first matching sink (ID: Sink|-01.99|+01.14|-00.98)
2025-08-01 17:23:58,293 [INFO] [DEBUG] Final selected object: Sink (ID: Sink|-01.99|+01.14|-00.98)
2025-08-01 17:23:58,293 [INFO] [EXECUTE] Executing toggle_on on sink (ID: Sink|-01.99|+01.14|-00.98)
2025-08-01 17:23:58,781 [INFO] [SUCCESS] toggle_on on sink completed successfully
2025-08-01 17:23:58,782 [INFO] [DEBUG] Recorded recent interaction: sink -> Sink|-01.99|+01.14|-00.98
2025-08-01 17:24:10,061 [INFO] [EXECUTE] navigate tomato
2025-08-01 17:24:10,063 [ERROR] [WARNING] Cannot navigate to tomato, as it is not in the navigable list.
2025-08-01 17:24:19,192 [INFO] [EXECUTE] toggle_on faucet
2025-08-01 17:24:19,487 [INFO] [DEBUG] Looking for faucet to toggle_on
2025-08-01 17:24:19,487 [INFO] [DEBUG] Visible objects: ['Apple(Apple|-01.75|+01.37|-01.16)', 'Bowl(Bowl|-01.82|+01.31|+00.27)', 'Bread(Bread|-01.51|+01.38|+00.66)', 'Cabinet(Cabinet|-01.46|+00.78|-02.00)', 'Cabinet(Cabinet|-01.46|+00.78|+00.47)', 'Cabinet(Cabinet|-01.46|+00.78|+01.31)', 'CounterTop(CounterTop|-01.81|+01.36|+01.18)', 'DishSponge(DishSponge|-02.05|+01.33|-00.96)', 'Drawer(Drawer|-01.61|+00.68|-01.22)', 'Drawer(Drawer|-01.61|+00.68|-00.43)', 'Egg(Egg|-01.57|+01.36|-01.05)', 'Faucet(Faucet|-02.13|+01.32|-00.81)', 'Floor(Floor|+00.00|+00.22|-00.82)', 'HousePlant(HousePlant|-02.03|+01.31|-00.03)', 'Lettuce(Lettuce|-01.89|+01.40|-01.07)', 'Mug(Mug|-01.97|+01.04|-00.43)', 'PaperTowelRoll(PaperTowelRoll|-02.04|+01.42|-01.90)', 'Plate(Plate|-01.47|+01.31|+00.24)', 'Pot(Pot|-01.58|+01.31|-01.58)', 'Potato(Potato|-01.61|+01.36|-01.24)', 'Sink(Sink|-01.99|+01.14|-00.98)', 'SinkBasin(Sink|-01.99|+01.14|-00.98|SinkBasin)', 'SoapBottle(SoapBottle|-01.79|+01.31|-00.10)', 'Toaster(Toaster|-01.89|+01.31|-02.51)', 'Tomato(Tomato|+00.92|+01.91|+01.61)', 'Window(Window|-02.57|+01.80|-00.82)']
2025-08-01 17:24:19,488 [INFO] [DEBUG] Selected first matching faucet (ID: Faucet|-02.13|+01.32|-00.81)
2025-08-01 17:24:19,488 [INFO] [DEBUG] Final selected object: Faucet (ID: Faucet|-02.13|+01.32|-00.81)
2025-08-01 17:24:19,489 [INFO] [EXECUTE] Executing toggle_on on faucet (ID: Faucet|-02.13|+01.32|-00.81)
2025-08-01 17:24:20,077 [INFO] [SUCCESS] toggle_on on faucet completed successfully
2025-08-01 17:24:20,077 [INFO] [DEBUG] Recorded recent interaction: faucet -> Faucet|-02.13|+01.32|-00.81
2025-08-01 17:24:27,173 [INFO] [EXECUTE] clean tomato
2025-08-01 17:24:27,514 [INFO] [DEBUG] Looking for tomato to clean
2025-08-01 17:24:27,514 [INFO] [DEBUG] Visible objects: ['Apple(Apple|-01.75|+01.37|-01.16)', 'Bowl(Bowl|-01.82|+01.31|+00.27)', 'Bread(Bread|-01.51|+01.38|+00.66)', 'Cabinet(Cabinet|-01.46|+00.78|-02.00)', 'Cabinet(Cabinet|-01.46|+00.78|+00.47)', 'Cabinet(Cabinet|-01.46|+00.78|+01.31)', 'CounterTop(CounterTop|-01.81|+01.36|+01.18)', 'DishSponge(DishSponge|-02.05|+01.33|-00.96)', 'Drawer(Drawer|-01.61|+00.68|-01.22)', 'Drawer(Drawer|-01.61|+00.68|-00.43)', 'Egg(Egg|-01.57|+01.36|-01.05)', 'Faucet(Faucet|-02.13|+01.32|-00.81)', 'Floor(Floor|+00.00|+00.22|-00.82)', 'HousePlant(HousePlant|-02.03|+01.31|-00.03)', 'Lettuce(Lettuce|-01.89|+01.40|-01.07)', 'Mug(Mug|-01.97|+01.04|-00.43)', 'PaperTowelRoll(PaperTowelRoll|-02.04|+01.42|-01.90)', 'Plate(Plate|-01.47|+01.31|+00.24)', 'Pot(Pot|-01.58|+01.31|-01.58)', 'Potato(Potato|-01.61|+01.36|-01.24)', 'Sink(Sink|-01.99|+01.14|-00.98)', 'SinkBasin(Sink|-01.99|+01.14|-00.98|SinkBasin)', 'SoapBottle(SoapBottle|-01.79|+01.31|-00.10)', 'Toaster(Toaster|-01.89|+01.31|-02.51)', 'Tomato(Tomato|+00.92|+01.91|+01.61)', 'Window(Window|-02.57|+01.80|-00.82)']
2025-08-01 17:24:27,516 [INFO] [DEBUG] Found recently interacted tomato (ID: Tomato|+00.92|+01.91|+01.61)
2025-08-01 17:24:27,516 [INFO] [DEBUG] Using recently interacted tomato for clean
2025-08-01 17:24:27,516 [INFO] [DEBUG] Final selected object: Tomato (ID: Tomato|+00.92|+01.91|+01.61)
2025-08-01 17:24:27,516 [INFO] [EXECUTE] Executing clean on tomato (ID: Tomato|+00.92|+01.91|+01.61)
2025-08-01 17:24:27,900 [INFO] [SUCCESS] clean on tomato completed successfully
2025-08-01 17:24:27,900 [INFO] [DEBUG] Recorded recent interaction: tomato -> Tomato|+00.92|+01.91|+01.61
2025-08-01 17:24:40,684 [INFO] [EXECUTE] toggle_off faucet
2025-08-01 17:24:41,354 [INFO] [DEBUG] Looking for faucet to toggle_off
2025-08-01 17:24:41,354 [INFO] [DEBUG] Visible objects: ['Apple(Apple|-01.75|+01.37|-01.16)', 'Bowl(Bowl|-01.82|+01.31|+00.27)', 'Bread(Bread|-01.51|+01.38|+00.66)', 'Cabinet(Cabinet|-01.46|+00.78|-02.00)', 'Cabinet(Cabinet|-01.46|+00.78|+00.47)', 'Cabinet(Cabinet|-01.46|+00.78|+01.31)', 'CounterTop(CounterTop|-01.81|+01.36|+01.18)', 'DishSponge(DishSponge|-02.05|+01.33|-00.96)', 'Drawer(Drawer|-01.61|+00.68|-01.22)', 'Drawer(Drawer|-01.61|+00.68|-00.43)', 'Egg(Egg|-01.57|+01.36|-01.05)', 'Faucet(Faucet|-02.13|+01.32|-00.81)', 'Floor(Floor|+00.00|+00.22|-00.82)', 'HousePlant(HousePlant|-02.03|+01.31|-00.03)', 'Lettuce(Lettuce|-01.89|+01.40|-01.07)', 'Mug(Mug|-01.97|+01.04|-00.43)', 'PaperTowelRoll(PaperTowelRoll|-02.04|+01.42|-01.90)', 'Plate(Plate|-01.47|+01.31|+00.24)', 'Pot(Pot|-01.58|+01.31|-01.58)', 'Potato(Potato|-01.61|+01.36|-01.24)', 'Sink(Sink|-01.99|+01.14|-00.98)', 'SinkBasin(Sink|-01.99|+01.14|-00.98|SinkBasin)', 'SoapBottle(SoapBottle|-01.79|+01.31|-00.10)', 'Toaster(Toaster|-01.89|+01.31|-02.51)', 'Tomato(Tomato|+00.92|+01.91|+01.61)', 'Window(Window|-02.57|+01.80|-00.82)']
2025-08-01 17:24:41,355 [INFO] [DEBUG] Found recently interacted faucet (ID: Faucet|-02.13|+01.32|-00.81)
2025-08-01 17:24:41,355 [INFO] [DEBUG] Using recently interacted faucet for toggle_off
2025-08-01 17:24:41,355 [INFO] [DEBUG] Final selected object: Faucet (ID: Faucet|-02.13|+01.32|-00.81)
2025-08-01 17:24:41,355 [INFO] [EXECUTE] Executing toggle_off on faucet (ID: Faucet|-02.13|+01.32|-00.81)
2025-08-01 17:24:41,622 [INFO] [SUCCESS] toggle_off on faucet completed successfully
2025-08-01 17:24:41,622 [INFO] [DEBUG] Recorded recent interaction: faucet -> Faucet|-02.13|+01.32|-00.81
2025-08-01 17:25:09,786 [INFO] [EXECUTE] search plate
2025-08-01 17:25:10,044 [INFO] [SEARCH] Found visible plate in current view
2025-08-01 17:25:28,925 [INFO] [EXECUTE] navigate plate
2025-08-01 17:25:28,929 [ERROR] [WARNING] Cannot navigate to plate, as it is not in the navigable list.
2025-08-01 17:25:53,497 [INFO] [EXECUTE] pick_up plate
2025-08-01 17:25:53,889 [INFO] [DEBUG] Looking for plate to pick_up
2025-08-01 17:25:53,890 [INFO] [DEBUG] Visible objects: ['Apple(Apple|-01.75|+01.37|-01.16)', 'Bowl(Bowl|-01.82|+01.31|+00.27)', 'Bread(Bread|-01.51|+01.38|+00.66)', 'Cabinet(Cabinet|-01.46|+00.78|-02.00)', 'Cabinet(Cabinet|-01.46|+00.78|+00.47)', 'Cabinet(Cabinet|-01.46|+00.78|+01.31)', 'CounterTop(CounterTop|-01.81|+01.36|+01.18)', 'DishSponge(DishSponge|-02.05|+01.33|-00.96)', 'Drawer(Drawer|-01.61|+00.68|-01.22)', 'Drawer(Drawer|-01.61|+00.68|-00.43)', 'Egg(Egg|-01.57|+01.36|-01.05)', 'Faucet(Faucet|-02.13|+01.32|-00.81)', 'Floor(Floor|+00.00|+00.22|-00.82)', 'HousePlant(HousePlant|-02.03|+01.31|-00.03)', 'Lettuce(Lettuce|-01.89|+01.40|-01.07)', 'Mug(Mug|-01.97|+01.04|-00.43)', 'PaperTowelRoll(PaperTowelRoll|-02.04|+01.42|-01.90)', 'Plate(Plate|-01.47|+01.31|+00.24)', 'Pot(Pot|-01.58|+01.31|-01.58)', 'Potato(Potato|-01.61|+01.36|-01.24)', 'Sink(Sink|-01.99|+01.14|-00.98)', 'SinkBasin(Sink|-01.99|+01.14|-00.98|SinkBasin)', 'SoapBottle(SoapBottle|-01.79|+01.31|-00.10)', 'Toaster(Toaster|-01.89|+01.31|-02.51)', 'Tomato(Tomato|+00.92|+01.91|+01.61)', 'Window(Window|-02.57|+01.80|-00.82)']
2025-08-01 17:25:53,890 [INFO] [DEBUG] Selected first matching plate (ID: Plate|-01.47|+01.31|+00.24)
2025-08-01 17:25:53,890 [INFO] [DEBUG] Final selected object: Plate (ID: Plate|-01.47|+01.31|+00.24)
2025-08-01 17:25:53,891 [INFO] [EXECUTE] Executing pick_up on plate (ID: Plate|-01.47|+01.31|+00.24)
2025-08-01 17:25:54,349 [INFO] [SUCCESS] pick_up on plate completed successfully
2025-08-01 17:25:54,349 [INFO] [DEBUG] Recorded recent interaction: plate -> Plate|-01.47|+01.31|+00.24
2025-08-01 17:26:03,337 [INFO] [EXECUTE] put tomato plate
2025-08-01 17:26:10,346 [INFO] [EXECUTE] Putting Tomato on/in Plate
2025-08-01 17:26:10,883 [INFO] [SUCCESS] Put action completed successfully
2025-08-01 17:26:30,155 [INFO] [EXECUTE] toggle_off sink
2025-08-01 17:26:30,457 [INFO] [DEBUG] Looking for sink to toggle_off
2025-08-01 17:26:30,457 [INFO] [DEBUG] Visible objects: ['Apple(Apple|-01.75|+01.37|-01.16)', 'Bowl(Bowl|-01.82|+01.31|+00.27)', 'Bread(Bread|-01.51|+01.38|+00.66)', 'ButterKnife(ButterKnife|-01.57|+01.32|+01.35)', 'Cabinet(Cabinet|-01.46|+00.78|-02.00)', 'Cabinet(Cabinet|-01.46|+00.78|+00.47)', 'Cabinet(Cabinet|-01.46|+00.78|+01.31)', 'CounterTop(CounterTop|-01.81|+01.36|+01.18)', 'DishSponge(DishSponge|-02.05|+01.33|-00.96)', 'Drawer(Drawer|-01.61|+00.68|-01.22)', 'Drawer(Drawer|-01.61|+00.68|-00.43)', 'Egg(Egg|-01.57|+01.36|-01.05)', 'Faucet(Faucet|-02.13|+01.32|-00.81)', 'Floor(Floor|+00.00|+00.22|-00.82)', 'GarbageCan(GarbageCan|-01.63|+00.21|+02.19)', 'HousePlant(HousePlant|-02.03|+01.31|-00.03)', 'Lettuce(Lettuce|-01.89|+01.40|-01.07)', 'Mug(Mug|-01.97|+01.04|-00.43)', 'Plate(Plate|-01.47|+01.31|+00.24)', 'Sink(Sink|-01.99|+01.14|-00.98)', 'SinkBasin(Sink|-01.99|+01.14|-00.98|SinkBasin)', 'SoapBottle(SoapBottle|-01.79|+01.31|-00.10)', 'Tomato(Tomato|+00.92|+01.91|+01.61)', 'Window(Window|-02.57|+01.80|-00.82)']
2025-08-01 17:26:30,458 [INFO] [DEBUG] Found recently interacted sink (ID: Sink|-01.99|+01.14|-00.98)
2025-08-01 17:26:30,458 [INFO] [DEBUG] Using recently interacted sink for toggle_off
2025-08-01 17:26:30,458 [INFO] [DEBUG] Final selected object: Sink (ID: Sink|-01.99|+01.14|-00.98)
2025-08-01 17:26:30,458 [INFO] [EXECUTE] Executing toggle_off on sink (ID: Sink|-01.99|+01.14|-00.98)
2025-08-01 17:26:30,591 [INFO] [SUCCESS] toggle_off on sink completed successfully
2025-08-01 17:26:30,591 [INFO] [DEBUG] Recorded recent interaction: sink -> Sink|-01.99|+01.14|-00.98
2025-08-01 17:26:30,704 [INFO] [VERIFICATION] Starting task verification...
2025-08-01 17:26:31,022 [INFO] [VERIFY] Saved verification image: /Users/yuanda/Documents/embodied_reasoner/task_planner/data/data_pickup_and_put/FloorPlan3_pickup_and_put_0/verification/final_verification.png
2025-08-01 17:26:39,279 [INFO] [VERIFY] Task verification result: SUCCESS=True, CONFIDENCE=high
2025-08-01 17:26:39,280 [INFO] [VERIFY] Reason: The tomato is clearly placed on the plate, indicating that the main objective of the task has been achieved. All required objects are in their expected final positions: the tomato is on the plate, and the plate is on the countertop.**  
**CONFIDENCE: high**
2025-08-01 17:26:39,280 [INFO] [VERIFICATION] ✓ Task completed successfully! (Confidence: high)
2025-08-01 17:26:39,281 [INFO] [VERIFICATION] Reason: The tomato is clearly placed on the plate, indicating that the main objective of the task has been achieved. All required objects are in their expected final positions: the tomato is on the plate, and the plate is on the countertop.**  
**CONFIDENCE: high**
2025-08-01 17:26:43,291 [INFO] [VERIFICATION] Verification result saved to: /Users/yuanda/Documents/embodied_reasoner/task_planner/data/data_pickup_and_put/FloorPlan3_pickup_and_put_0/verification_result.json
2025-08-01 17:26:43,292 [INFO] [VERIFICATION] Task completed successfully, exiting retry loop.
2025-08-01 17:26:43,371 [INFO] [TASK COMPLETE] Finished task test_001: put tomato on plate
2025-08-01 17:26:43,371 [INFO] All tasks completed successfully!
2025-08-01 17:26:43,371 [INFO] Error paths saved to: ./wrong_generte_path_list.json
2025-08-01 17:35:28,965 [INFO] metadata_path: /Users/yuanda/Documents/embodied_reasoner/data_engine/taskgenerate/kitchens/FloorPlan3/metadata.json
2025-08-01 17:35:28,967 [INFO] Task configuration - USE_TEST_TASKS: True, TEST_TASK_ID: test_001, RUN_ALL_TEST_TASKS: False
2025-08-01 17:35:28,967 [INFO] Looking for test task: test_001
2025-08-01 17:35:28,968 [INFO] Loaded 15 test tasks from /Users/yuanda/Documents/embodied_reasoner/data_engine/test_tasks.json
2025-08-01 17:35:28,968 [INFO] Test task search result: True
2025-08-01 17:35:28,968 [INFO] Will run test task: test_001
2025-08-01 17:35:28,968 [INFO] 

*********************************************************************
2025-08-01 17:35:28,968 [INFO] Running Task ID: test_001
2025-08-01 17:35:28,968 [INFO] Scene:FloorPlan3 Task_Type: pickup_and_put Task: put tomato on plate
2025-08-01 17:35:28,968 [INFO] *********************************************************************

2025-08-01 17:35:28,968 [INFO] taskname: put tomato on plate
2025-08-01 17:35:36,998 [INFO] Initialize return: {'cameraNearPlane': 0.009999999776482582, 'cameraFarPlane': 20.0}
2025-08-01 17:35:37,113 [INFO] Initialization succeeded
2025-08-01 17:35:37,113 [INFO] [ATTEMPT 1/3] Starting task attempt
2025-08-01 17:35:37,172 [WARNING] [RESET] Failed to reset robot position on attempt 1
2025-08-01 17:35:37,234 [INFO] [SESSION] Initialized SessionManager with ID: session_20250801_173537
2025-08-01 17:36:00,988 [INFO] [OBSERVATION] <Observation>
I am in a kitchen where I see several objects. The countertop is made of wood and has various items on it, including a toaster, a kettle, a cutting board with vegetables, a potted plant, and a bottle of dish soap. There is a sink with a faucet and a window above it. The cabinets are light green with wooden handles. Above the counter, there are shelves holding glassware, bottles, and other kitchen items. There is also a stove with a burners and knobs visible. The room has wooden walls and ceiling, giving it a warm and rustic feel.
</Observation>
2025-08-01 17:36:03,279 [INFO] [INITIAL TASK PLANNING] ['Find the tomato', 'Pick up the tomato', 'Find the plate', 'Put the tomato on the plate']
2025-08-01 17:36:11,089 [INFO] [GENERAL QUESTION] Are there any specific requirements or preferences for how the tomato should be placed on the plate, such as orientation, size (e.g., whole or sliced), or any particular location on the plate?
2025-08-01 17:36:45,345 [INFO] [SESSION] Added QA record: decision_clarification question
2025-08-01 17:36:45,347 [INFO] [USER RESPONSE] tomato maybe near the sink
2025-08-01 17:36:48,251 [INFO] [RE-PLANNING BASED ON USER RESPONSE]
2025-08-01 17:36:48,252 [INFO] REPLAN?: True
2025-08-01 17:36:48,253 [INFO] Reason: The user's response indicates that the tomato might be near the sink, which suggests that the location of the tomato could be different from where the robot initially assumed. This new information could affect the efficiency or feasibility of the current plan, as the robot might need to adjust its search strategy or route to find the tomato. Therefore, replanning is necessary to incorporate this new information and optimize the task execution.
2025-08-01 17:37:19,480 [INFO] [REPLAN] Old subtasks: ['Find the tomato', 'Pick up the tomato', 'Find the plate', 'Put the tomato on the plate']
2025-08-01 17:37:19,659 [INFO] [REPLAN] New subtasks: ['Find the tomato', 'Pick up the tomato', 'Find the plate', 'Move the plate near the sink', 'Put the tomato on the plate']
2025-08-01 17:37:32,696 [INFO] [DECISIONS] Generated 5 unique actions from 10 total actions
2025-08-01 17:37:33,565 [INFO] [SUBTASKS WITH DECISION] [{'action': 'search', 'objectType': 'tomato', 'targetObject': None, 'decisionmaking': 'search tomato'}, {'action': 'pick_up', 'objectType': 'tomato', 'targetObject': None, 'decisionmaking': 'pick_up tomato'}, {'action': 'search', 'objectType': 'plate', 'targetObject': None, 'decisionmaking': 'search plate'}, {'action': 'navigate', 'objectType': 'plate', 'targetObject': 'near', 'decisionmaking': 'navigate plate near sink'}, {'action': 'put', 'objectType': 'tomato', 'targetObject': 'plate', 'decisionmaking': 'put tomato plate'}]
2025-08-01 17:37:40,475 [INFO] [EXECUTE] search tomato
2025-08-01 17:37:41,802 [INFO] [SEARCH] Checking Fridge
2025-08-01 17:37:43,985 [INFO] [SEARCH] Fridge is closed, opening for search...
2025-08-01 17:37:44,120 [INFO] [SEARCH] Successfully opened Fridge for searching tomato
2025-08-01 17:37:44,234 [INFO] [SEARCH] Found visible tomato in/on Fridge
2025-08-01 17:38:02,490 [INFO] [EXECUTE] pick_up tomato
2025-08-01 17:38:02,761 [INFO] [DEBUG] Looking for tomato to pick_up
2025-08-01 17:38:02,761 [INFO] [DEBUG] Visible objects: ['Drawer(Drawer|+00.65|+00.60|+01.02)', 'Drawer(Drawer|+00.65|+00.85|+01.02)', 'Floor(Floor|+00.00|+00.22|-00.82)', 'Fridge(Fridge|+01.01|+00.23|+01.92)', 'SideTable(SideTable|+00.98|+00.22|+00.87)', 'Tomato(Tomato|+00.92|+01.91|+01.61)']
2025-08-01 17:38:02,762 [INFO] [DEBUG] Selected first matching tomato (ID: Tomato|+00.92|+01.91|+01.61)
2025-08-01 17:38:02,762 [INFO] [DEBUG] Final selected object: Tomato (ID: Tomato|+00.92|+01.91|+01.61)
2025-08-01 17:38:02,762 [INFO] [EXECUTE] Executing pick_up on tomato (ID: Tomato|+00.92|+01.91|+01.61)
2025-08-01 17:38:02,917 [INFO] [SUCCESS] pick_up on tomato completed successfully
2025-08-01 17:38:02,917 [INFO] [DEBUG] Recorded recent interaction: tomato -> Tomato|+00.92|+01.91|+01.61
2025-08-01 17:38:02,917 [INFO] [SEARCH CLEANUP] Closing 1 containers that were opened for search
2025-08-01 17:38:02,979 [INFO] [SEARCH CLEANUP] Closing Fridge (ID: Fridge|+01.01|+00.23|+01.92)
2025-08-01 17:38:03,392 [INFO] [SEARCH CLEANUP] Successfully closed Fridge
2025-08-01 17:38:12,115 [INFO] [EXECUTE] search plate
2025-08-01 17:38:13,265 [INFO] [SEARCH] Checking Cup
2025-08-01 17:38:14,685 [INFO] [SEARCH] Could not find visible plate in/on Cup
2025-08-01 17:38:14,685 [INFO] [SEARCH] Checking Sink
2025-08-01 17:38:16,362 [INFO] [SEARCH] Found visible plate in/on Sink
2025-08-01 17:38:37,187 [INFO] [EXECUTE] navigate plate near sink
2025-08-01 17:47:07,248 [INFO] metadata_path: /Users/yuanda/Documents/embodied_reasoner/data_engine/taskgenerate/kitchens/FloorPlan3/metadata.json
2025-08-01 17:47:07,250 [INFO] Task configuration - USE_TEST_TASKS: True, TEST_TASK_ID: test_001, RUN_ALL_TEST_TASKS: False
2025-08-01 17:47:07,250 [INFO] Looking for test task: test_001
2025-08-01 17:47:07,251 [INFO] Loaded 15 test tasks from /Users/yuanda/Documents/embodied_reasoner/data_engine/test_tasks.json
2025-08-01 17:47:07,251 [INFO] Test task search result: True
2025-08-01 17:47:07,251 [INFO] Will run test task: test_001
2025-08-01 17:47:07,251 [INFO] 

*********************************************************************
2025-08-01 17:47:07,251 [INFO] Running Task ID: test_001
2025-08-01 17:47:07,251 [INFO] Scene:FloorPlan3 Task_Type: pickup_and_put Task: put tomato on plate
2025-08-01 17:47:07,251 [INFO] *********************************************************************

2025-08-01 17:47:07,251 [INFO] taskname: put tomato on plate
2025-08-01 17:47:14,301 [INFO] Initialize return: {'cameraNearPlane': 0.009999999776482582, 'cameraFarPlane': 20.0}
2025-08-01 17:47:14,417 [INFO] Initialization succeeded
2025-08-01 17:47:14,418 [INFO] [ATTEMPT 1/3] Starting task attempt
2025-08-01 17:47:14,479 [WARNING] [RESET] Failed to reset robot position on attempt 1
2025-08-01 17:47:14,539 [INFO] [SESSION] Initialized SessionManager with ID: session_20250801_174714
2025-08-01 17:47:38,698 [INFO] [OBSERVATION] <Observation>
I see a modern kitchen with a wooden countertop. On the countertop, there's a toaster, a kettle, a pressure cooker, a cutting board with vegetables, a bowl, a bread loaf, and a knife. There's also a sink with a faucet and a dish rack beside it. Above the countertop, there are shelves with wine bottles, a toaster, and other kitchen items. A window is visible in the background, letting in natural light. The floor has cabinets, and there's a houseplant on the countertop. The overall layout is clean and organized.
</Observation>
2025-08-01 17:47:41,079 [INFO] [INITIAL TASK PLANNING] ['Find the tomato on the cutting board', 'Pick up the tomato', 'Find the plate (on the countertop or another visible location)', 'Put the tomato on the plate']
2025-08-01 17:52:13,404 [INFO] [GENERAL QUESTION] Are there any specific requirements or details about the state of the tomato (e.g., whole, sliced, peeled) or the plate (e.g., size, color, material) that need to be considered before executing the plan?
2025-08-01 17:52:25,243 [INFO] [SESSION] Added QA record: decision_clarification question
2025-08-01 17:52:25,246 [INFO] [USER RESPONSE] maybe tomato near the sink
2025-08-01 17:52:35,043 [INFO] [RE-PLANNING BASED ON USER RESPONSE]
2025-08-01 17:52:35,334 [INFO] REPLAN?: True
2025-08-01 17:52:35,868 [INFO] Reason: The user's response suggests that the tomato might be near the sink instead of on the cutting board. This information conflicts with the current plan, which assumes the tomato is on the cutting board. Replanning is necessary to account for the possibility that the tomato is located near the sink, which could affect the steps required to find and pick up the tomato. Adjusting the plan will ensure the task is executed efficiently and correctly based on the new information provided.
2025-08-01 21:11:04,506 [INFO] metadata_path: /Users/yuanda/Documents/embodied_reasoner/data_engine/taskgenerate/kitchens/FloorPlan3/metadata.json
2025-08-01 21:11:04,508 [INFO] Task configuration - USE_TEST_TASKS: True, TEST_TASK_ID: test_001, RUN_ALL_TEST_TASKS: False
2025-08-01 21:11:04,508 [INFO] Looking for test task: test_001
2025-08-01 21:11:04,509 [INFO] Loaded 15 test tasks from /Users/yuanda/Documents/embodied_reasoner/data_engine/test_tasks.json
2025-08-01 21:11:04,509 [INFO] Test task search result: True
2025-08-01 21:11:04,509 [INFO] Will run test task: test_001
2025-08-01 21:11:04,509 [INFO] 

*********************************************************************
2025-08-01 21:11:04,509 [INFO] Running Task ID: test_001
2025-08-01 21:11:04,509 [INFO] Scene:FloorPlan3 Task_Type: pickup_and_put Task: put tomato on plate
2025-08-01 21:11:04,509 [INFO] *********************************************************************

2025-08-01 21:11:04,510 [INFO] taskname: put tomato on plate
2025-08-01 21:11:15,713 [INFO] Initialize return: {'cameraNearPlane': 0.009999999776482582, 'cameraFarPlane': 20.0}
2025-08-01 21:11:15,974 [INFO] Initialization succeeded
2025-08-01 21:11:15,974 [INFO] [ATTEMPT 1/3] Starting task attempt
2025-08-01 21:11:16,055 [WARNING] [RESET] Failed to reset robot position on attempt 1
2025-08-01 21:11:16,121 [INFO] [SESSION] Initialized SessionManager with ID: session_20250801_211116
2025-08-01 21:11:41,763 [INFO] [OBSERVATION] <Observation>
I see a wooden countertop with various kitchen items on it, including a toaster, a kettle, a pot, and a cutting board with vegetables. There is a sink with a faucet and a houseplant on the countertop. Above the counter, there are shelves with bottles and hanging wine glasses. The wall features a window letting in natural light. Below the countertop, there are green cabinets and drawers. The ceiling has recessed lights, and the floor appears to be tiled. In the corner, there is a stove with visible burners and knobs. No other objects from the specified categories are visible.
</Observation>
2025-08-01 21:11:44,281 [INFO] [INITIAL TASK PLANNING] ['Locate the tomato on the cutting board.', 'Pick up the tomato.', 'Search for a plate on the countertop or nearby surfaces.', 'Place the tomato on the plate.']
2025-08-01 21:11:48,442 [INFO] [GENERAL QUESTION] Are there any specific requirements for how the tomato should be placed on the plate, such as size, orientation, or arrangement? For example, should the tomato be whole, sliced, or halved, and should it be placed in a particular position on the plate?
2025-08-01 21:12:03,396 [INFO] [SESSION] Added QA record: decision_clarification question
2025-08-01 21:12:03,398 [INFO] [USER RESPONSE] tomato should be clean
2025-08-01 21:12:06,091 [INFO] [RE-PLANNING BASED ON USER RESPONSE]
2025-08-01 21:12:06,091 [INFO] REPLAN?: True
2025-08-01 21:12:06,093 [INFO] Reason: The user has indicated that the tomato should be clean. This suggests that the current plan does not account for cleaning the tomato before placing it on the plate. To ensure the task aligns with the user's expectations, the plan should be updated to include cleaning the tomato as a necessary step before placing it on the plate. Therefore, replanning is necessary to incorporate this additional requirement.
2025-08-01 21:12:57,535 [INFO] [DEBUG] LLM response for replan_subtasks_based_on_user_response: Based on the user's feedback that the tomato should be clean, the revised plan needs to incorporate a washing step before placing the tomato on the plate. Here is the revised subtask sequence:

<Subtask1>Locate the tomato on the cutting board.</Subtask1>
<Subtask2>Pick up the tomato.</Subtask2>
<Subtask3>Go to the sink.</Subtask3>
<Subtask4>Wash the tomato under running water.</Subtask4>
<Subtask5>Search for a plate on the countertop or nearby surfaces.</Subtask5>
<Subtask6>Place the clean tomato on the plate.</Subtask6>

This revised plan ensures that the tomato is washed (to meet the user's requirement for cleanliness) before being placed on the plate. The order of subtasks has been adjusted to incorporate the washing step, which is now a priority due to the user's specific request.
2025-08-01 21:13:06,389 [INFO] [DEBUG] Parsed matches: [(1, 'Locate the tomato on the cutting board.'), (2, 'Pick up the tomato.'), (3, 'Go to the sink.'), (4, 'Wash the tomato under running water.'), (5, 'Search for a plate on the countertop or nearby surfaces.'), (6, 'Place the clean tomato on the plate.')]
2025-08-01 21:13:25,485 [INFO] [REPLAN] Old subtasks: ['Locate the tomato on the cutting board.', 'Pick up the tomato.', 'Search for a plate on the countertop or nearby surfaces.', 'Place the tomato on the plate.']
2025-08-01 21:13:25,925 [INFO] [REPLAN] New subtasks: ['Locate the tomato on the cutting board.', 'Pick up the tomato.', 'Go to the sink.', 'Wash the tomato under running water.', 'Search for a plate on the countertop or nearby surfaces.', 'Place the clean tomato on the plate.']
2025-08-01 21:13:42,117 [INFO] [HIGH-LEVEL] Decomposing clean tomato
2025-08-01 21:13:53,100 [INFO] [DECOMPOSE] clean tomato -> 8 atomic actions
2025-08-01 21:13:53,101 [INFO]   1. search cutting_board
2025-08-01 21:13:53,101 [INFO]   2. pick_up tomato
2025-08-01 21:13:53,101 [INFO]   3. navigate sink
2025-08-01 21:13:53,101 [INFO]   4. toggle_on faucet
2025-08-01 21:13:53,101 [INFO]   5. clean tomato
2025-08-01 21:13:53,101 [INFO]   6. toggle_off faucet
2025-08-01 21:13:53,102 [INFO]   7. search plate
2025-08-01 21:13:53,102 [INFO]   8. put tomato plate
2025-08-01 21:13:53,103 [INFO] [DECISIONS] Generated 11 unique actions from 8 total actions
2025-08-01 21:14:36,714 [INFO] [SUBTASKS WITH DECISION] [{'action': 'search', 'objectType': 'tomato', 'targetObject': None, 'decisionmaking': 'search tomato'}, {'action': 'pick_up', 'objectType': 'tomato', 'targetObject': None, 'decisionmaking': 'pick_up tomato'}, {'action': 'navigate', 'objectType': 'sink', 'targetObject': None, 'decisionmaking': 'navigate sink'}, {'action': 'toggle_on', 'objectType': 'water', 'targetObject': None, 'decisionmaking': 'toggle_on water'}, {'action': 'search', 'objectType': 'cutting_board', 'targetObject': None, 'decisionmaking': 'search cutting_board'}, {'action': 'toggle_on', 'objectType': 'faucet', 'targetObject': None, 'decisionmaking': 'toggle_on faucet'}, {'action': 'clean', 'objectType': 'tomato', 'targetObject': None, 'decisionmaking': 'clean tomato'}, {'action': 'toggle_off', 'objectType': 'faucet', 'targetObject': None, 'decisionmaking': 'toggle_off faucet'}, {'action': 'search', 'objectType': 'plate', 'targetObject': None, 'decisionmaking': 'search plate'}, {'action': 'put', 'objectType': 'tomato', 'targetObject': 'plate', 'decisionmaking': 'put tomato plate'}, {'action': 'toggle_off', 'objectType': 'water', 'targetObject': None, 'decisionmaking': 'toggle_off water'}]
2025-08-01 21:14:44,764 [INFO] [EXECUTE] search tomato
2025-08-01 21:14:46,254 [INFO] [SEARCH] Checking Cabinet
2025-08-01 21:14:47,785 [INFO] [SEARCH] Cabinet is closed, opening for search...
2025-08-01 21:14:47,924 [INFO] [SEARCH] Successfully opened Cabinet for searching tomato
2025-08-01 21:14:48,032 [INFO] [SEARCH] Could not find visible tomato in/on Cabinet
2025-08-01 21:14:48,143 [INFO] [SEARCH] Closing Cabinet immediately (target not found)
2025-08-01 21:14:48,266 [INFO] [SEARCH] Successfully closed Cabinet
2025-08-01 21:14:48,266 [INFO] [SEARCH] Checking CounterTop
2025-08-01 21:14:50,259 [INFO] [SEARCH] Could not find visible tomato in/on CounterTop
2025-08-01 21:14:50,259 [INFO] [SEARCH] Checking Faucet
2025-08-01 21:14:51,342 [INFO] [SEARCH] Could not find visible tomato in/on Faucet
2025-08-01 21:14:51,342 [INFO] [SEARCH] Checking Sink
2025-08-01 21:14:52,878 [INFO] [SEARCH] Could not find visible tomato in/on Sink
2025-08-01 21:14:52,879 [INFO] [SEARCH] Checking Fridge
2025-08-01 21:14:54,824 [INFO] [SEARCH] Fridge is closed, opening for search...
2025-08-01 21:14:54,951 [INFO] [SEARCH] Successfully opened Fridge for searching tomato
2025-08-01 21:14:55,062 [INFO] [SEARCH] Found visible tomato in/on Fridge
2025-08-01 21:15:15,910 [INFO] [EXECUTE] pick_up tomato
2025-08-01 21:15:16,325 [INFO] [DEBUG] Looking for tomato to pick_up
2025-08-01 21:15:16,326 [INFO] [DEBUG] Visible objects: ['Drawer(Drawer|+00.65|+00.60|+01.02)', 'Drawer(Drawer|+00.65|+00.85|+01.02)', 'Floor(Floor|+00.00|+00.22|-00.82)', 'Fridge(Fridge|+01.01|+00.23|+01.92)', 'SideTable(SideTable|+00.98|+00.22|+00.87)', 'Tomato(Tomato|+00.92|+01.91|+01.61)']
2025-08-01 21:15:16,327 [INFO] [DEBUG] Selected first matching tomato (ID: Tomato|+00.92|+01.91|+01.61)
2025-08-01 21:15:16,327 [INFO] [DEBUG] Final selected object: Tomato (ID: Tomato|+00.92|+01.91|+01.61)
2025-08-01 21:15:16,327 [INFO] [EXECUTE] Executing pick_up on tomato (ID: Tomato|+00.92|+01.91|+01.61)
2025-08-01 21:15:16,798 [INFO] [SUCCESS] pick_up on tomato completed successfully
2025-08-01 21:15:16,798 [INFO] [DEBUG] Recorded recent interaction: tomato -> Tomato|+00.92|+01.91|+01.61
2025-08-01 21:15:16,799 [INFO] [SEARCH CLEANUP] Closing 1 containers that were opened for search
2025-08-01 21:15:16,862 [INFO] [SEARCH CLEANUP] Closing Fridge (ID: Fridge|+01.01|+00.23|+01.92)
2025-08-01 21:15:17,309 [INFO] [SEARCH CLEANUP] Successfully closed Fridge
2025-08-01 21:15:25,175 [INFO] [EXECUTE] navigate sink
2025-08-01 21:15:37,346 [INFO] [EXECUTE] toggle_on water
2025-08-01 21:15:37,611 [INFO] [DEBUG] Looking for water to toggle_on
2025-08-01 21:15:37,612 [INFO] [DEBUG] Visible objects: ['Apple(Apple|-01.75|+01.37|-01.16)', 'Bowl(Bowl|-01.82|+01.31|+00.27)', 'Bread(Bread|-01.51|+01.38|+00.66)', 'Cabinet(Cabinet|-01.46|+00.78|-02.00)', 'Cabinet(Cabinet|-01.46|+00.78|+00.47)', 'Cabinet(Cabinet|-01.46|+00.78|+01.31)', 'CounterTop(CounterTop|-01.81|+01.36|+01.18)', 'DishSponge(DishSponge|-02.05|+01.33|-00.96)', 'Drawer(Drawer|-01.61|+00.68|-01.22)', 'Drawer(Drawer|-01.61|+00.68|-00.43)', 'Egg(Egg|-01.57|+01.36|-01.05)', 'Faucet(Faucet|-02.13|+01.32|-00.81)', 'Floor(Floor|+00.00|+00.22|-00.82)', 'HousePlant(HousePlant|-02.03|+01.31|-00.03)', 'Lettuce(Lettuce|-01.89|+01.40|-01.07)', 'Mug(Mug|-01.97|+01.04|-00.43)', 'PaperTowelRoll(PaperTowelRoll|-02.04|+01.42|-01.90)', 'Plate(Plate|-01.47|+01.31|+00.24)', 'Pot(Pot|-01.58|+01.31|-01.58)', 'Potato(Potato|-01.61|+01.36|-01.24)', 'Sink(Sink|-01.99|+01.14|-00.98)', 'SinkBasin(Sink|-01.99|+01.14|-00.98|SinkBasin)', 'SoapBottle(SoapBottle|-01.79|+01.31|-00.10)', 'Toaster(Toaster|-01.89|+01.31|-02.51)', 'Tomato(Tomato|+00.92|+01.91|+01.61)', 'Window(Window|-02.57|+01.80|-00.82)']
2025-08-01 21:15:37,612 [ERROR] [ERROR] Cannot interact with water as it is not visible. Please use 'search' first.
2025-08-01 21:15:37,657 [INFO] [VERIFICATION] Starting task verification...
2025-08-01 21:15:38,010 [INFO] [VERIFY] Saved verification image: /Users/yuanda/Documents/embodied_reasoner/task_planner/data/data_pickup_and_put/FloorPlan3_pickup_and_put_0/verification/final_verification.png
2025-08-01 21:15:45,497 [INFO] [VERIFY] Task verification result: SUCCESS=False, CONFIDENCE=high
2025-08-01 21:15:45,498 [INFO] [VERIFY] Reason: The tomato is not on a plate. Instead, it is on the counter, and there is no indication that it has been washed or placed on a plate as per the task requirements.
2025-08-01 21:15:45,499 [WARNING] [VERIFICATION] ✗ Task may not be completed. (Confidence: high)
2025-08-01 21:15:45,499 [WARNING] [VERIFICATION] Reason: The tomato is not on a plate. Instead, it is on the counter, and there is no indication that it has been washed or placed on a plate as per the task requirements.
2025-08-01 21:15:58,860 [INFO] [VERIFICATION] Verification result saved to: /Users/yuanda/Documents/embodied_reasoner/task_planner/data/data_pickup_and_put/FloorPlan3_pickup_and_put_0/verification_result.json
2025-08-01 21:16:16,412 [INFO] [ATTEMPT 2/3] Starting task attempt
2025-08-01 21:16:19,006 [WARNING] [RESET] Failed to reset robot position on attempt 2
2025-08-01 21:16:19,077 [INFO] [RESET] Dropping held object: Tomato|+00.92|+01.91|+01.61
2025-08-01 21:16:20,152 [INFO] [SESSION] Initialized SessionManager with ID: session_20250801_211620
2025-08-01 21:16:31,365 [INFO] [OBSERVATION] <Observation>
I see a wooden cabinet with a dark interior. On top of it, there's a coffee machine, a black pot, and a white roll of paper towels. The countertop holds various items including a red apple, a yellow squash, and a couple of potatoes. There's also a silver sink with a faucet, a cup inside, and a metallic soap bottle nearby. A houseplant in a pot is placed to the right of the sink. On the counter, there's a dark-colored pan, a bowl, and a small round object that could be a potato. Behind the sink, a window lets in natural light, and a shelf above holds some black plates. 
</Observation>
2025-08-01 21:16:43,454 [INFO] [INITIAL TASK PLANNING] ['Find the tomato', 'Pick up the tomato', 'Find the plate', 'Put the tomato on the plate', 'Find the tomato', 'Pick up the tomato', 'Find the plate', 'Put the tomato on the plate', 'Find the tomato', 'Pick up the tomato', 'Find the plate', 'Put the tomato on the plate']
2025-08-01 21:17:42,538 [INFO] [GENERAL QUESTION] Are you sure you want to repeat the steps of finding, picking up, and placing the tomato multiple times? It seems like the plan might be redundant. Could you clarify if you need to place multiple tomatoes on the plate, or if there's a specific reason for the repetition?
2025-08-01 21:18:18,698 [INFO] [SESSION] Added QA record: decision_clarification question
2025-08-01 21:18:18,700 [INFO] [USER RESPONSE] just pick up tomato on the plate
2025-08-01 21:18:21,313 [INFO] [RE-PLANNING BASED ON USER RESPONSE]
2025-08-01 21:18:21,314 [INFO] REPLAN?: True
2025-08-01 21:18:21,314 [INFO] Reason: The user's response indicates that the task can be simplified by directly picking up the tomato and placing it on the plate without repeatedly finding and picking up the tomato multiple times. The current plan is unnecessarily repetitive, and the user's suggestion implies a more straightforward approach. Therefore, it is necessary to replan the task to align with the user's guidance and improve efficiency.
2025-08-01 21:18:32,195 [INFO] [DEBUG] LLM response for replan_subtasks_based_on_user_response: Based on the user's feedback, the revised plan should focus on picking up a tomato and placing it on a plate, without repeating the steps unnecessarily. Here is the revised subtask sequence:

```plaintext
<Subtask1>Find the tomato</Subtask1>
<Subtask2>Pick up the tomato</Subtask2>
<Subtask3>Find the plate</Subtask3>
<Subtask4>Put the tomato on the plate</Subtask4>
```

### Explanation:
- The user explicitly requested to "just pick up the tomato on the plate," which indicates they want the task to be performed once without repetition.
- The revised plan adheres to this request by removing the redundant steps and ensuring the task is executed only once.
- The sequence ensures that the robot first finds the tomato, picks it up, finds the plate, and then places the tomato on the plate.

This plan directly addresses the user's specific request and eliminates unnecessary repetition.
2025-08-01 21:18:32,196 [INFO] [DEBUG] Parsed matches: [(1, 'Find the tomato'), (2, 'Pick up the tomato'), (3, 'Find the plate'), (4, 'Put the tomato on the plate')]
2025-08-01 21:18:32,196 [INFO] [REPLAN] Old subtasks: ['Find the tomato', 'Pick up the tomato', 'Find the plate', 'Put the tomato on the plate', 'Find the tomato', 'Pick up the tomato', 'Find the plate', 'Put the tomato on the plate', 'Find the tomato', 'Pick up the tomato', 'Find the plate', 'Put the tomato on the plate']
2025-08-01 21:18:32,197 [INFO] [REPLAN] New subtasks: ['Find the tomato', 'Pick up the tomato', 'Find the plate', 'Put the tomato on the plate']
2025-08-01 21:18:47,480 [INFO] [DECISIONS] Generated 4 unique actions from 8 total actions
2025-08-01 21:18:47,481 [INFO] [SUBTASKS WITH DECISION] [{'action': 'search', 'objectType': 'tomato', 'targetObject': None, 'decisionmaking': 'search tomato'}, {'action': 'pick_up', 'objectType': 'tomato', 'targetObject': None, 'decisionmaking': 'pick_up tomato'}, {'action': 'search', 'objectType': 'plate', 'targetObject': None, 'decisionmaking': 'search plate'}, {'action': 'put', 'objectType': 'tomato', 'targetObject': 'plate', 'decisionmaking': 'put tomato plate'}]
2025-08-01 21:19:04,771 [INFO] [EXECUTE] search tomato
2025-08-01 21:19:06,608 [INFO] [SEARCH] Checking Tomato
2025-08-01 21:19:07,873 [INFO] [SEARCH] Found visible tomato in/on Tomato
2025-08-01 21:19:14,012 [INFO] [EXECUTE] pick_up tomato
2025-08-01 21:19:14,161 [INFO] [DEBUG] Looking for tomato to pick_up
2025-08-01 21:19:14,161 [INFO] [DEBUG] Visible objects: ['Cabinet(Cabinet|-01.46|+00.78|+00.47)', 'Cabinet(Cabinet|-01.46|+00.78|+01.31)', 'Drawer(Drawer|+00.65|+00.60|+01.02)', 'Drawer(Drawer|-01.61|+00.68|-01.22)', 'Drawer(Drawer|-01.61|+00.68|-00.43)', 'Drawer(Drawer|+00.65|+00.60|+00.68)', 'Floor(Floor|+00.00|+00.22|-00.82)', 'SideTable(SideTable|+00.98|+00.22|+00.87)', 'Stool(Stool|+00.61|+00.22|-01.08)', 'Tomato(Tomato|+00.92|+01.91|+01.61)']
2025-08-01 21:19:14,161 [INFO] [DEBUG] Selected first matching tomato (ID: Tomato|+00.92|+01.91|+01.61)
2025-08-01 21:19:14,162 [INFO] [DEBUG] Final selected object: Tomato (ID: Tomato|+00.92|+01.91|+01.61)
2025-08-01 21:19:14,162 [INFO] [EXECUTE] Executing pick_up on tomato (ID: Tomato|+00.92|+01.91|+01.61)
2025-08-01 21:19:14,280 [INFO] [SUCCESS] pick_up on tomato completed successfully
2025-08-01 21:19:14,281 [INFO] [DEBUG] Recorded recent interaction: tomato -> Tomato|+00.92|+01.91|+01.61
2025-08-01 21:19:23,225 [INFO] [EXECUTE] search plate
2025-08-01 21:19:24,261 [INFO] [SEARCH] Checking Cabinet
2025-08-01 21:19:25,545 [INFO] [SEARCH] Cabinet is closed, opening for search...
2025-08-01 21:19:25,926 [INFO] [SEARCH] Successfully opened Cabinet for searching plate
2025-08-01 21:19:26,032 [INFO] [SEARCH] Found visible plate in/on Cabinet
2025-08-01 21:19:32,912 [INFO] [EXECUTE] put tomato plate
2025-08-01 21:19:39,810 [INFO] [EXECUTE] Putting Tomato on/in Plate
2025-08-01 21:19:40,083 [INFO] [SUCCESS] Put action completed successfully
2025-08-01 21:19:40,083 [INFO] [SEARCH CLEANUP] Closing 1 containers that were opened for search
2025-08-01 21:19:40,137 [INFO] [SEARCH CLEANUP] Closing Cabinet (ID: Cabinet|-01.46|+00.78|+01.31)
2025-08-01 21:19:40,253 [INFO] [SEARCH CLEANUP] Successfully closed Cabinet
2025-08-01 21:19:40,361 [INFO] [VERIFICATION] Starting task verification...
2025-08-01 21:19:40,697 [INFO] [VERIFY] Saved verification image: /Users/yuanda/Documents/embodied_reasoner/task_planner/data/data_pickup_and_put/FloorPlan3_pickup_and_put_0/verification/final_verification.png
2025-08-01 21:19:52,047 [INFO] [VERIFY] Task verification result: SUCCESS=True, CONFIDENCE=high
2025-08-01 21:19:52,048 [INFO] [VERIFY] Reason: The tomato is placed on the plate, which aligns with the task's goal.**  
**CONFIDENCE: high**  

### Explanation:
1. **Are the required objects in their expected final positions?**
   - The tomato is clearly placed on the plate, which is the expected final position for the tomato according to the task.

2. **Has the main objective been achieved?**
   - The main objective was to "put the tomato on the plate." This has been accomplished as the tomato is visibly on the plate.

3. **Are there any obvious signs that the task is incomplete?**
   - There are no obvious signs of incompleteness. The plate is intact, the tomato is properly positioned, and no additional steps appear to be required based on the given plan.

Given these observations, the task has been completed successfully.
2025-08-01 21:19:52,048 [INFO] [VERIFICATION] ✓ Task completed successfully! (Confidence: high)
2025-08-01 21:19:52,049 [INFO] [VERIFICATION] Reason: The tomato is placed on the plate, which aligns with the task's goal.**  
**CONFIDENCE: high**  

### Explanation:
1. **Are the required objects in their expected final positions?**
   - The tomato is clearly placed on the plate, which is the expected final position for the tomato according to the task.

2. **Has the main objective been achieved?**
   - The main objective was to "put the tomato on the plate." This has been accomplished as the tomato is visibly on the plate.

3. **Are there any obvious signs that the task is incomplete?**
   - There are no obvious signs of incompleteness. The plate is intact, the tomato is properly positioned, and no additional steps appear to be required based on the given plan.

Given these observations, the task has been completed successfully.
2025-08-01 21:19:55,065 [INFO] [VERIFICATION] Verification result saved to: /Users/yuanda/Documents/embodied_reasoner/task_planner/data/data_pickup_and_put/FloorPlan3_pickup_and_put_0/verification_result.json
2025-08-01 21:19:55,065 [INFO] [VERIFICATION] Task completed successfully, exiting retry loop.
2025-08-01 21:19:55,145 [INFO] [TASK COMPLETE] Finished task test_001: put tomato on plate
2025-08-01 21:19:55,145 [INFO] All tasks completed successfully!
2025-08-01 21:19:55,145 [INFO] Error paths saved to: ./wrong_generte_path_list.json
2025-08-01 21:53:44,444 [INFO] metadata_path: /Users/yuanda/Documents/embodied_reasoner/data_engine/taskgenerate/kitchens/FloorPlan3/metadata.json
2025-08-01 21:53:44,446 [INFO] Task configuration - USE_TEST_TASKS: True, TEST_TASK_ID: test_001, RUN_ALL_TEST_TASKS: False
2025-08-01 21:53:44,446 [INFO] Looking for test task: test_001
2025-08-01 21:53:44,447 [INFO] Loaded 15 test tasks from /Users/yuanda/Documents/embodied_reasoner/data_engine/test_tasks.json
2025-08-01 21:53:44,447 [INFO] Test task search result: True
2025-08-01 21:53:44,447 [INFO] Will run test task: test_001
2025-08-01 21:53:44,447 [INFO] 

*********************************************************************
2025-08-01 21:53:44,447 [INFO] Running Task ID: test_001
2025-08-01 21:53:44,447 [INFO] Scene:FloorPlan3 Task_Type: pickup_and_put Task: put tomato on plate
2025-08-01 21:53:44,447 [INFO] *********************************************************************

2025-08-01 21:53:44,447 [INFO] taskname: put tomato on plate
2025-08-01 21:53:52,471 [INFO] Initialize return: {'cameraNearPlane': 0.009999999776482582, 'cameraFarPlane': 20.0}
2025-08-01 21:53:52,586 [INFO] Initialization succeeded
2025-08-01 21:53:52,587 [INFO] [ATTEMPT 1/3] Starting task attempt
2025-08-01 21:53:52,661 [WARNING] [RESET] Failed to reset robot position on attempt 1
2025-08-01 21:53:52,723 [INFO] [SESSION] Initialized SessionManager with ID: session_20250801_215352
2025-08-01 21:54:17,036 [INFO] [OBSERVATION] <Observation>
I am in a kitchen with a wooden countertop in front of me. On the counter, there is a kettle, a toaster, a pressure cooker, a cutting board with vegetables, a plant, and a soap dispenser. To the left, there is a stove with a red and black control panel. Above the stove, there are hanging wine glasses. On the right, there is a sink with a faucet, and next to it is a window letting in natural light. On the wall, there are shelves holding bottles, and below the counter are cabinets. The ceiling has recessed lights.
</Observation>
2025-08-01 21:54:21,627 [INFO] [INITIAL TASK PLANNING] ['Locate the tomato on the cutting board with vegetables.', 'Pick up the tomato.', 'Locate the plate on the countertop or another surface.', 'Place the tomato on the plate.']
2025-08-01 21:54:37,529 [INFO] [GENERAL QUESTION] Are there any specific requirements or considerations for the placement of the tomato on the plate, such as orientation, position, or presentation style? For example, should the tomato be whole, sliced, or cut in a particular way? Additionally, is there a specific plate to use, or can any plate be used?
2025-08-01 21:54:47,449 [INFO] [SESSION] Added QA record: decision_clarification question
2025-08-01 21:54:47,450 [INFO] [USER RESPONSE] maybe tomato near the sink
2025-08-01 21:54:50,382 [INFO] [RE-PLANNING BASED ON USER RESPONSE]
2025-08-01 21:54:50,383 [INFO] REPLAN?: True
2025-08-01 21:54:50,383 [INFO] Reason: The user's response indicates that the tomato might be located near the sink instead of the cutting board with vegetables, which is the current assumption in the plan. This new information suggests that the initial plan may not be accurate, and it would be more efficient to adjust the plan to account for the tomato's possible new location near the sink. Replanning will help ensure the task is executed correctly without unnecessary steps.
2025-08-01 21:55:06,993 [INFO] [DEBUG] LLM response for replan_subtasks_based_on_user_response: Based on the user's feedback, the revised plan should prioritize the placement of the tomato near the sink. The user did not specify additional requirements such as orientation, position, presentation style, slicing, or a specific plate, so the original plan's general steps remain relevant. However, the location of the plate will now be near the sink, as per the user's request.

Here is the revised plan:

<Subtask1>Locate the tomato on the cutting board with vegetables.</Subtask1>
<Subtask2>Pick up the tomato.</Subtask2>
<Subtask3>Locate a plate near the sink.</Subtask3>
<Subtask4>Place the tomato on the plate.</Subtask4>

### Explanation:
1. **Subtask1**: The first step remains the same, as the user did not specify a change in how to locate the tomato.
2. **Subtask2**: The second step also remains unchanged, as the user did not specify a change in how to pick up the tomato.
3. **Subtask3**: The user requested that the tomato be placed near the sink, so this step now specifies locating a plate near the sink.
4. **Subtask4**: The final step remains the same, ensuring the tomato is placed on the plate.

This revised plan directly addresses the user's request to place the tomato near the sink while maintaining the original sequence for locating and picking up the tomato. If the user provides further details in the future, the plan can be adjusted accordingly.
2025-08-01 21:55:06,995 [INFO] [DEBUG] Parsed matches: [(1, 'Locate the tomato on the cutting board with vegetables.'), (2, 'Pick up the tomato.'), (3, 'Locate a plate near the sink.'), (4, 'Place the tomato on the plate.')]
2025-08-01 21:55:06,996 [INFO] [REPLAN] Old subtasks: ['Locate the tomato on the cutting board with vegetables.', 'Pick up the tomato.', 'Locate the plate on the countertop or another surface.', 'Place the tomato on the plate.']
2025-08-01 21:55:06,996 [INFO] [REPLAN] New subtasks: ['Locate the tomato on the cutting board with vegetables.', 'Pick up the tomato.', 'Locate a plate near the sink.', 'Place the tomato on the plate.']
2025-08-01 21:55:24,466 [INFO] [DECISIONS] Generated 4 unique actions from 4 total actions
2025-08-01 21:55:28,336 [INFO] [SUBTASKS WITH DECISION] [{'action': 'search', 'objectType': 'tomato', 'targetObject': 'cutting_board', 'decisionmaking': 'search tomato cutting_board'}, {'action': 'pick_up', 'objectType': 'tomato', 'targetObject': None, 'decisionmaking': 'pick_up tomato'}, {'action': 'search', 'objectType': 'plate', 'targetObject': 'near_sink', 'decisionmaking': 'search plate near_sink'}, {'action': 'put', 'objectType': 'tomato', 'targetObject': 'plate', 'decisionmaking': 'put tomato plate'}]
2025-08-01 21:55:50,338 [INFO] [EXECUTE] search tomato cutting_board
2025-08-01 21:55:51,176 [INFO] [SEARCH] Checking Sink
2025-08-01 21:55:52,933 [INFO] [SEARCH] Could not find visible tomato in/on Sink
2025-08-01 21:55:52,934 [WARNING] [SEARCH] Could not find visible tomato after checking all possible locations
2025-08-01 21:55:52,934 [ERROR] [ERROR] Search failed for tomato, requesting user assistance.
2025-08-01 21:55:52,934 [INFO] [SESSION] Added failure record: search_failure
2025-08-01 21:55:52,935 [ERROR] [ERROR HANDLING] Exception in error handler: RobotController.get_qa_history() takes 1 positional argument but 2 were given
2025-08-01 21:55:52,935 [ERROR] [ERROR RECOVERY] Failed to get user assistance, stopping execution
2025-08-01 21:55:52,936 [INFO] [VERIFICATION] Starting task verification...
2025-08-01 21:55:53,236 [INFO] [VERIFY] Saved verification image: /Users/yuanda/Documents/embodied_reasoner/task_planner/data/data_pickup_and_put/FloorPlan3_pickup_and_put_0/verification/final_verification.png
2025-08-01 21:56:01,150 [INFO] [VERIFY] Task verification result: SUCCESS=False, CONFIDENCE=high
2025-08-01 21:56:01,152 [INFO] [VERIFY] Reason: The tomato is still on the countertop near the sink, not on a plate. The task requires placing the tomato on a plate, but there is no plate visible in the image with the tomato on it.
2025-08-01 21:56:01,152 [WARNING] [VERIFICATION] ✗ Task may not be completed. (Confidence: high)
2025-08-01 21:56:01,152 [WARNING] [VERIFICATION] Reason: The tomato is still on the countertop near the sink, not on a plate. The task requires placing the tomato on a plate, but there is no plate visible in the image with the tomato on it.
2025-08-01 21:56:01,153 [ERROR] [ERROR] 'TaskPlanner' object has no attribute 'handle_execution_error', try again.
2025-08-01 21:56:01,160 [INFO] [ATTEMPT 2/3] Starting task attempt
2025-08-01 21:56:01,397 [WARNING] [RESET] Failed to reset robot position on attempt 2
2025-08-01 21:56:01,455 [INFO] [SESSION] Initialized SessionManager with ID: session_20250801_215601
2025-08-01 21:56:55,081 [INFO] metadata_path: /Users/yuanda/Documents/embodied_reasoner/data_engine/taskgenerate/kitchens/FloorPlan3/metadata.json
2025-08-01 21:56:55,084 [INFO] Task configuration - USE_TEST_TASKS: True, TEST_TASK_ID: test_001, RUN_ALL_TEST_TASKS: False
2025-08-01 21:56:55,084 [INFO] Looking for test task: test_001
2025-08-01 21:56:55,084 [INFO] Loaded 15 test tasks from /Users/yuanda/Documents/embodied_reasoner/data_engine/test_tasks.json
2025-08-01 21:56:55,085 [INFO] Test task search result: True
2025-08-01 21:56:55,085 [INFO] Will run test task: test_001
2025-08-01 21:56:55,085 [INFO] 

*********************************************************************
2025-08-01 21:56:55,085 [INFO] Running Task ID: test_001
2025-08-01 21:56:55,085 [INFO] Scene:FloorPlan3 Task_Type: pickup_and_put Task: put tomato on plate
2025-08-01 21:56:55,085 [INFO] *********************************************************************

2025-08-01 21:56:55,085 [INFO] taskname: put tomato on plate
2025-08-01 21:57:02,222 [INFO] Initialize return: {'cameraNearPlane': 0.009999999776482582, 'cameraFarPlane': 20.0}
2025-08-01 21:57:02,334 [INFO] Initialization succeeded
2025-08-01 21:57:02,334 [INFO] [ATTEMPT 1/3] Starting task attempt
2025-08-01 21:57:02,395 [WARNING] [RESET] Failed to reset robot position on attempt 1
2025-08-01 21:57:02,456 [INFO] [SESSION] Initialized SessionManager with ID: session_20250801_215702
2025-08-01 21:57:13,753 [INFO] [OBSERVATION] <Observation>
I see a kitchen environment with the following objects:

- A window with natural light coming through.
- A wooden countertop with various items on it.
- A sink basin with a faucet.
- Several cabinets beneath the countertop.
- A toaster and a kettle on the countertop.
- A pot and a cutting board near the sink.
- A houseplant placed on the countertop.
- Wine bottles hanging on a rack.
- A stove with burners and knobs.
- Several utensils and containers are visible on the shelves and countertop.

These objects are arranged in a functional kitchen layout, with the sink and stove being central features.
</Observation>
2025-08-01 21:57:15,815 [INFO] [INITIAL TASK PLANNING] ['Find the tomato', 'Pick up the tomato', 'Find the plate', 'Place the tomato on the plate']
2025-08-01 21:57:24,495 [INFO] [GENERAL QUESTION] Are there any specific requirements or considerations for finding or handling the tomato and plate (e.g., size, cleanliness, location, etc.)?
2025-08-01 21:57:34,316 [INFO] [SESSION] Added QA record: decision_clarification question
2025-08-01 21:57:34,317 [INFO] [USER RESPONSE] tomato maybe near the sink
2025-08-01 21:57:36,989 [INFO] [RE-PLANNING BASED ON USER RESPONSE]
2025-08-01 21:57:36,989 [INFO] REPLAN?: True
2025-08-01 21:57:36,990 [INFO] Reason: The user's response indicates that the tomato might be near the sink, which provides new information about the tomato's location. This could potentially change the efficiency or accuracy of the initial plan, as the robot might need to adjust its search strategy to account for the tomato being in a different area than initially anticipated. Therefore, replanning is advisable to ensure the task is executed correctly and efficiently.
2025-08-01 21:57:53,168 [INFO] [DEBUG] LLM response for replan_subtasks_based_on_user_response: Based on the user's feedback that the tomato may be near the sink, we can revise the plan to prioritize searching near the sink first. The revised plan will incorporate this information to optimize the task sequence. Here's the updated subtask sequence:

<Subtask1>Search near the sink for the tomato</Subtask1>
<Subtask2>If the tomato is not found near the sink, expand the search to other areas of the countertop</Subtask2>
<Subtask3>Pick up the tomato</Subtask3>
<Subtask4>Find the plate (search on the countertop or nearby surfaces)</Subtask4>
<Subtask5>Place the tomato on the plate</Subtask5>

### Explanation of Changes:
1. **Search Near the Sink First**: The user specified that the tomato may be near the sink, so the plan starts by prioritizing this location.
2. **Expand Search if Needed**: If the tomato is not found near the sink, the robot will broaden its search to other areas of the countertop.
3. **Pick Up the Tomato**: Once the tomato is located, it will be picked up.
4. **Find the Plate**: The search for the plate remains unchanged, as the user did not provide specific guidance about its location.
5. **Place the Tomato on the Plate**: The final step remains the same, ensuring the task is completed.

This revised plan directly addresses the user's input by prioritizing the search for the tomato near the sink, which aligns with their feedback. All other steps remain logical and sequential.
2025-08-01 21:57:53,169 [INFO] [DEBUG] Parsed matches: [(1, 'Search near the sink for the tomato'), (2, 'If the tomato is not found near the sink, expand the search to other areas of the countertop'), (3, 'Pick up the tomato'), (4, 'Find the plate (search on the countertop or nearby surfaces)'), (5, 'Place the tomato on the plate')]
2025-08-01 21:57:53,170 [INFO] [REPLAN] Old subtasks: ['Find the tomato', 'Pick up the tomato', 'Find the plate', 'Place the tomato on the plate']
2025-08-01 21:57:53,170 [INFO] [REPLAN] New subtasks: ['Search near the sink for the tomato', 'If the tomato is not found near the sink, expand the search to other areas of the countertop', 'Pick up the tomato', 'Find the plate (search on the countertop or nearby surfaces)', 'Place the tomato on the plate']
2025-08-01 21:58:22,810 [INFO] [DECISIONS] Generated 5 unique actions from 6 total actions
2025-08-01 21:58:34,698 [INFO] [SUBTASKS WITH DECISION] [{'action': 'search', 'objectType': 'tomato', 'targetObject': 'sink', 'decisionmaking': 'search tomato sink'}, {'action': 'navigate', 'objectType': 'countertop', 'targetObject': None, 'decisionmaking': 'navigate countertop'}, {'action': 'pick_up', 'objectType': 'tomato', 'targetObject': None, 'decisionmaking': 'pick_up tomato'}, {'action': 'search', 'objectType': 'plate', 'targetObject': 'countertop', 'decisionmaking': 'search plate countertop'}, {'action': 'put', 'objectType': 'tomato', 'targetObject': 'plate', 'decisionmaking': 'put tomato plate'}]
2025-08-01 21:59:11,443 [INFO] [EXECUTE] search tomato sink
2025-08-01 22:00:15,605 [INFO] [SEARCH] Checking SinkBasin
2025-08-01 22:01:01,089 [INFO] [SEARCH] Could not find visible tomato in/on SinkBasin
2025-08-01 22:01:08,536 [WARNING] [SEARCH] Could not find visible tomato after checking all possible locations
2025-08-01 22:01:10,944 [ERROR] [ERROR] Search failed for tomato, requesting user assistance.
2025-08-01 22:03:32,974 [INFO] [SESSION] Added failure record: search_failure
2025-08-01 22:05:29,205 [ERROR] [ERROR HANDLING] Exception in error handler: RobotController.get_qa_history() takes 1 positional argument but 2 were given
2025-08-01 22:08:02,058 [INFO] metadata_path: /Users/yuanda/Documents/embodied_reasoner/data_engine/taskgenerate/kitchens/FloorPlan3/metadata.json
2025-08-01 22:08:02,060 [INFO] Task configuration - USE_TEST_TASKS: True, TEST_TASK_ID: test_001, RUN_ALL_TEST_TASKS: False
2025-08-01 22:08:02,060 [INFO] Looking for test task: test_001
2025-08-01 22:08:02,060 [INFO] Loaded 15 test tasks from /Users/yuanda/Documents/embodied_reasoner/data_engine/test_tasks.json
2025-08-01 22:08:02,060 [INFO] Test task search result: True
2025-08-01 22:08:02,061 [INFO] Will run test task: test_001
2025-08-01 22:08:02,061 [INFO] 

*********************************************************************
2025-08-01 22:08:02,061 [INFO] Running Task ID: test_001
2025-08-01 22:08:02,061 [INFO] Scene:FloorPlan3 Task_Type: pickup_and_put Task: put tomato on plate
2025-08-01 22:08:02,061 [INFO] *********************************************************************

2025-08-01 22:08:02,061 [INFO] taskname: put tomato on plate
2025-08-01 22:08:10,101 [INFO] Initialize return: {'cameraNearPlane': 0.009999999776482582, 'cameraFarPlane': 20.0}
2025-08-01 22:08:10,249 [INFO] Initialization succeeded
2025-08-01 22:08:10,249 [INFO] [ATTEMPT 1/3] Starting task attempt
2025-08-01 22:08:10,318 [WARNING] [RESET] Failed to reset robot position on attempt 1
2025-08-01 22:08:10,384 [INFO] [SESSION] Initialized SessionManager with ID: session_20250801_220810
2025-08-01 22:08:35,727 [INFO] [OBSERVATION] <Observation>
I am in a kitchen. In front of me, there is a wooden countertop with various objects including a toaster, a kettle, a cutting board with vegetables, and a houseplant. Above the countertop, there are open shelves holding bottles, bowls, and utensils. To the right, there is a sink with a faucet. Below the countertop, there are cabinets with handles. On the left, there is a stove with burners and knobs. In the background, there is a window letting in natural light. To the left of the window, there is a row of wine glasses hanging from a wooden shelf. On the right side of the countertop, there is a knife and a bottle of liquid. The ceiling has recessed lights.
</Observation>
2025-08-01 22:08:38,057 [INFO] [INITIAL TASK PLANNING] ['Find the tomato on the cutting board', 'Pick up the tomato', 'Find the plate on the countertop or nearby surface', 'Put the tomato on the plate']
2025-08-01 22:08:41,180 [INFO] [GENERAL QUESTION] Is there a specific size or shape requirement for the tomato that needs to be placed on the plate? For example, does it need to be whole, sliced, or diced?
2025-08-01 22:08:51,774 [INFO] [SESSION] Added QA record: decision_clarification question
2025-08-01 22:08:51,775 [INFO] [USER RESPONSE] maybe tomato near the sink
2025-08-01 22:08:54,806 [INFO] [RE-PLANNING BASED ON USER RESPONSE]
2025-08-01 22:08:54,806 [INFO] REPLAN?: True
2025-08-01 22:08:54,808 [INFO] Reason: The user's response suggests that the tomato might be near the sink instead of on the cutting board, which is where the current plan assumes it will be found. This new information changes the initial assumptions of the task, making it necessary to replan to accommodate the possibility that the tomato is located near the sink rather than on the cutting board. Adjusting the plan will ensure the robot can effectively locate the tomato and proceed with the task.
2025-08-01 22:09:16,103 [INFO] [DEBUG] LLM response for replan_subtasks_based_on_user_response: Based on the user's feedback, the revised plan should prioritize finding a tomato near the sink, rather than on the cutting board. Here is the revised subtask sequence:

<Subtask1>Find the tomato near the sink</Subtask1>
<Subtask2>Pick up the tomato</Subtask2>
<Subtask3>Find the plate on the countertop or nearby surface</Subtask3>
<Subtask4>Put the tomato on the plate</Subtask4>

### Explanation:
1. **Subtask1**: The user specified "maybe tomato near the sink," so the first step is to search for a tomato near the sink instead of the cutting board.
2. **Subtask2**: Once the tomato is located near the sink, pick it up.
3. **Subtask3**: Proceed to find a plate on the countertop or a nearby surface.
4. **Subtask4**: Place the tomato on the plate as per the original task requirement.

This revised plan directly addresses the user's request to prioritize the location of the tomato near the sink while maintaining the overall goal of placing the tomato on the plate.
2025-08-01 22:09:16,104 [INFO] [DEBUG] Parsed matches: [(1, 'Find the tomato near the sink'), (2, 'Pick up the tomato'), (3, 'Find the plate on the countertop or nearby surface'), (4, 'Put the tomato on the plate')]
2025-08-01 22:09:16,105 [INFO] [REPLAN] Old subtasks: ['Find the tomato on the cutting board', 'Pick up the tomato', 'Find the plate on the countertop or nearby surface', 'Put the tomato on the plate']
2025-08-01 22:09:16,105 [INFO] [REPLAN] New subtasks: ['Find the tomato near the sink', 'Pick up the tomato', 'Find the plate on the countertop or nearby surface', 'Put the tomato on the plate']
2025-08-01 22:09:29,074 [INFO] [DECISIONS] Generated 4 unique actions from 4 total actions
2025-08-01 22:09:29,076 [INFO] [SUBTASKS WITH DECISION] [{'action': 'search', 'objectType': 'tomato', 'targetObject': 'near_sink', 'decisionmaking': 'search tomato near_sink'}, {'action': 'pick_up', 'objectType': 'tomato', 'targetObject': None, 'decisionmaking': 'pick_up tomato'}, {'action': 'search', 'objectType': 'plate', 'targetObject': 'countertop_or_nearby_surface', 'decisionmaking': 'search plate countertop_or_nearby_surface'}, {'action': 'put', 'objectType': 'tomato', 'targetObject': 'plate', 'decisionmaking': 'put tomato plate'}]
2025-08-01 22:09:56,097 [INFO] [EXECUTE] search tomato near_sink
2025-08-01 22:10:03,640 [INFO] [SEARCH] Checking CounterTop
2025-08-01 22:10:06,053 [INFO] [SEARCH] Could not find visible tomato in/on CounterTop
2025-08-01 22:10:06,053 [WARNING] [SEARCH] Could not find visible tomato after checking all possible locations
2025-08-01 22:10:09,968 [ERROR] [ERROR] Search failed for tomato, requesting user assistance.
2025-08-01 22:10:35,665 [INFO] [SESSION] Added failure record: search_failure
2025-08-01 22:23:12,613 [INFO] [ERROR HANDLING] Analysis: The robot attempted to find a tomato to place on a plate, but it couldn't locate one in any of the possible locations. This suggests that either the tomato is not where it's expected, or it might be hidden, out of reach, or not present in the environment.
2025-08-01 22:23:13,627 [INFO] [ERROR HANDLING] Asking user for help: The robot was unable to find the tomato while searching the possible locations. Could you please confirm if the tomato is in one of the following areas: near the sink, countertop, nearby surfaces, or other potential locations? If it's not in any of these places, could you provide guidance on where the tomato might be located or suggest an alternative way to proceed with the task?
2025-08-01 22:23:40,780 [INFO] [SESSION] Added QA record: error_assistance question
2025-08-01 22:24:49,627 [INFO] [ERROR RECOVERY] Strategy: modify
2025-08-01 22:24:51,019 [INFO] [ERROR RECOVERY] Reason: The user has indicated that the tomato might be in the fridge, which is a new location not previously considered. This suggests that the current search strategy needs to be modified to include the fridge as a potential location for the tomato. Modifying the strategy allows us to adapt to the new information provided by the user and increase the likelihood of successfully finding the tomato.
2025-08-01 22:25:09,600 [INFO] [ERROR RECOVERY] User advised strategy: modify
2025-08-01 22:29:01,914 [INFO] metadata_path: /Users/yuanda/Documents/embodied_reasoner/data_engine/taskgenerate/kitchens/FloorPlan3/metadata.json
2025-08-01 22:29:01,916 [INFO] Task configuration - USE_TEST_TASKS: True, TEST_TASK_ID: test_001, RUN_ALL_TEST_TASKS: False
2025-08-01 22:29:01,916 [INFO] Looking for test task: test_001
2025-08-01 22:29:01,917 [INFO] Loaded 15 test tasks from /Users/yuanda/Documents/embodied_reasoner/data_engine/test_tasks.json
2025-08-01 22:29:01,917 [INFO] Test task search result: True
2025-08-01 22:29:01,917 [INFO] Will run test task: test_001
2025-08-01 22:29:01,917 [INFO] 

*********************************************************************
2025-08-01 22:29:01,917 [INFO] Running Task ID: test_001
2025-08-01 22:29:01,917 [INFO] Scene:FloorPlan3 Task_Type: pickup_and_put Task: put tomato on plate
2025-08-01 22:29:01,917 [INFO] *********************************************************************

2025-08-01 22:29:01,917 [INFO] taskname: put tomato on plate
2025-08-01 22:29:11,046 [INFO] Initialize return: {'cameraNearPlane': 0.009999999776482582, 'cameraFarPlane': 20.0}
2025-08-01 22:29:11,209 [INFO] Initialization succeeded
2025-08-01 22:29:11,210 [INFO] [ATTEMPT 1/3] Starting task attempt
2025-08-01 22:29:11,271 [WARNING] [RESET] Failed to reset robot position on attempt 1
2025-08-01 22:29:11,334 [INFO] [SESSION] Initialized SessionManager with ID: session_20250801_222911
2025-08-01 22:29:23,301 [INFO] [OBSERVATION] <Observation>
I see a well-lit kitchen with wooden elements. In front of me, there is a wooden countertop with various items including a toaster, a pot, a kettle, and some vegetables. A sink is visible with a faucet and a plant beside it. There are several wine bottles on a shelf, and a set of knives on the countertop. Below the counter, there are cabinets with drawers. A window is present in the background, allowing natural light to enter. To the left, there is a stove with visible knobs and burners. The ceiling has recessed lighting fixtures. There are also shelves with cups and other kitchenware above the countertop.
</Observation>
2025-08-01 22:29:25,535 [INFO] [INITIAL TASK PLANNING] ['Find the tomato', 'Pick up the tomato', 'Find the plate', 'Put the tomato on the plate']
2025-08-01 22:29:37,730 [INFO] [GENERAL QUESTION] Are there any specific conditions or constraints (e.g., size, ripeness, cleanliness) that need to be considered when finding and picking up the tomato, or when placing it on the plate?
2025-08-01 22:30:17,400 [INFO] [SESSION] Added QA record: decision_clarification question
2025-08-01 22:30:17,403 [INFO] [USER RESPONSE] maybe tomato near the sink
2025-08-01 22:30:20,362 [INFO] [RE-PLANNING BASED ON USER RESPONSE]
2025-08-01 22:30:20,363 [INFO] REPLAN?: True
2025-08-01 22:30:20,364 [INFO] Reason: The user's response, "maybe tomato near the sink," suggests that the location of the tomato may be different from what the robot initially assumed. This new information could affect the robot's ability to find the tomato as part of its current plan. By replanning, the robot can incorporate this new information and potentially adjust its search strategy to look near the sink for the tomato, increasing the chances of successfully completing the task.
2025-08-01 22:31:17,733 [INFO] [DEBUG] LLM response for replan_subtasks_based_on_user_response: Based on the user's feedback, the revised plan should prioritize finding the tomato near the sink. Here is the updated subtask sequence:

<Subtask1>Find the tomato near the sink</Subtask1>
<Subtask2>Pick up the tomato</Subtask2>
<Subtask3>Find the plate</Subtask3>
<Subtask4>Put the tomato on the plate</Subtask4>

### Explanation:
1. **Find the tomato near the sink**: This directly addresses the user's request to prioritize finding the tomato near the sink.
2. **Pick up the tomato**: Once located, the robot will pick up the tomato.
3. **Find the plate**: After picking up the tomato, the robot will proceed to find the plate.
4. **Put the tomato on the plate**: Finally, the robot will place the tomato on the plate.

This revised plan ensures that the user's specific requirement is incorporated into the task sequence, making it more efficient and aligned with their preferences.
2025-08-01 22:31:17,734 [INFO] [DEBUG] Parsed matches: [(1, 'Find the tomato near the sink'), (2, 'Pick up the tomato'), (3, 'Find the plate'), (4, 'Put the tomato on the plate')]
2025-08-01 22:31:17,734 [INFO] [REPLAN] Old subtasks: ['Find the tomato', 'Pick up the tomato', 'Find the plate', 'Put the tomato on the plate']
2025-08-01 22:31:17,734 [INFO] [REPLAN] New subtasks: ['Find the tomato near the sink', 'Pick up the tomato', 'Find the plate', 'Put the tomato on the plate']
2025-08-01 22:32:37,100 [INFO] [DECISIONS] Generated 4 unique actions from 4 total actions
2025-08-01 22:32:37,101 [INFO] [SUBTASKS WITH DECISION] [{'action': 'search', 'objectType': 'tomato', 'targetObject': 'near_sink', 'decisionmaking': 'search tomato near_sink'}, {'action': 'pick_up', 'objectType': 'tomato', 'targetObject': None, 'decisionmaking': 'pick_up tomato'}, {'action': 'search', 'objectType': 'plate', 'targetObject': None, 'decisionmaking': 'search plate'}, {'action': 'put', 'objectType': 'tomato', 'targetObject': 'plate', 'decisionmaking': 'put tomato plate'}]
2025-08-01 22:35:49,762 [INFO] [EXECUTE] search tomato near_sink
2025-08-01 22:35:59,415 [INFO] [SEARCH] Checking SinkBasin
2025-08-01 22:36:01,336 [INFO] [SEARCH] Could not find visible tomato in/on SinkBasin
2025-08-01 22:36:01,336 [WARNING] [SEARCH] Could not find visible tomato after checking all possible locations
2025-08-01 22:36:06,902 [ERROR] [ERROR] Search failed for tomato, requesting user assistance.
2025-08-01 22:36:33,355 [INFO] [SESSION] Added failure record: search_failure
2025-08-01 22:37:10,373 [INFO] [ERROR HANDLING] Analysis: The robot was unable to find the tomato in any of the possible locations it searched. This could be due to the tomato not being in its expected location, or the robot not having access to the correct areas where the tomato might be.
2025-08-01 22:37:11,920 [INFO] [ERROR HANDLING] Asking user for help: The robot was trying to search for a tomato as part of the task "put tomato on plate," but it couldn't find the tomato in any of the possible locations. Could you please provide more information about where the tomato might be? For example, is it in a specific container, on a certain surface, or perhaps in a different room? Knowing its exact location or any additional details about its placement could help the robot continue with the task.
2025-08-01 22:37:32,453 [INFO] [SESSION] Added QA record: error_assistance question
2025-08-01 22:38:13,716 [INFO] [ERROR RECOVERY] Strategy: **modify**
2025-08-01 22:38:14,477 [INFO] [ERROR RECOVERY] Reason: The user's response indicates that the tomato is in the fridge, which provides new information that can help the robot recover from the error. Instead of retrying the same search, the robot should modify its current step to search for the tomato in the fridge. This change in the search location aligns with the new information provided by the user and increases the likelihood of successfully finding the tomato.
2025-08-01 22:38:22,377 [INFO] [ERROR RECOVERY] User advised strategy: **modify**
2025-08-01 22:44:06,109 [INFO] metadata_path: /Users/yuanda/Documents/embodied_reasoner/data_engine/taskgenerate/kitchens/FloorPlan3/metadata.json
2025-08-01 22:44:06,112 [INFO] Task configuration - USE_TEST_TASKS: True, TEST_TASK_ID: test_001, RUN_ALL_TEST_TASKS: False
2025-08-01 22:44:06,112 [INFO] Looking for test task: test_001
2025-08-01 22:44:06,112 [INFO] Loaded 15 test tasks from /Users/yuanda/Documents/embodied_reasoner/data_engine/test_tasks.json
2025-08-01 22:44:06,112 [INFO] Test task search result: True
2025-08-01 22:44:06,112 [INFO] Will run test task: test_001
2025-08-01 22:44:06,112 [INFO] 

*********************************************************************
2025-08-01 22:44:06,113 [INFO] Running Task ID: test_001
2025-08-01 22:44:06,113 [INFO] Scene:FloorPlan3 Task_Type: pickup_and_put Task: put tomato on plate
2025-08-01 22:44:06,113 [INFO] *********************************************************************

2025-08-01 22:44:06,113 [INFO] taskname: put tomato on plate
2025-08-01 22:44:13,888 [INFO] Initialize return: {'cameraNearPlane': 0.009999999776482582, 'cameraFarPlane': 20.0}
2025-08-01 22:44:14,027 [INFO] Initialization succeeded
2025-08-01 22:44:14,028 [INFO] [ATTEMPT 1/3] Starting task attempt
2025-08-01 22:44:14,107 [WARNING] [RESET] Failed to reset robot position on attempt 1
2025-08-01 22:44:14,171 [INFO] [SESSION] Initialized SessionManager with ID: session_20250801_224414
2025-08-01 22:44:38,462 [INFO] [OBSERVATION] <Observation>
I see a wooden countertop in front of me with various objects placed on it. There is a faucet above a sink, and a window is visible in the background. On the countertop, I can see a toaster, a pot, a kettle, a cutting board with vegetables, and a knife. There are also some bottles and a potted plant. Below the countertop, there are cabinets and drawers. A stove with burners is visible on the left side of the countertop. Shelves above the countertop hold more items, including bottles and cups. The room has a warm, wooden aesthetic throughout.
</Observation>
2025-08-01 22:44:40,801 [INFO] [INITIAL TASK PLANNING] ['Find the tomato on the cutting board.', 'Pick up the tomato.', 'Find the plate on the countertop or nearby.', 'Place the tomato on the plate.']
2025-08-01 22:45:38,157 [INFO] [GENERAL QUESTION] Are there any specific requirements or considerations for how the tomato should be placed on the plate (e.g., orientation, position, or arrangement with other ingredients)?
2025-08-01 22:46:21,503 [INFO] [SESSION] Added QA record: decision_clarification question
2025-08-01 22:46:21,505 [INFO] [USER RESPONSE] tomatmay near the sink
2025-08-01 22:46:23,730 [INFO] [RE-PLANNING BASED ON USER RESPONSE]
2025-08-01 22:46:23,731 [INFO] REPLAN?: True
2025-08-01 22:46:23,732 [INFO] Reason: The user's response indicates that the tomato may be near the sink, which conflicts with the current plan that assumes the tomato is on the cutting board. To ensure the task is completed accurately, it is necessary to adjust the plan to account for the new location information provided by the user.
2025-08-01 22:47:15,420 [INFO] [DEBUG] LLM response for replan_subtasks_based_on_user_response: Based on the user's feedback, the revised plan should prioritize placing the tomato near the sink. Here's the adjusted subtask sequence:

<Subtask1>Find the tomato on the cutting board.</Subtask1>
<Subtask2>Pick up the tomato.</Subtask2>
<Subtask3>Locate a plate near the sink.</Subtask3>
<Subtask4>Place the tomato on the plate near the sink.</Subtask4>

### Explanation:
1. **Find the tomato on the cutting board**: This step remains unchanged as the tomato is initially located on the cutting board.
2. **Pick up the tomato**: This step is also unchanged as it involves retrieving the tomato.
3. **Locate a plate near the sink**: The user's request specifies placing the tomato near the sink, so the plan now includes finding a plate in that area.
4. **Place the tomato on the plate near the sink**: The final step ensures the tomato is placed on the plate, with the added requirement of being near the sink.

This revised plan directly addresses the user's request to place the tomato near the sink while maintaining the logical sequence of actions.<|endoftext|><|im_start|>
<|im_start|>
<|endoftext|><|im_start|>
<|im_start|>
<|im_start|>
<|im_start|>
<|im_start|>
<|im_start|>
<|im_start|>
<|im_start|>
<|im_start|>
<|im_start|>
<|im_start|>
<|im_start|>
<|im_start|>
<|im_start|>
<|im_start|>
<|im_start|>
<|im_start|>
<|im_start|>
<|im_start|>
<|im_start|>
<|im_start|>
<|im_start|>
<|im_start|>
<|im_start|>
<|im_start|>
<|im_start|>
<|im_start|>
<|im_start|>
<|im_start|>
<|im_start|>
<|im_start|>
<|im_start|>
<|im_start|>
<|im_start|>
<|im_start|>
<|im_start|>
<|im_start|>
<|im_start|>
<|im_start|>
<|im_start|>
<|im_start|>
<|im_start|>
<|im_start|>
<|im_start|>
<|im_start|>
<|im_start|>
<|im_start|>
<|im_start|>
<|im_start|>
<|im_start|>
<|im_start|>
<|im_start|>
<|im_start|>
<|im_start|>
<|im_start|>
<|im_start|>
<|im_start|>
<|im_start|>
<|im_start|>
<|im_start|>
<|im_start|>
<|im_start|>
<|im_start|>
<|im_start|>
<|im_start|>
<|im_start|>
<|im_start|>
<|im_start|>
<|im_start|>
<|im_start|>
<|im_start|>
<|im_start|>
<|im_start|>
<|im_start|>
<|im_start|>
<|im_start|>
<|im_start|>
<|im_start|>
<|im_start|>
<|im_start|>
<|im_start|>
<|im_start|>
<|im_start|>
<|im_start|>
<|im_start|>
<|im_start|>
<|im_start|>
<|im_start|>
<|im_start|>
<|im_start|>
<|im_start|>
<|im_start|>
<|im_start|>
<|im_start|>
<|im_start|>
<|im_start|>
<|im_start|>
<|im_start|>
<|im_start|>
<|im_start|>
<|im_start|>
<|im_start|>
<|im_start|>
<|im_start|>
<|im_start|>
<|im_start|>
<|im_start|>
<|im_start|>
<|im_start|>
<|im_start|>
<|im_start|>
<|im_start|>
<|im_start|>
<|im_start|>
<|im_start|>
<|im_start|>
<|im_start|>
<|im_start|>
<|im_start|>
<|im_start|>
<|im_start|>
<|im_start|>
<|im_start|>
<|im_start|>
<|im_start|>
<|im_start|>
<|im_start|>
<|im_start|>
<|im_start|>
<|im_start|>
<|im_start|>
<|im_start|>
<|im_start|>
<|im_start|>
<|im_start|>
<|im_start|>
<|im_start|>
<|im_start|>
<|im_start|>
<|im_start|>
<|im_start|>
<|im_start|>
<|im_start|>
<|im_start|>
<|im_start|>
<|im_start|>
<|im_start|>
<|im_start|>
<|im_start|>
<|im_start|>
<|im_start|>
<|im_start|>
<|im_start|>
<|im_start|>
<|im_start|>
<|im_start|>
<|im_start|>
<|im_start|>
<|im_start|>
<|im_start|>
<|im_start|>
<|im_start|>
<|im_start|>
<|im_start|>
<|im_start|>
<|im_start|>
<|im_start|>
<|im_start|>
<|im_start|>
<|im_start|>
<|im_start|>
<|im_start|>
<|im_start|>
<|im_start|>
<|im_start|>
<|im_start|>
<|im_start|>
<|im_start|>
<|im_start|>
<|im_start|>
<|im_start|>
<|im_start|>
<|im_start|>
<|im_start|>
<|im_start|>
<|im_start|>
<|im_start|>
<|im_start|>
<|im_start|>
<|im_start|>
<|im_start|>
<|im_start|>
<|im_start|>
<|im_start|>
<|im_start|>
<|im_start|>
<|im_start|>
<|im_start|>
<|im_start|>
<|im_start|>
<|im_start|>
<|im_start|>
<|im_start|>
<|im_start|>
<|im_start|>
<|im_start|>
<|im_start|>
<|im_start|>
<|im_start|>
<|im_start|>
<|im_start|>
<|im_start|>
<|im_start|>
<|endoftext|><|im_start|>
<|im_start|>
<|im_start|>
<|im_start|>
<|im_start|>
<|im_start|>
<|im_start|>
<|im_start|>
<|im_start|>
<|im_start|>
<|im_start|>
<|im_start|>
<|im_start|>
<|im_start|>
<|im_start|>
<|im_start|>
<|im_start|>
<|im_start|>
<|im_start|>
<|im_start|>
<|im_start|>
<|im_start|>
<|im_start|>
<|im_start|>
<|im_start|>
<|im_start|>
<|im_start|>
<|im_start|>
<|im_start|>
<|im_start|>
<|im_start|>
<|im_start|>
<|im_start|>
<|im_start|>
<|im_start|>
<|im_start|>
<|im_start|>
<|im_start|>
<|im_start|>
<|im_start|>
<|im_start|>
<|im_start|>
<|im_start|>
<|im_start|>
<|im_start|>
<|im_start|>
<|im_start|>
<|im_start|>
<|im_start|>
<|im_start|>
<|im_start|>
<|im_start|>
<|im_start|>
<|im_start|>
<|im_start|>
<|im_start|>
<|im_start|>
<|im_start|>
<|im_start|>
<|im_start|>
<|im_start|>
<|im_start|>
<|im_start|>
<|im_start|>
<|im_start|>
<|im_start|>
<|im_start|>
<|im_start|>
<|im_start|>
<|im_start|>
<|im_start|>
<|im_start|>
<|im_start|>
<|im_start|>
<|im_start|>
<|im_start|>
<|im_start|>
<|im_start|>
<|im_start|>
<|im_start|>
<|im_start|>
<|im_start|>
<|im_start|>
<|im_start|>
<|im_start|>
<|im_start|>
<|im_start|>
<|im_start|>
<|im_start|>
<|im_start|>
<|im_start|>
<|im_start|>
<|im_start|>
<|im_start|>
<|im_start|>
<|im_start|>
<|im_start|>
<|im_start|>
<|im_start|>
<|im_start|>
<|im_start|>
<|im_start|>
<|im_start|>
<|im_start|>
<|im_start|>
<|im_start|>
<|im_start|>
<|im_start|>
<|im_start|>
<|im_start|>
<|im_start|>
<|im_start|>
<|im_start|>
<|im_start|>
<|im_start|>
<|im_start|>
<|im_start|>
<|im_start|>
<|im_start|>
<|im_start|>
<|im_start|>
<|im_start|>
<|im_start|>
<|im_start|>
<|im_start|>
<|im_start|>
<|im_start|>
<|im_start|>
<|im_start|>
<|im_start|>
<|im_start|>
<|endoftext|><|im_start|>
<|im_start|>
<|im_start|>
<|im_start|>
<|im_start|>
<|im_start|>
<|im_start|>
<|im_start|>
<|im_start|>
<|im_start|>
<|im_start|>
<|im_start|>
<|im_start|>
<|im_start|>
<|im_start|>
<|im_start|>
<|im_start|>
<|im_start|>
<|im_start|>
<|im_start|>
<|im_start|>
<|im_start|>
<|im_start|>
<|im_start|>
<|im_start|>
<|im_start|>
<|im_start|>
<|im_start|>
<|im_start|>
<|im_start|>
<|im_start|>
<|im_start|>
<|im_start|>
<|im_start|>
<|im_start|>
<|im_start|>
<|im_start|>
<|im_start|>
<|im_start|>
<|im_start|>
<|im_start|>
<|im_start|>
<|im_start|>
<|im_start|>
<|im_start|>
<|im_start|>
<|im_start|>
<|im_start|>
<|im_start|>
<|im_start|>
<|im_start|>
<|im_start|>
<|im_start|>
<|im_start|>
<|im_start|>
<|im_start|>
<|im_start|>
<|im_start|>
<|im_start|>
<|im_start|>
<|im_start|>
<|im_start|>
<|im_start|>
<|im_start|>
<|im_start|>
<|im_start|>
<|im_start|>
<|im_start|>
<|im_start|>
<|im_start|>
<|im_start|>
<|im_start|>
<|im_start|>
<|im_start|>
<|im_start|>
<|im_start|>
<|im_start|>
<|im_start|>
<|im_start|>
<|im_start|>
<|im_start|>
<|im_start|>
<|im_start|>
<|im_start|>
<|im_start|>
<|im_start|>
<|im_start|>
<|im_start|>
<|im_start|>
<|im_start|>
<|im_start|>
<|im_start|>
<|im_start|>
<|im_start|>
<|im_start|>
<|im_start|>
<|im_start|>
<|im_start|>
<|im_start|>
<|im_start|>
<|im_start|>
<|im_start|>
<|im_start|>
<|im_start|>
<|im_start|>
<|im_start|>
<|im_start|>
<|im_start|>
<|im_start|>
<|im_start|>
<|im_start|>
<|im_start|>
<|im_start|>
<|im_start|>
<|im_start|>
<|im_start|>
<|im_start|>
<|im_start|>
<|im_start|>
<|im_start|>
<|im_start|>
<|im_start|>
<|im_start|>
<|im_start|>
<|im_start|>
<|im_start|>
<|im_start|>
<|im_start|>
<|im_start|>
<|im_start|>
<|im_start|>
<|im_start|>
<|im_start|>
<|im_start|>
<|im_start|>
<|im_start|>
<|im_start|>
<|im_start|>
<|im_start|>
<|im_start|>
<|im_start|>
<|im_start|>
<|im_start|>
<|im_start|>
<|im_start|>
<|im_start|>
<|im_start|>
<|im_start|>
<|im_start|>
<|im_start|>
<|im_start|>
<|im_start|>
<|im_start|>
<|im_start|>
<|im_start|>
<|im_start|>
<|im_start|>
<|im_start|>
<|im_start|>
<|im_start|>
<|im_start|>
<|im_start|>
<|im_start|>
<|im_start|>
<|im_start|>
<|im_start|>
<|im_start|>
<|im_start|>
<|im_start|>
<|im_start|>
<|im_start|>
<|im_start|>
<|im_start|>
<|im_start|>
<|im_start|>
<|im_start|>
<|im_start|>
<|im_start|>
<|im_start|>
<|im_start|>
<|im_start|>
<|im_start|>
<|im_start|>
<|im_start|>
<|im_start|>
<|im_start|>
<|im_start|>
<|im_start|>
<|im_start|>
<|im_start|>
<|im_start|>
<|im_start|>
<|im_start|>
<|im_start|>
<|im_start|>
<|im_start|>
<|im_start|>
<|im_start|>
<|im_start|>
<|im_start|>
<|im_start|>
<|im_start|>
<|im_start|>
<|im_start|>
<|im_start|>
<|im_start|>
<|im_start|>
<|im_start|>
<|im_start|>
<|im_start|>
<|im_start|>
<|im_start|>
<|im_start|>
<|im_start|>
<|im_start|>
<|im_start|>
<|im_start|>
<|im_start|>
<|im_start|>
<|im_start|>
<|im_start|>
<|im_start|>
<|im_start|>
<|im_start|>
<|im_start|>
<|im_start|>
<|im_start|>
<|im_start|>
<|im_start|>
<|im_start|>
<|im_start|>
<|im_start|>
<|im_start|>
<|im_start|>
<|im_start|>
<|im_start|>
<|im_start|>
<|im_start|>
<|im_start|>
<|im_start|>
<|im_start|>
<|im_start|>
<|im_start|>
<|im_start|>
<|im_start|>
<|im_start|>
<|im_start|>
<|im_start|>
<|im_start|>
<|im_start|>
<|im_start|>
<|im_start|>
<|im_start|>
<|im_start|>
<|im_start|>
<|im_start|>
<|im_start|>
<|im_start|>
<|im_start|>
<|im_start|>
<|im_start|>
<|im_start|>
<|im_start|>
<|im_start|>
<|im_start|>
<|im_start|>
<|im_start|>
<|im_start|>
<|im_start|>
<|im_start|>
<|im_start|>
<|im_start|>
<|im_start|>
<|im_start|>
<|im_start|>
<|im_start|>
<|im_start|>
<|im_start|>
<|im_start|>
<|im_start|>
<|im_start|>
<|im_start|>
<|im_start|>
<|im_start|>
2025-08-01 22:47:15,424 [INFO] [DEBUG] Parsed matches: [(1, 'Find the tomato on the cutting board.'), (2, 'Pick up the tomato.'), (3, 'Locate a plate near the sink.'), (4, 'Place the tomato on the plate near the sink.')]
2025-08-01 22:47:15,425 [INFO] [REPLAN] Old subtasks: ['Find the tomato on the cutting board.', 'Pick up the tomato.', 'Find the plate on the countertop or nearby.', 'Place the tomato on the plate.']
2025-08-01 22:47:15,426 [INFO] [REPLAN] New subtasks: ['Find the tomato on the cutting board.', 'Pick up the tomato.', 'Locate a plate near the sink.', 'Place the tomato on the plate near the sink.']
2025-08-01 22:47:35,305 [INFO] [DECISIONS] Generated 6 unique actions from 12 total actions
2025-08-01 22:47:35,307 [INFO] [SUBTASKS WITH DECISION] [{'action': 'search', 'objectType': 'cutting_board', 'targetObject': None, 'decisionmaking': 'search cutting_board'}, {'action': 'search', 'objectType': 'tomato', 'targetObject': None, 'decisionmaking': 'search tomato'}, {'action': 'pick_up', 'objectType': 'tomato', 'targetObject': None, 'decisionmaking': 'pick_up tomato'}, {'action': 'navigate', 'objectType': 'sink', 'targetObject': None, 'decisionmaking': 'navigate sink'}, {'action': 'search', 'objectType': 'plate', 'targetObject': None, 'decisionmaking': 'search plate'}, {'action': 'put', 'objectType': 'tomato', 'targetObject': 'plate', 'decisionmaking': 'put tomato plate'}]
2025-08-01 22:48:13,552 [INFO] [EXECUTE] search cutting_board
2025-08-01 22:48:14,400 [INFO] [SEARCH] Checking CounterTop
2025-08-01 22:48:16,731 [INFO] [SEARCH] Could not find visible cutting_board in/on CounterTop
2025-08-01 22:48:16,732 [WARNING] [SEARCH] Could not find visible cutting_board after checking all possible locations
2025-08-01 22:48:16,732 [ERROR] [ERROR] Search failed for cutting_board, requesting user assistance.
2025-08-01 22:48:30,085 [INFO] [SESSION] Added failure record: search_failure
2025-08-01 22:48:52,477 [INFO] [ERROR HANDLING] Analysis: The robot attempted to search for a cutting board but was unable to locate it in the possible locations. This is crucial because the cutting board is likely needed to prepare the tomato before placing it on the plate.
2025-08-01 22:48:53,167 [INFO] [ERROR HANDLING] Asking user for help: I was trying to find a cutting board to prepare the tomato for the task of putting it on the plate, but I couldn't locate one in any of the possible locations. Could you please tell me where the cutting board might be, or if there's an alternative way to prepare the tomato without a cutting board? If the cutting board is in a specific place, please provide details about its location so I can continue with the task.
2025-08-01 22:49:18,005 [INFO] [SESSION] Added QA record: error_assistance question
2025-08-01 22:49:23,723 [INFO] [DEBUG] Parsed strategy: 'modify', reason: 'The user's response indicates that the tomato is in the fridge, which means the current error situation (searching for a cutting board) is not directly related to the user's input. However, the task involves putting the tomato on a plate, and we should focus on retrieving the tomato from the fridge first. Since the cutting board is not immediately relevant based on the user's input, we should modify the task to include retrieving the tomato from the fridge.'
2025-08-01 22:49:23,724 [INFO] [DEBUG] Original LLM result: STRATEGY: modify  
REASON: The user's response indicates that the tomato is in the fridge, which means the current error situation (searching for a cutting board) is not directly related to the user's input. However, the task involves putting the tomato on a plate, and we should focus on retrieving the tomato from the fridge first. Since the cutting board is not immediately relevant based on the user's input, we should modify the task to include retrieving the tomato from the fridge.  
ACTION: search tomato in fridge
2025-08-01 22:49:26,003 [INFO] [ERROR RECOVERY] Strategy: modify
2025-08-01 22:49:27,545 [INFO] [ERROR RECOVERY] Reason: The user's response indicates that the tomato is in the fridge, which means the current error situation (searching for a cutting board) is not directly related to the user's input. However, the task involves putting the tomato on a plate, and we should focus on retrieving the tomato from the fridge first. Since the cutting board is not immediately relevant based on the user's input, we should modify the task to include retrieving the tomato from the fridge.
2025-08-01 22:49:32,630 [INFO] [ERROR RECOVERY] User advised strategy: modify
2025-08-01 22:49:35,798 [INFO] [ERROR RECOVERY] User suggests replanning, implementing replan strategy
2025-08-01 22:49:55,712 [INFO] [DEBUG] LLM response for replan_subtasks_based_on_user_response: Based on the user's feedback that the tomato is in the fridge, we need to revise the task plan to account for this new information. The original plan assumed the tomato was in a different location, but the user has now indicated that it is in the fridge. Therefore, we need to update the plan to include the step of searching for and retrieving the tomato from the fridge.

Here is the revised plan:

<Subtask1>search fridge</Subtask1>  
<Subtask2>search tomato</Subtask2>  
<Subtask3>pick_up tomato</Subtask3>  
<Subtask4>navigate sink</Subtask4>  
<Subtask5>search plate</Subtask5>  
<Subtask6>put tomato plate</Subtask6>  

### Explanation of Changes:
1. **search fridge**: Since the user indicated that the tomato is in the fridge, the first step is to search the fridge for the tomato.
2. **search tomato**: After searching the fridge, we need to locate the tomato specifically within the fridge.
3. **pick_up tomato**: Once the tomato is found, we pick it up.
4. **navigate sink**: The next step is to navigate to the sink, as indicated in the original plan, possibly to wash the tomato.
5. **search plate**: After washing, we search for the plate where the tomato will be placed.
6. **put tomato plate**: Finally, we place the tomato on the plate.

This revised plan ensures that the user's feedback is incorporated, and the task proceeds according to the updated information about the tomato's location.

### Final Answer:
<Subtask1>search fridge</Subtask1>  
<Subtask2>search tomato</Subtask2>  
<Subtask3>pick_up tomato</Subtask3>  
<Subtask4>navigate sink</Subtask4>  
<Subtask5>search plate</Subtask5>  
<Subtask6>put tomato plate</Subtask6>  

$\boxed{\text{search fridge, search tomato, pick_up tomato, navigate sink, search plate, put tomato plate}}$
2025-08-01 22:49:55,714 [INFO] [DEBUG] Parsed matches: [(1, 'search fridge'), (2, 'search tomato'), (3, 'pick_up tomato'), (4, 'navigate sink'), (5, 'search plate'), (6, 'put tomato plate'), (1, 'search fridge'), (2, 'search tomato'), (3, 'pick_up tomato'), (4, 'navigate sink'), (5, 'search plate'), (6, 'put tomato plate')]
2025-08-01 22:50:58,419 [INFO] [DECISIONS] Generated 6 unique actions from 6 total actions
2025-08-01 22:51:10,011 [INFO] [ERROR RECOVERY] Replanned decisions: [{'action': 'search', 'objectType': 'fridge', 'targetObject': None, 'decisionmaking': 'search fridge'}, {'action': 'search', 'objectType': 'tomato', 'targetObject': None, 'decisionmaking': 'search tomato'}, {'action': 'pick_up', 'objectType': 'tomato', 'targetObject': None, 'decisionmaking': 'pick_up tomato'}, {'action': 'navigate', 'objectType': 'sink', 'targetObject': None, 'decisionmaking': 'navigate sink'}, {'action': 'search', 'objectType': 'plate', 'targetObject': None, 'decisionmaking': 'search plate'}, {'action': 'put', 'objectType': 'tomato', 'targetObject': 'plate', 'decisionmaking': 'put tomato plate'}]
2025-08-01 22:51:51,379 [INFO] [EXECUTE] search fridge
2025-08-01 22:51:52,407 [INFO] [SEARCH] Checking Fridge
2025-08-01 22:51:54,442 [INFO] [SEARCH] Fridge is closed, opening for search...
2025-08-01 22:51:54,587 [INFO] [SEARCH] Successfully opened Fridge for searching fridge
2025-08-01 22:51:54,699 [INFO] [SEARCH] Found visible fridge in/on Fridge
2025-08-01 22:52:01,143 [INFO] [EXECUTE] search tomato
2025-08-01 22:52:01,342 [INFO] [SEARCH] Found visible tomato in current view
2025-08-01 22:52:08,203 [INFO] [EXECUTE] pick_up tomato
2025-08-01 22:52:08,389 [INFO] [DEBUG] Looking for tomato to pick_up
2025-08-01 22:52:08,390 [INFO] [DEBUG] Visible objects: ['Drawer(Drawer|+00.65|+00.60|+01.02)', 'Drawer(Drawer|+00.65|+00.85|+01.02)', 'Floor(Floor|+00.00|+00.22|-00.82)', 'Fridge(Fridge|+01.01|+00.23|+01.92)', 'SideTable(SideTable|+00.98|+00.22|+00.87)', 'Tomato(Tomato|+00.92|+01.91|+01.61)']
2025-08-01 22:52:08,390 [INFO] [DEBUG] Selected first matching tomato (ID: Tomato|+00.92|+01.91|+01.61)
2025-08-01 22:52:08,390 [INFO] [DEBUG] Final selected object: Tomato (ID: Tomato|+00.92|+01.91|+01.61)
2025-08-01 22:52:08,391 [INFO] [EXECUTE] Executing pick_up on tomato (ID: Tomato|+00.92|+01.91|+01.61)
2025-08-01 22:52:08,544 [INFO] [SUCCESS] pick_up on tomato completed successfully
2025-08-01 22:52:08,544 [INFO] [DEBUG] Recorded recent interaction: tomato -> Tomato|+00.92|+01.91|+01.61
2025-08-01 22:52:08,547 [INFO] [SEARCH CLEANUP] Closing 1 containers that were opened for search
2025-08-01 22:52:08,607 [INFO] [SEARCH CLEANUP] Closing Fridge (ID: Fridge|+01.01|+00.23|+01.92)
2025-08-01 22:52:09,020 [INFO] [SEARCH CLEANUP] Successfully closed Fridge
2025-08-01 22:52:12,736 [INFO] [EXECUTE] navigate sink
2025-08-01 22:52:19,244 [INFO] [EXECUTE] search plate
2025-08-01 22:52:19,471 [INFO] [SEARCH] Found visible plate in current view
2025-08-01 22:52:25,061 [INFO] [EXECUTE] put tomato plate
2025-08-01 22:52:31,529 [INFO] [EXECUTE] Putting Tomato on/in Plate
2025-08-01 22:52:31,808 [INFO] [SUCCESS] Put action completed successfully
2025-08-01 22:52:31,928 [INFO] [VERIFICATION] Starting task verification...
2025-08-01 22:52:32,243 [INFO] [VERIFY] Saved verification image: /Users/yuanda/Documents/embodied_reasoner/task_planner/data/data_pickup_and_put/FloorPlan3_pickup_and_put_0/verification/final_verification.png
2025-08-01 22:52:40,874 [INFO] [VERIFY] Task verification result: SUCCESS=True, CONFIDENCE=high
2025-08-01 22:52:40,875 [INFO] [VERIFY] Reason: The tomato is clearly placed on a black plate, which is located near the sink. This matches the goal of the task, which was to place the tomato on a plate near the sink. All steps in the plan have been executed as intended.
2025-08-01 22:52:40,875 [INFO] [VERIFICATION] ✓ Task completed successfully! (Confidence: high)
2025-08-01 22:52:40,875 [INFO] [VERIFICATION] Reason: The tomato is clearly placed on a black plate, which is located near the sink. This matches the goal of the task, which was to place the tomato on a plate near the sink. All steps in the plan have been executed as intended.
2025-08-01 22:56:41,376 [INFO] [VERIFICATION] Verification result saved to: /Users/yuanda/Documents/embodied_reasoner/task_planner/data/data_pickup_and_put/FloorPlan3_pickup_and_put_0/verification_result.json
2025-08-01 22:56:41,382 [INFO] [VERIFICATION] Task completed successfully, exiting retry loop.
2025-08-01 22:56:41,461 [INFO] [TASK COMPLETE] Finished task test_001: put tomato on plate
2025-08-01 22:56:41,461 [INFO] All tasks completed successfully!
2025-08-01 22:56:41,461 [INFO] Error paths saved to: ./wrong_generte_path_list.json
2025-08-03 22:30:38,895 [INFO] metadata_path: /Users/yuanda/Documents/embodied_reasoner/data_engine/taskgenerate/kitchens/FloorPlan3/metadata.json
2025-08-03 22:30:38,904 [INFO] Task configuration - USE_TEST_TASKS: True, TEST_TASK_ID: test_001, RUN_ALL_TEST_TASKS: False
2025-08-03 22:30:38,904 [INFO] Looking for test task: test_001
2025-08-03 22:30:38,905 [INFO] Loaded 15 test tasks from /Users/yuanda/Documents/embodied_reasoner/data_engine/test_tasks.json
2025-08-03 22:30:38,905 [INFO] Test task search result: True
2025-08-03 22:30:38,905 [INFO] Will run test task: test_001
2025-08-03 22:30:38,905 [INFO] 

*********************************************************************
2025-08-03 22:30:38,905 [INFO] Running Task ID: test_001
2025-08-03 22:30:38,905 [INFO] Scene:FloorPlan3 Task_Type: pickup_and_put Task: put tomato on plate
2025-08-03 22:30:38,906 [INFO] *********************************************************************

2025-08-03 22:30:38,906 [INFO] taskname: put tomato on plate
2025-08-03 22:30:46,396 [INFO] Initialize return: {'cameraNearPlane': 0.009999999776482582, 'cameraFarPlane': 20.0}
2025-08-03 22:30:46,506 [INFO] Initialization succeeded
2025-08-03 22:30:46,507 [INFO] [ATTEMPT 1/3] Starting task attempt
2025-08-03 22:30:46,567 [WARNING] [RESET] Failed to reset robot position on attempt 1
2025-08-03 22:30:46,625 [INFO] [SESSION] Initialized SessionManager with ID: session_20250803_223046
2025-08-03 22:31:11,672 [INFO] [OBSERVATION] <Observation> 
I see a modern kitchen setup. The CounterTop is made of wood and spans across the room. On the CounterTop, there's a SinkBasin with a Faucet, a toaster, a teapot, a kettle, and some vegetables. To the left, a StoveBurner is visible with a few burners and StoveKnobs. There are Cabinets under the CounterTop and above, with shelves holding WineBottles, glasses, and other kitchen items. A Window is present in the background, allowing natural light in. A HousePlant is placed near the SinkBasin. There are also a few knives on the CounterTop, a PepperShaker, and a SaltShaker. Above the CounterTop, there are shelves holding additional kitchenware and bottles. </Observation>
2025-08-03 22:31:14,079 [INFO] [INITIAL TASK PLANNING] ['Find the tomato', 'Pick up the tomato', 'Find the plate', 'Put the tomato on the plate']
2025-08-03 22:31:15,960 [INFO] [GENERAL QUESTION] Are there any specific instructions regarding the placement of the tomato on the plate, such as orientation, position, or any additional items that should accompany it? For example, should it be placed in the center, or are there other objects that need to be on the plate as well?
2025-08-04 10:49:55,717 [INFO] [SESSION] Added QA record: decision_clarification question
2025-08-04 10:49:55,723 [INFO] [USER RESPONSE] maybe tomato near the sink
2025-08-04 10:50:10,909 [INFO] [RE-PLANNING BASED ON USER RESPONSE]
2025-08-04 10:50:10,910 [INFO] REPLAN?: True
2025-08-04 10:50:10,917 [INFO] Reason: The user's response suggests that the tomato might be located near the sink, which could be different from the robot's current assumption or plan. Replanning is necessary to ensure the robot correctly identifies and retrieves the tomato from the sink area, rather than searching in a different location. This adjustment will improve the efficiency and accuracy of the task.
2025-08-04 10:50:19,197 [INFO] [DEBUG] LLM response for replan_subtasks_based_on_user_response: Here is the revised task plan based on the user's feedback:

<Subtask1>Find the tomato</Subtask1>
<Subtask2>Find the plate</Subtask2>
<Subtask3>Place the plate near the SinkBasin</Subtask3>
<Subtask4>Pick up the tomato</Subtask4>
<Subtask5>Put the tomato on the plate</Subtask5>

### Explanation of Changes:
1. **Find the tomato**: This step remains unchanged as the initial action is to locate the tomato.
2. **Find the plate**: This step is also unchanged, as the plate must be located before placing the tomato on it.
3. **Place the plate near the SinkBasin**: To address the user's request, the plan now includes placing the plate near the SinkBasin before proceeding with the next steps.
4. **Pick up the tomato**: After ensuring the plate is in the desired location, the robot picks up the tomato.
5. **Put the tomato on the plate**: Finally, the tomato is placed on the plate, completing the task as per the user's requirements.

This revised plan ensures that the user's instruction to place the tomato near the sink is directly addressed by positioning the plate in the desired area before placing the tomato on it.
2025-08-04 10:50:19,198 [INFO] [DEBUG] Parsed matches: [(1, 'Find the tomato'), (2, 'Find the plate'), (3, 'Place the plate near the SinkBasin'), (4, 'Pick up the tomato'), (5, 'Put the tomato on the plate')]
2025-08-04 10:50:19,198 [INFO] [REPLAN] Old subtasks: ['Find the tomato', 'Pick up the tomato', 'Find the plate', 'Put the tomato on the plate']
2025-08-04 10:50:19,198 [INFO] [REPLAN] New subtasks: ['Find the tomato', 'Find the plate', 'Place the plate near the SinkBasin', 'Pick up the tomato', 'Put the tomato on the plate']
2025-08-04 10:50:29,738 [INFO] [DECISIONS] Generated 6 unique actions from 6 total actions
2025-08-04 10:50:29,739 [INFO] [SUBTASKS WITH DECISION] [{'action': 'search', 'objectType': 'tomato', 'targetObject': None, 'decisionmaking': 'search tomato'}, {'action': 'search', 'objectType': 'plate', 'targetObject': None, 'decisionmaking': 'search plate'}, {'action': 'navigate', 'objectType': 'SinkBasin', 'targetObject': None, 'decisionmaking': 'navigate SinkBasin'}, {'action': 'put', 'objectType': 'plate', 'targetObject': 'SinkBasin', 'decisionmaking': 'put plate SinkBasin'}, {'action': 'pick_up', 'objectType': 'tomato', 'targetObject': None, 'decisionmaking': 'pick_up tomato'}, {'action': 'put', 'objectType': 'tomato', 'targetObject': 'plate', 'decisionmaking': 'put tomato plate'}]
2025-08-04 10:50:33,406 [INFO] [EXECUTE] search tomato
2025-08-04 10:50:36,502 [INFO] [SEARCH] Checking CounterTop
2025-08-04 10:50:38,952 [INFO] [SEARCH] Could not find visible tomato in/on CounterTop
2025-08-04 10:50:38,952 [WARNING] [SEARCH] Could not find visible tomato after checking all possible locations
2025-08-04 10:50:38,952 [ERROR] [ERROR] Search failed for tomato, requesting user assistance.
2025-08-04 10:50:38,952 [INFO] [SESSION] Added failure record: search_failure
2025-08-04 10:50:43,328 [INFO] [ERROR HANDLING] Analysis: The robot attempted to locate a tomato by searching possible locations but was unable to find it. This suggests that the tomato might not be in any of the usual or expected places where the robot typically searches, or it might be obscured or hidden.
2025-08-04 10:50:43,329 [INFO] [ERROR HANDLING] Asking user for help: I wasn't able to find the tomato during my search. Could you please provide more information about where the tomato might be located or any clues about its current position? For example, is it on a specific surface, near a particular object, or in a container? Additionally, could you confirm if the tomato is in the kitchen or another area? This will help me narrow down the search and locate it more effectively.
2025-08-04 10:51:11,724 [INFO] [SESSION] Added QA record: error_assistance question
2025-08-04 10:51:14,489 [INFO] [DEBUG] Parsed strategy: 'modify', reason: 'The user has provided new information indicating that the tomato is located in the fridge. This information modifies the current search strategy, as the previous search was unsuccessful because it did not include the fridge as a possible location. Now that we know the tomato's location, we can adjust our plan to navigate to the fridge and retrieve the tomato.'
2025-08-04 10:51:14,490 [INFO] [DEBUG] Original LLM result: STRATEGY: modify  
REASON: The user has provided new information indicating that the tomato is located in the fridge. This information modifies the current search strategy, as the previous search was unsuccessful because it did not include the fridge as a possible location. Now that we know the tomato's location, we can adjust our plan to navigate to the fridge and retrieve the tomato.  
ACTION: navigate to the fridge to find the tomato.
2025-08-04 10:51:14,490 [INFO] [ERROR RECOVERY] Strategy: modify
2025-08-04 10:51:14,490 [INFO] [ERROR RECOVERY] Reason: The user has provided new information indicating that the tomato is located in the fridge. This information modifies the current search strategy, as the previous search was unsuccessful because it did not include the fridge as a possible location. Now that we know the tomato's location, we can adjust our plan to navigate to the fridge and retrieve the tomato.
2025-08-04 10:51:14,491 [INFO] [ERROR RECOVERY] User advised strategy: modify
2025-08-04 10:51:14,491 [INFO] [ERROR RECOVERY] User suggests replanning, implementing replan strategy
2025-08-04 10:52:02,517 [INFO] [DEBUG] LLM response for replan_subtasks_based_on_user_response: Based on the user's feedback that the tomato is located in the fridge, we need to adjust the original plan to include a search for the tomato in the fridge and navigate to it. The revised plan should prioritize finding the tomato in the fridge and then proceed with the remaining tasks. Here is the revised subtask sequence:

```plaintext
<Subtask1>search plate</Subtask1>
<Subtask2>navigate SinkBasin</Subtask2>
<Subtask3>put plate SinkBasin</Subtask3>
<Subtask4>navigate Fridge</Subtask4>
<Subtask5>search tomato Fridge</Subtask5>
<Subtask6>pick_up tomato</Subtask6>
<Subtask7>return to SinkBasin</Subtask7>
<Subtask8>put tomato plate</Subtask8>
```

### Explanation of the Revised Plan:
1. **search plate**: The plate is still needed, so we start by searching for it.
2. **navigate SinkBasin**: Move to the sink basin to place the plate.
3. **put plate SinkBasin**: Place the plate in the sink basin as per the original plan.
4. **navigate Fridge**: Move to the fridge since the tomato is located there.
5. **search tomato Fridge**: Search for the tomato specifically in the fridge.
6. **pick_up tomato**: Once found, pick up the tomato.
7. **return to SinkBasin**: Navigate back to the sink basin where the plate is located.
8. **put tomato plate**: Place the tomato on the plate.

This revised plan incorporates the user's feedback and adjusts the order to prioritize finding the tomato in the fridge before continuing with the remaining tasks.<|endoftext|><|im_start|>
<|im_start|>
<|endoftext|><|im_start|>
<|im_start|>
<|im_start|>
<|im_start|>
<|im_start|>
<|im_start|>
<|im_start|>
<|im_start|>
<|im_start|>
<|im_start|>
<|im_start|>
<|im_start|>
<|im_start|>
<|im_start|>
<|im_start|>
<|im_start|>
<|im_start|>
<|im_start|>
<|im_start|>
<|im_start|>
<|im_start|>
<|im_start|>
<|im_start|>
<|im_start|>
<|im_start|>
<|im_start|>
<|im_start|>
<|im_start|>
<|im_start|>
<|im_start|>
<|im_start|>
<|im_start|>
<|im_start|>
<|im_start|>
<|im_start|>
<|im_start|>
<|im_start|>
<|im_start|>
<|im_start|>
<|im_start|>
<|im_start|>
<|im_start|>
<|im_start|>
<|im_start|>
<|im_start|>
<|im_start|>
<|im_start|>
<|im_start|>
<|im_start|>
<|im_start|>
<|im_start|>
<|im_start|>
<|im_start|>
<|im_start|>
<|im_start|>
<|im_start|>
<|im_start|>
<|im_start|>
<|im_start|>
<|im_start|>
<|im_start|>
<|im_start|>
<|im_start|>
<|im_start|>
<|im_start|>
<|im_start|>
<|im_start|>
<|im_start|>
<|im_start|>
<|im_start|>
<|im_start|>
<|im_start|>
<|im_start|>
<|im_start|>
<|im_start|>
<|im_start|>
<|im_start|>
<|im_start|>
<|im_start|>
<|im_start|>
<|im_start|>
<|im_start|>
<|im_start|>
<|im_start|>
<|im_start|>
<|im_start|>
<|im_start|>
<|im_start|>
<|im_start|>
<|im_start|>
<|im_start|>
<|im_start|>
<|im_start|>
<|im_start|>
<|im_start|>
<|im_start|>
<|im_start|>
<|im_start|>
<|im_start|>
<|im_start|>
<|im_start|>
<|im_start|>
<|im_start|>
<|im_start|>
<|im_start|>
<|im_start|>
<|im_start|>
<|im_start|>
<|im_start|>
<|im_start|>
<|im_start|>
<|im_start|>
<|im_start|>
<|im_start|>
<|im_start|>
<|im_start|>
<|im_start|>
<|im_start|>
<|im_start|>
<|im_start|>
<|im_start|>
<|im_start|>
<|im_start|>
<|im_start|>
<|im_start|>
<|im_start|>
<|im_start|>
<|im_start|>
<|endoftext|><|im_start|>
<|im_start|>
<|im_start|>
<|im_start|>
<|im_start|>
<|im_start|>
<|im_start|>
<|im_start|>
<|im_start|>
<|im_start|>
<|im_start|>
<|im_start|>
<|im_start|>
<|im_start|>
<|im_start|>
<|im_start|>
<|im_start|>
<|im_start|>
<|im_start|>
<|im_start|>
<|im_start|>
<|im_start|>
<|im_start|>
<|im_start|>
<|im_start|>
<|im_start|>
<|im_start|>
<|im_start|>
<|im_start|>
<|im_start|>
<|im_start|>
<|im_start|>
<|im_start|>
<|im_start|>
<|im_start|>
<|im_start|>
<|im_start|>
<|im_start|>
<|im_start|>
<|im_start|>
<|im_start|>
<|im_start|>
<|im_start|>
<|im_start|>
<|im_start|>
<|im_start|>
<|im_start|>
<|im_start|>
<|im_start|>
<|im_start|>
<|im_start|>
<|im_start|>
<|im_start|>
<|im_start|>
<|im_start|>
<|im_start|>
<|im_start|>
<|im_start|>
<|im_start|>
<|im_start|>
<|im_start|>
<|im_start|>
<|im_start|>
<|im_start|>
<|im_start|>
<|im_start|>
<|im_start|>
<|im_start|>
<|im_start|>
<|im_start|>
<|im_start|>
<|im_start|>
<|im_start|>
<|im_start|>
<|im_start|>
<|im_start|>
<|im_start|>
<|im_start|>
<|im_start|>
<|im_start|>
<|im_start|>
<|im_start|>
<|im_start|>
<|im_start|>
<|im_start|>
<|im_start|>
<|im_start|>
<|im_start|>
<|im_start|>
<|im_start|>
<|im_start|>
<|im_start|>
<|im_start|>
<|im_start|>
<|im_start|>
<|im_start|>
<|im_start|>
<|im_start|>
<|im_start|>
<|im_start|>
<|im_start|>
<|im_start|>
<|im_start|>
<|im_start|>
<|im_start|>
<|im_start|>
<|im_start|>
<|im_start|>
<|im_start|>
<|im_start|>
<|im_start|>
<|im_start|>
<|im_start|>
<|im_start|>
<|im_start|>
<|im_start|>
<|im_start|>
<|im_start|>
<|im_start|>
<|im_start|>
<|im_start|>
<|im_start|>
<|im_start|>
<|im_start|>
<|im_start|>
<|im_start|>
<|im_start|>
<|im_start|>
<|im_start|>
<|im_start|>
<|im_start|>
<|im_start|>
<|im_start|>
<|im_start|>
<|im_start|>
<|im_start|>
<|im_start|>
<|im_start|>
<|im_start|>
<|im_start|>
<|im_start|>
<|im_start|>
<|im_start|>
<|im_start|>
<|im_start|>
<|im_start|>
<|im_start|>
<|im_start|>
<|im_start|>
<|im_start|>
<|im_start|>
<|im_start|>
<|im_start|>
<|im_start|>
<|im_start|>
<|im_start|>
<|im_start|>
<|im_start|>
<|im_start|>
<|im_start|>
<|im_start|>
<|im_start|>
<|im_start|>
<|im_start|>
<|im_start|>
<|im_start|>
<|im_start|>
<|im_start|>
<|im_start|>
<|im_start|>
<|im_start|>
<|im_start|>
<|im_start|>
<|im_start|>
<|im_start|>
<|im_start|>
<|im_start|>
<|im_start|>
<|im_start|>
<|im_start|>
<|im_start|>
<|im_start|>
<|im_start|>
<|im_start|>
<|im_start|>
<|im_start|>
<|im_start|>
<|im_start|>
<|im_start|>
<|im_start|>
<|im_start|>
<|im_start|>
<|im_start|>
<|im_start|>
<|im_start|>
<|im_start|>
<|im_start|>
<|im_start|>
<|im_start|>
<|im_start|>
<|im_start|>
<|im_start|>
<|im_start|>
<|im_start|>
<|im_start|>
<|im_start|>
<|im_start|>
<|im_start|>
<|im_start|>
<|im_start|>
<|im_start|>
<|im_start|>
<|im_start|>
<|im_start|>
<|im_start|>
<|im_start|>
<|im_start|>
<|im_start|>
<|im_start|>
<|im_start|>
<|im_start|>
<|im_start|>
<|im_start|>
<|im_start|>
<|im_start|>
<|im_start|>
<|im_start|>
<|im_start|>
<|im_start|>
<|im_start|>
<|im_start|>
<|im_start|>
<|im_start|>
<|im_start|>
<|im_start|>
<|im_start|>
<|im_start|>
<|im_start|>
<|im_start|>
<|im_start|>
<|im_start|>
<|im_start|>
<|im_start|>
<|im_start|>
<|im_start|>
<|im_start|>
<|im_start|>
<|im_start|>
<|im_start|>
<|im_start|>
<|im_start|>
<|im_start|>
<|im_start|>
<|im_start|>
<|im_start|>
<|im_start|>
<|im_start|>
<|im_start|>
<|im_start|>
<|im_start|>
<|im_start|>
<|im_start|>
<|im_start|>
<|im_start|>
<|im_start|>
<|im_start|>
<|im_start|>
<|im_start|>
<|im_start|>
<|im_start|>
<|im_start|>
<|im_start|>
<|im_start|>
<|im_start|>
<|im_start|>
<|im_start|>
<|im_start|>
<|im_start|>
<|im_start|>
<|im_start|>
<|im_start|>
<|im_start|>
<|im_start|>
<|im_start|>
<|im_start|>
<|im_start|>
<|im_start|>
<|im_start|>
<|im_start|>
<|im_start|>
<|im_start|>
<|im_start|>
<|im_start|>
<|im_start|>
<|im_start|>
<|im_start|>
<|im_start|>
<|endoftext|><|im_start|>
<|im_start|>
<|im_start|>
<|im_start|>
<|im_start|>
<|im_start|>
<|im_start|>
<|im_start|>
<|im_start|>
<|im_start|>
<|im_start|>
<|im_start|>
<|im_start|>
<|im_start|>
<|im_start|>
<|im_start|>
<|im_start|>
<|im_start|>
<|im_start|>
<|im_start|>
<|im_start|>
<|im_start|>
<|im_start|>
<|im_start|>
<|im_start|>
<|im_start|>
<|im_start|>
<|im_start|>
<|im_start|>
<|im_start|>
<|im_start|>
<|im_start|>
<|im_start|>
<|im_start|>
<|im_start|>
<|im_start|>
<|im_start|>
<|im_start|>
<|im_start|>
<|im_start|>
<|im_start|>
<|im_start|>
<|im_start|>
<|im_start|>
<|im_start|>
<|im_start|>
<|im_start|>
<|im_start|>
<|im_start|>
<|im_start|>
<|im_start|>
<|im_start|>
<|im_start|>
<|im_start|>
<|im_start|>
<|im_start|>
<|im_start|>
<|im_start|>
<|im_start|>
<|im_start|>
<|im_start|>
<|im_start|>
<|im_start|>
<|im_start|>
<|im_start|>
<|im_start|>
<|im_start|>
<|im_start|>
<|im_start|>
<|im_start|>
<|im_start|>
<|im_start|>
<|im_start|>
<|im_start|>
<|im_start|>
<|im_start|>
<|im_start|>
<|im_start|>
<|im_start|>
<|im_start|>
<|im_start|>
<|im_start|>
<|im_start|>
<|im_start|>
<|im_start|>
<|im_start|>
<|im_start|>
<|im_start|>
<|im_start|>
<|im_start|>
<|im_start|>
<|im_start|>
<|im_start|>
<|im_start|>
<|im_start|>
<|im_start|>
<|im_start|>
<|im_start|>
<|im_start|>
<|im_start|>
<|im_start|>
<|im_start|>
<|im_start|>
<|im_start|>
<|im_start|>
<|im_start|>
<|im_start|>
<|im_start|>
<|im_start|>
<|im_start|>
<|im_start|>
<|im_start|>
<|im_start|>
<|im_start|>
<|im_start|>
<|im_start|>
<|im_start|>
<|im_start|>
<|im_start|>
<|im_start|>
<|im_start|>
<|im_start|>
<|im_start|>
<|im_start|>
<|im_start|>
<|im_start|>
<|im_start|>
<|im_start|>
<|im_start|>
<|im_start|>
<|im_start|>
<|im_start|>
<|im_start|>
<|im_start|>
<|im_start|>
<|im_start|>
<|im_start|>
<|im_start|>
<|im_start|>
<|im_start|>
<|im_start|>
<|im_start|>
<|im_start|>
2025-08-04 10:52:02,520 [INFO] [DEBUG] Parsed matches: [(1, 'search plate'), (2, 'navigate SinkBasin'), (3, 'put plate SinkBasin'), (4, 'navigate Fridge'), (5, 'search tomato Fridge'), (6, 'pick_up tomato'), (7, 'return to SinkBasin'), (8, 'put tomato plate')]
2025-08-04 10:52:45,913 [INFO] metadata_path: /Users/yuanda/Documents/embodied_reasoner/data_engine/taskgenerate/kitchens/FloorPlan3/metadata.json
2025-08-04 10:52:45,916 [INFO] Task configuration - USE_TEST_TASKS: True, TEST_TASK_ID: test_001, RUN_ALL_TEST_TASKS: False
2025-08-04 10:52:45,916 [INFO] Looking for test task: test_001
2025-08-04 10:52:45,916 [INFO] Loaded 15 test tasks from /Users/yuanda/Documents/embodied_reasoner/data_engine/test_tasks.json
2025-08-04 10:52:45,916 [INFO] Test task search result: True
2025-08-04 10:52:45,916 [INFO] Will run test task: test_001
2025-08-04 10:52:45,916 [INFO] 

*********************************************************************
2025-08-04 10:52:45,916 [INFO] Running Task ID: test_001
2025-08-04 10:52:45,916 [INFO] Scene:FloorPlan3 Task_Type: pickup_and_put Task: put tomato on plate
2025-08-04 10:52:45,916 [INFO] *********************************************************************

2025-08-04 10:52:45,917 [INFO] taskname: put tomato on plate
2025-08-04 10:52:53,203 [INFO] Initialize return: {'cameraNearPlane': 0.009999999776482582, 'cameraFarPlane': 20.0}
2025-08-04 10:52:53,356 [INFO] Initialization succeeded
2025-08-04 10:52:53,356 [INFO] [ATTEMPT 1/3] Starting task attempt
2025-08-04 10:52:53,422 [WARNING] [RESET] Failed to reset robot position on attempt 1
2025-08-04 10:52:53,489 [INFO] [SESSION] Initialized SessionManager with ID: session_20250804_105253
2025-08-04 10:53:04,785 [INFO] [OBSERVATION] <Observation>
I see a well-lit kitchen with a large wooden countertop. On the countertop, there is a toaster, a kettle, a coffee machine, and a cutting board with fruits and vegetables. A sink with a faucet is present, and a houseplant is placed nearby. Above the countertop, there are shelves holding wine bottles and glasses. Below, there are cabinets with drawers. To the left, a stove with a burner is visible, and a window is positioned above the sink, allowing natural light to enter. There are also some knives on the countertop, and a bowl is placed near the sink.
</Observation>
2025-08-04 10:53:07,064 [INFO] [INITIAL TASK PLANNING] ['Find the tomato on the countertop.', 'Pick up the tomato.', 'Find the plate on the countertop or nearby.', 'Put the tomato on the plate.']
2025-08-04 10:53:08,902 [INFO] [GENERAL QUESTION] Are there any specific criteria or constraints for selecting the tomato or the plate? For example, should the tomato be ripe or a certain size? Should the plate be a particular type or material? Or should the tomato be washed or prepared in any way before placing it on the plate?
2025-08-04 10:53:20,073 [INFO] [SESSION] Added QA record: decision_clarification question
2025-08-04 10:53:20,075 [INFO] [USER RESPONSE] tomato near the sink
2025-08-04 10:53:22,589 [INFO] [RE-PLANNING BASED ON USER RESPONSE]
2025-08-04 10:53:22,589 [INFO] REPLAN?: True
2025-08-04 10:53:22,590 [INFO] Reason: The user's response indicates that the tomato is located near the sink, which is different from the initial assumption that the tomato is on the countertop. This change in location requires updating the plan to ensure the robot can efficiently locate and pick up the tomato. Therefore, replanning is necessary to adjust the search area for the tomato.
2025-08-04 10:54:11,337 [INFO] [DEBUG] LLM response for replan_subtasks_based_on_user_response: Based on the user's feedback that the tomato should be near the sink, we need to prioritize finding the tomato in that specific location. The revised plan will reflect this by adjusting the order of subtasks to focus on the area near the sink first. Here is the revised plan:

<Subtask1>Find the tomato near the sink.</Subtask1>
<Subtask2>Pick up the tomato.</Subtask2>
<Subtask3>Find the plate on the countertop or nearby.</Subtask3>
<Subtask4>Put the tomato on the plate.</Subtask4>

### Explanation of the Changes:
1. **Find the tomato near the sink**: The user's specific request to focus on a tomato near the sink is incorporated as the first step. This ensures the plan adheres to their preference.
2. **Pick up the tomato**: After locating the tomato near the sink, the robot proceeds to pick it up.
3. **Find the plate on the countertop or nearby**: The task of finding the plate remains unchanged, as there were no specific constraints provided about the plate.
4. **Put the tomato on the plate**: The final step remains the same, ensuring the task is completed as requested.

This revised plan directly addresses the user's specific instruction while maintaining the overall goal of putting the tomato on a plate.<|endoftext|><|im_start|>
<|im_start|>
<|im_start|>
<|im_start|>
<|im_start|>
<|im_start|>
<|im_start|>
<|im_start|>
<|im_start|>
<|im_start|>
<|im_start|>
<|im_start|>
<|im_start|>
<|im_start|>
<|im_start|>
<|im_start|>
<|im_start|>
<|im_start|>
<|im_start|>
<|im_start|>
<|im_start|>
<|im_start|>
<|im_start|>
<|im_start|>
<|im_start|>
<|im_start|>
<|im_start|>
<|im_start|>
<|im_start|>
<|im_start|>
<|im_start|>
<|im_start|>
<|im_start|>
<|im_start|>
<|im_start|>
<|im_start|>
<|im_start|>
<|im_start|>
<|im_start|>
<|im_start|>
<|im_start|>
<|im_start|>
<|im_start|>
<|im_start|>
<|im_start|>
<|im_start|>
<|im_start|>
<|im_start|>
<|im_start|>
<|im_start|>
<|im_start|>
<|im_start|>
<|im_start|>
<|im_start|>
<|im_start|>
<|im_start|>
<|im_start|>
<|im_start|>
<|im_start|>
<|im_start|>
<|im_start|>
<|im_start|>
<|im_start|>
<|im_start|>
<|im_start|>
<|im_start|>
<|im_start|>
<|im_start|>
<|im_start|>
<|im_start|>
<|im_start|>
<|im_start|>
<|im_start|>
<|im_start|>
<|im_start|>
<|im_start|>
<|im_start|>
<|im_start|>
<|im_start|>
<|im_start|>
<|im_start|>
<|im_start|>
<|im_start|>
<|im_start|>
<|im_start|>
<|im_start|>
<|im_start|>
<|im_start|>
<|im_start|>
<|im_start|>
<|im_start|>
<|im_start|>
<|im_start|>
<|im_start|>
<|im_start|>
<|im_start|>
<|im_start|>
<|im_start|>
<|im_start|>
<|im_start|>
<|im_start|>
<|im_start|>
<|im_start|>
<|im_start|>
<|im_start|>
<|im_start|>
<|im_start|>
<|im_start|>
<|im_start|>
<|im_start|>
<|im_start|>
<|im_start|>
<|im_start|>
<|im_start|>
<|im_start|>
<|im_start|>
<|im_start|>
<|im_start|>
<|im_start|>
<|im_start|>
<|im_start|>
<|im_start|>
<|im_start|>
<|im_start|>
<|im_start|>
<|im_start|>
<|im_start|>
<|im_start|>
<|im_start|>
<|im_start|>
<|im_start|>
<|im_start|>
<|im_start|>
<|im_start|>
<|im_start|>
<|im_start|>
<|im_start|>
<|im_start|>
<|im_start|>
<|im_start|>
<|im_start|>
<|im_start|>
<|im_start|>
<|im_start|>
<|im_start|>
<|im_start|>
<|im_start|>
<|im_start|>
<|im_start|>
<|im_start|>
<|im_start|>
<|im_start|>
<|im_start|>
<|im_start|>
<|im_start|>
<|im_start|>
<|im_start|>
<|im_start|>
<|im_start|>
<|im_start|>
<|im_start|>
<|im_start|>
<|im_start|>
<|im_start|>
<|im_start|>
<|im_start|>
<|im_start|>
<|im_start|>
<|im_start|>
<|im_start|>
<|im_start|>
<|im_start|>
<|im_start|>
<|im_start|>
<|im_start|>
<|im_start|>
<|im_start|>
<|im_start|>
<|im_start|>
<|im_start|>
<|im_start|>
<|im_start|>
<|im_start|>
<|im_start|>
<|im_start|>
<|im_start|>
<|im_start|>
<|im_start|>
<|im_start|>
<|im_start|>
<|im_start|>
<|im_start|>
<|im_start|>
<|im_start|>
<|im_start|>
<|im_start|>
<|im_start|>
<|im_start|>
<|im_start|>
<|im_start|>
<|im_start|>
<|im_start|>
<|im_start|>
<|im_start|>
<|im_start|>
<|im_start|>
<|im_start|>
<|im_start|>
<|endoftext|><|im_start|>
<|im_start|>
<|im_start|>
<|im_start|>
<|im_start|>
<|im_start|>
<|im_start|>
<|im_start|>
<|im_start|>
<|im_start|>
<|im_start|>
<|im_start|>
<|im_start|>
<|im_start|>
<|im_start|>
<|im_start|>
<|im_start|>
<|im_start|>
<|im_start|>
<|im_start|>
<|im_start|>
<|im_start|>
<|im_start|>
<|im_start|>
<|im_start|>
<|im_start|>
<|im_start|>
<|im_start|>
<|im_start|>
<|im_start|>
<|im_start|>
<|im_start|>
<|im_start|>
<|im_start|>
<|im_start|>
<|im_start|>
<|im_start|>
<|im_start|>
<|im_start|>
<|im_start|>
<|im_start|>
<|im_start|>
<|im_start|>
<|im_start|>
<|im_start|>
<|im_start|>
<|im_start|>
<|im_start|>
<|im_start|>
<|im_start|>
<|im_start|>
<|im_start|>
<|im_start|>
<|im_start|>
<|im_start|>
<|im_start|>
<|im_start|>
<|im_start|>
<|im_start|>
<|im_start|>
<|im_start|>
<|im_start|>
<|im_start|>
<|im_start|>
<|im_start|>
<|im_start|>
<|im_start|>
<|im_start|>
<|im_start|>
<|im_start|>
<|im_start|>
<|im_start|>
<|im_start|>
<|im_start|>
<|im_start|>
<|im_start|>
<|im_start|>
<|im_start|>
<|im_start|>
<|im_start|>
<|im_start|>
<|im_start|>
<|im_start|>
<|im_start|>
<|im_start|>
<|im_start|>
<|im_start|>
<|im_start|>
<|im_start|>
<|im_start|>
<|im_start|>
<|im_start|>
<|im_start|>
<|im_start|>
<|im_start|>
<|im_start|>
<|im_start|>
<|im_start|>
<|im_start|>
<|im_start|>
<|im_start|>
<|im_start|>
<|im_start|>
<|im_start|>
<|im_start|>
<|im_start|>
<|im_start|>
<|im_start|>
<|im_start|>
<|im_start|>
<|im_start|>
<|im_start|>
<|im_start|>
<|im_start|>
<|im_start|>
<|im_start|>
<|im_start|>
<|im_start|>
<|im_start|>
<|im_start|>
<|im_start|>
<|im_start|>
<|im_start|>
<|im_start|>
<|im_start|>
<|im_start|>
<|im_start|>
<|im_start|>
<|im_start|>
<|im_start|>
<|im_start|>
<|im_start|>
<|im_start|>
<|im_start|>
<|im_start|>
<|im_start|>
<|im_start|>
<|im_start|>
<|im_start|>
<|im_start|>
<|im_start|>
<|im_start|>
<|im_start|>
<|im_start|>
<|im_start|>
<|im_start|>
<|im_start|>
<|im_start|>
<|im_start|>
<|im_start|>
<|im_start|>
<|im_start|>
<|im_start|>
<|im_start|>
<|im_start|>
<|im_start|>
<|im_start|>
<|im_start|>
<|im_start|>
<|im_start|>
<|im_start|>
<|im_start|>
<|im_start|>
<|im_start|>
<|im_start|>
<|im_start|>
<|im_start|>
<|im_start|>
<|im_start|>
<|im_start|>
<|im_start|>
<|im_start|>
<|im_start|>
<|im_start|>
<|im_start|>
<|im_start|>
<|im_start|>
<|im_start|>
<|im_start|>
<|im_start|>
<|im_start|>
<|im_start|>
<|im_start|>
<|im_start|>
<|im_start|>
<|im_start|>
<|im_start|>
<|im_start|>
<|im_start|>
<|im_start|>
<|im_start|>
<|im_start|>
<|im_start|>
<|im_start|>
<|im_start|>
<|im_start|>
<|im_start|>
<|im_start|>
<|im_start|>
<|im_start|>
<|im_start|>
<|im_start|>
<|im_start|>
<|im_start|>
<|im_start|>
<|im_start|>
<|im_start|>
<|im_start|>
<|im_start|>
<|im_start|>
<|im_start|>
<|im_start|>
<|im_start|>
<|im_start|>
<|im_start|>
<|im_start|>
<|im_start|>
<|im_start|>
<|im_start|>
<|im_start|>
<|im_start|>
<|im_start|>
<|im_start|>
<|im_start|>
<|im_start|>
<|im_start|>
<|im_start|>
<|im_start|>
<|im_start|>
<|im_start|>
<|im_start|>
<|im_start|>
<|im_start|>
<|im_start|>
<|im_start|>
<|im_start|>
<|im_start|>
<|im_start|>
<|im_start|>
<|im_start|>
<|im_start|>
<|im_start|>
<|im_start|>
<|im_start|>
<|im_start|>
<|im_start|>
<|im_start|>
<|im_start|>
<|im_start|>
<|im_start|>
<|im_start|>
<|im_start|>
<|im_start|>
<|im_start|>
<|im_start|>
<|im_start|>
<|im_start|>
<|im_start|>
<|im_start|>
<|im_start|>
<|im_start|>
<|im_start|>
<|im_start|>
<|im_start|>
<|im_start|>
<|im_start|>
<|im_start|>
<|im_start|>
<|im_start|>
<|im_start|>
<|im_start|>
<|im_start|>
<|im_start|>
<|im_start|>
<|im_start|>
<|im_start|>
<|im_start|>
<|im_start|>
<|im_start|>
<|im_start|>
<|im_start|>
<|im_start|>
<|im_start|>
<|im_start|>
<|im_start|>
<|im_start|>
<|im_start|>
<|im_start|>
<|im_start|>
<|im_start|>
<|im_start|>
<|im_start|>
<|im_start|>
<|im_start|>
<|im_start|>
<|im_start|>
<|im_start|>
<|im_start|>
<|im_start|>
<|im_start|>
<|im_start|>
<|im_start|>
<|im_start|>
<|im_start|>
<|im_start|>
<|im_start|>
<|im_start|>
<|im_start|>
<|im_start|>
<|im_start|>
<|im_start|>
<|im_start|>
<|im_start|>
<|im_start|>
<|im_start|>
<|im_start|>
<|im_start|>
<|im_start|>
<|im_start|>
<|im_start|>
<|im_start|>
<|im_start|>
<|im_start|>
<|im_start|>
<|im_start|>
<|im_start|>
<|im_start|>
<|im_start|>
<|im_start|>
<|im_start|>
<|im_start|>
<|im_start|>
<|im_start|>
<|im_start|>
<|im_start|>
<|im_start|>
<|im_start|>
<|im_start|>
<|im_start|>
<|im_start|>
<|im_start|>
<|im_start|>
<|im_start|>
<|im_start|>
<|im_start|>
<|im_start|>
<|im_start|>
<|im_start|>
<|im_start|>
<|im_start|>
<|im_start|>
<|im_start|>
<|im_start|>
<|im_start|>
<|im_start|>
<|im_start|>
<|im_start|>
<|im_start|>
<|im_start|>
<|im_start|>
<|im_start|>
<|im_start|>
<|im_start|>
<|im_start|>
<|im_start|>
<|im_start|>
<|im_start|>
<|im_start|>
<|im_start|>
<|im_start|>
<|im_start|>
<|im_start|>
<|im_start|>
<|im_start|>
<|im_start|>
<|im_start|>
<|im_start|>
<|im_start|>
<|im_start|>
<|im_start|>
<|im_start|>
<|im_start|>
<|im_start|>
<|im_start|>
<|im_start|>
<|im_start|>
<|im_start|>
<|im_start|>
<|im_start|>
<|im_start|>
<|im_start|>
<|im_start|>
<|im_start|>
<|im_start|>
<|im_start|>
<|im_start|>
<|im_start|>
<|im_start|>
<|im_start|>
<|im_start|>
<|im_start|>
<|im_start|>
<|im_start|>
<|im_start|>
<|im_start|>

2025-08-04 10:54:11,342 [INFO] [DEBUG] Parsed matches: [(1, 'Find the tomato near the sink.'), (2, 'Pick up the tomato.'), (3, 'Find the plate on the countertop or nearby.'), (4, 'Put the tomato on the plate.')]
2025-08-04 10:54:11,345 [INFO] [REPLAN] Old subtasks: ['Find the tomato on the countertop.', 'Pick up the tomato.', 'Find the plate on the countertop or nearby.', 'Put the tomato on the plate.']
2025-08-04 10:54:11,346 [INFO] [REPLAN] New subtasks: ['Find the tomato near the sink.', 'Pick up the tomato.', 'Find the plate on the countertop or nearby.', 'Put the tomato on the plate.']
2025-08-04 10:55:00,384 [INFO] [DECISIONS] Generated 4 unique actions from 4 total actions
2025-08-04 10:55:00,387 [INFO] [SUBTASKS WITH DECISION] [{'action': 'search', 'objectType': 'tomato', 'targetObject': 'sink', 'decisionmaking': 'search tomato sink'}, {'action': 'pick_up', 'objectType': 'tomato', 'targetObject': None, 'decisionmaking': 'pick_up tomato'}, {'action': 'search', 'objectType': 'plate', 'targetObject': 'countertop', 'decisionmaking': 'search plate countertop'}, {'action': 'put', 'objectType': 'tomato', 'targetObject': 'plate', 'decisionmaking': 'put tomato plate'}]
2025-08-04 10:55:03,218 [INFO] [EXECUTE] search tomato sink
2025-08-04 10:55:04,068 [INFO] [SEARCH] Checking Sink
2025-08-04 10:55:05,791 [INFO] [SEARCH] Could not find visible tomato in/on Sink
2025-08-04 10:55:05,792 [WARNING] [SEARCH] Could not find visible tomato after checking all possible locations
2025-08-04 10:55:05,792 [ERROR] [ERROR] Search failed for tomato, requesting user assistance.
2025-08-04 10:55:05,792 [INFO] [SESSION] Added failure record: search_failure
2025-08-04 10:55:10,233 [INFO] [ERROR HANDLING] Analysis: The robot attempted to find a tomato but was unsuccessful. It searched through possible locations but couldn't locate a tomato. This suggests that either the tomato is not where it was expected to be, or the search strategy used by the robot needs adjustment.
2025-08-04 10:55:10,234 [INFO] [ERROR HANDLING] Asking user for help: The robot was unable to find the tomato while searching possible locations. Could you please provide more specific guidance on where the tomato might be? For example, is it in a specific container, a particular part of the kitchen, or perhaps on a different surface? Additionally, could you confirm if there are any special characteristics about the tomato (e.g., color, size, or location) that might help the robot locate it more effectively?
2025-08-04 10:55:46,737 [INFO] [SESSION] Added QA record: error_assistance question
2025-08-04 10:55:48,512 [INFO] [DEBUG] Parsed strategy: 'modify', reason: 'The user has provided additional information indicating that the tomato is located in the fridge. This modifies the search strategy, as the robot now knows the specific location to check for the tomato.'
2025-08-04 10:55:48,512 [INFO] [DEBUG] Original LLM result: STRATEGY: modify  
REASON: The user has provided additional information indicating that the tomato is located in the fridge. This modifies the search strategy, as the robot now knows the specific location to check for the tomato.  
ACTION: search tomato in fridge  
2025-08-04 10:55:48,512 [INFO] [ERROR RECOVERY] Strategy: modify
2025-08-04 10:55:48,513 [INFO] [ERROR RECOVERY] Reason: The user has provided additional information indicating that the tomato is located in the fridge. This modifies the search strategy, as the robot now knows the specific location to check for the tomato.
2025-08-04 10:55:48,513 [INFO] [ERROR RECOVERY] User advised strategy: modify
2025-08-04 10:55:48,513 [INFO] [ERROR RECOVERY] User suggests replanning, implementing replan strategy
2025-08-04 10:55:55,341 [INFO] [DEBUG] LLM response for replan_subtasks_based_on_user_response: Based on the user's feedback that the tomato is in the fridge, the revised plan should adjust the original sequence to account for searching the fridge instead of the sink. Here is the revised subtask sequence:

```
<Subtask1>search tomato fridge</Subtask1>
<Subtask2>pick_up tomato</Subtask2>
<Subtask3>search plate countertop</Subtask3>
<Subtask4>put tomato plate</Subtask4>
```

### Explanation:
1. **search tomato fridge**: The user explicitly mentioned that the tomato is in the fridge, so the first step is to search for the tomato in the fridge.
2. **pick_up tomato**: Once the tomato is found in the fridge, the robot will pick it up.
3. **search plate countertop**: After picking up the tomato, the robot will search for the plate on the countertop.
4. **put tomato plate**: Finally, the robot will place the tomato on the plate.

This revised plan incorporates the user's feedback and adjusts the order of actions to prioritize the user's specific instruction.
2025-08-04 10:55:55,342 [INFO] [DEBUG] Parsed matches: [(1, 'search tomato fridge'), (2, 'pick_up tomato'), (3, 'search plate countertop'), (4, 'put tomato plate')]
2025-08-04 10:56:44,020 [INFO] [DECISIONS] Generated 4 unique actions from 4 total actions
2025-08-04 10:56:44,022 [INFO] [ERROR RECOVERY] Replanned decisions: [{'action': 'search', 'objectType': 'tomato', 'targetObject': 'fridge', 'decisionmaking': 'search tomato fridge'}, {'action': 'pick_up', 'objectType': 'tomato', 'targetObject': None, 'decisionmaking': 'pick_up tomato'}, {'action': 'search', 'objectType': 'plate', 'targetObject': 'countertop', 'decisionmaking': 'search plate countertop'}, {'action': 'put', 'objectType': 'tomato', 'targetObject': 'plate', 'decisionmaking': 'put tomato plate'}]
2025-08-04 10:56:46,572 [INFO] [EXECUTE] search tomato fridge
2025-08-04 10:56:47,268 [INFO] [SEARCH] Checking Fridge
2025-08-04 10:56:49,281 [INFO] [SEARCH] Fridge is closed, opening for search...
2025-08-04 10:56:49,418 [INFO] [SEARCH] Successfully opened Fridge for searching tomato
2025-08-04 10:56:49,532 [INFO] [SEARCH] Found visible tomato in/on Fridge
2025-08-04 10:56:53,407 [INFO] [EXECUTE] pick_up tomato
2025-08-04 10:56:53,533 [INFO] [DEBUG] Looking for tomato to pick_up
2025-08-04 10:56:53,533 [INFO] [DEBUG] Visible objects: ['Drawer(Drawer|+00.65|+00.60|+01.02)', 'Drawer(Drawer|+00.65|+00.85|+01.02)', 'Floor(Floor|+00.00|+00.22|-00.82)', 'Fridge(Fridge|+01.01|+00.23|+01.92)', 'SideTable(SideTable|+00.98|+00.22|+00.87)', 'Tomato(Tomato|+00.92|+01.91|+01.61)']
2025-08-04 10:56:53,533 [INFO] [DEBUG] Selected first matching tomato (ID: Tomato|+00.92|+01.91|+01.61)
2025-08-04 10:56:53,533 [INFO] [DEBUG] Final selected object: Tomato (ID: Tomato|+00.92|+01.91|+01.61)
2025-08-04 10:56:53,534 [INFO] [EXECUTE] Executing pick_up on tomato (ID: Tomato|+00.92|+01.91|+01.61)
2025-08-04 10:56:53,667 [INFO] [SUCCESS] pick_up on tomato completed successfully
2025-08-04 10:56:53,667 [INFO] [DEBUG] Recorded recent interaction: tomato -> Tomato|+00.92|+01.91|+01.61
2025-08-04 10:56:53,667 [INFO] [SEARCH CLEANUP] Closing 1 containers that were opened for search
2025-08-04 10:56:53,723 [INFO] [SEARCH CLEANUP] Closing Fridge (ID: Fridge|+01.01|+00.23|+01.92)
2025-08-04 10:56:54,147 [INFO] [SEARCH CLEANUP] Successfully closed Fridge
2025-08-04 10:56:57,886 [INFO] [EXECUTE] search plate countertop
2025-08-04 10:56:58,448 [INFO] [SEARCH] Checking CounterTop
2025-08-04 10:57:00,568 [INFO] [SEARCH] Found visible plate in/on CounterTop
2025-08-04 10:57:03,670 [INFO] [EXECUTE] put tomato plate
2025-08-04 10:57:10,246 [INFO] [EXECUTE] Putting Tomato on/in Plate
2025-08-04 10:57:10,520 [INFO] [SUCCESS] Put action completed successfully
2025-08-04 10:57:10,574 [INFO] [VERIFICATION] Starting task verification...
2025-08-04 10:57:10,887 [INFO] [VERIFY] Saved verification image: /Users/yuanda/Documents/embodied_reasoner/task_planner/data/data_pickup_and_put/FloorPlan3_pickup_and_put_0/verification/final_verification.png
2025-08-04 10:57:18,076 [INFO] [VERIFY] Task verification result: SUCCESS=True, CONFIDENCE=high
2025-08-04 10:57:18,077 [INFO] [VERIFY] Reason: The tomato is visibly placed on the black plate, which is on the countertop. This matches the task's objective of putting the tomato on the plate.
2025-08-04 10:57:18,078 [INFO] [VERIFICATION] ✓ Task completed successfully! (Confidence: high)
2025-08-04 10:57:18,078 [INFO] [VERIFICATION] Reason: The tomato is visibly placed on the black plate, which is on the countertop. This matches the task's objective of putting the tomato on the plate.
2025-08-04 10:57:18,081 [INFO] [VERIFICATION] Verification result saved to: /Users/yuanda/Documents/embodied_reasoner/task_planner/data/data_pickup_and_put/FloorPlan3_pickup_and_put_0/verification_result.json
2025-08-04 10:57:18,081 [INFO] [VERIFICATION] Task completed successfully, exiting retry loop.
2025-08-04 10:57:18,159 [INFO] [TASK COMPLETE] Finished task test_001: put tomato on plate
2025-08-04 10:57:18,159 [INFO] All tasks completed successfully!
2025-08-04 10:57:18,159 [INFO] Error paths saved to: ./wrong_generte_path_list.json
2025-08-04 11:30:58,565 [INFO] metadata_path: /Users/yuanda/Documents/embodied_reasoner/data_engine/taskgenerate/kitchens/FloorPlan3/metadata.json
2025-08-04 11:30:58,567 [INFO] Task configuration - USE_TEST_TASKS: True, TEST_TASK_ID: test_001, RUN_ALL_TEST_TASKS: False
2025-08-04 11:30:58,567 [INFO] Looking for test task: test_001
2025-08-04 11:30:58,567 [INFO] Loaded 15 test tasks from /Users/yuanda/Documents/embodied_reasoner/data_engine/test_tasks.json
2025-08-04 11:30:58,567 [INFO] Test task search result: True
2025-08-04 11:30:58,567 [INFO] Will run test task: test_001
2025-08-04 11:30:58,567 [INFO] 

*********************************************************************
2025-08-04 11:30:58,567 [INFO] Running Task ID: test_001
2025-08-04 11:30:58,567 [INFO] Scene:FloorPlan3 Task_Type: pickup_and_put Task: put tomato on plate
2025-08-04 11:30:58,567 [INFO] *********************************************************************

2025-08-04 11:30:58,567 [INFO] taskname: put tomato on plate
2025-08-04 11:31:07,331 [INFO] Initialize return: {'cameraNearPlane': 0.009999999776482582, 'cameraFarPlane': 20.0}
2025-08-04 11:31:07,459 [INFO] Initialization succeeded
2025-08-04 11:31:07,462 [INFO] [ATTEMPT 1/3] Starting task attempt
2025-08-04 11:31:07,525 [WARNING] [RESET] Failed to reset robot position on attempt 1
2025-08-04 11:31:07,601 [INFO] [SESSION] Initialized SessionManager with ID: session_20250804_113107
2025-08-04 11:31:32,549 [INFO] [OBSERVATION] <Observation>
I see a kitchen environment with various objects. In front of me, there is a wooden counter with a sink and a faucet. To the left, there is a stove with burners and a kettle. On the counter, there are a toaster, a coffee maker, and some fruits. A houseplant is placed near the sink, along with a bottle, possibly a soap dispenser. There is a window in the background letting in natural light. Shelves above the counter hold glassware and bottles. Below the counter, there are cabinets and drawers. The overall setup suggests a functional and well-organized kitchen space.
</Observation>
2025-08-04 11:31:35,370 [INFO] [INITIAL TASK PLANNING] ['Identify the tomato in the environment.', 'Approach the tomato and pick it up.', 'Look for a plate in the environment.', 'Approach the plate.', 'Place the tomato on the plate.']
2025-08-04 11:31:37,282 [INFO] [GENERAL QUESTION] Are there any specific requirements or constraints for the plate (e.g., color, size, material) or the tomato (e.g., type, ripeness)? And are there any particular locations or conditions where the tomato and plate might be found? This information could help refine the plan.
2025-08-04 11:37:43,478 [INFO] [SESSION] Added QA record: decision_clarification question
2025-08-04 11:37:43,483 [INFO] [USER RESPONSE] cutting bread first
2025-08-04 11:37:59,031 [INFO] [RE-PLANNING BASED ON USER RESPONSE]
2025-08-04 11:37:59,032 [INFO] REPLAN?: True
2025-08-04 11:37:59,036 [INFO] Reason: The user's response indicates that there is a new priority or task ("cutting bread first") that may change the current task order or context. The original plan involves putting a tomato on a plate, but the user's input suggests that another action (cutting bread) should take precedence. This change in task priority requires a replan to ensure the robot's actions align with the updated goal or sequence of tasks.
2025-08-04 11:38:46,086 [INFO] [DEBUG] LLM response for replan_subtasks_based_on_user_response: The user's feedback indicates that they want the robot to prioritize cutting bread before placing the tomato on a plate. Based on this, we need to adjust the task plan to include the bread-cutting task and ensure it takes precedence over the original task of placing the tomato on a plate.

### Revised Plan:
1. Identify the bread in the environment.
2. Approach the bread and pick it up.
3. Locate a knife in the environment.
4. Approach the knife and pick it up.
5. Return to the bread and use the knife to cut the bread.
6. Identify the tomato in the environment.
7. Approach the tomato and pick it up.
8. Look for a plate in the environment.
9. Approach the plate.
10. Place the tomato on the plate.

### Revised Subtask Sequence:
<Subtask1>Identify the bread in the environment.</Subtask1>
<Subtask2>Approach the bread and pick it up.</Subtask2>
<Subtask3>Locate a knife in the environment.</Subtask3>
<Subtask4>Approach the knife and pick it up.</Subtask4>
<Subtask5>Return to the bread and use the knife to cut the bread.</Subtask5>
<Subtask6>Identify the tomato in the environment.</Subtask6>
<Subtask7>Approach the tomato and pick it up.</Subtask7>
<Subtask8>Look for a plate in the environment.</Subtask8>
<Subtask9>Approach the plate.</Subtask9>
<Subtask10>Place the tomato on the plate.</Subtask10>

### Explanation:
- The user's request to "cut bread first" is prioritized, so the plan starts with identifying and cutting the bread.
- After completing the bread-cutting task, the original task of placing the tomato on a plate is resumed.
- The order of subtasks is adjusted to reflect the user's priority while ensuring all necessary actions are completed.<|endoftext|><|im_start|>
<|im_start|>
<|im_start|>
<|im_start|>
<|im_start|>
<|im_start|>
<|im_start|>
<|im_start|>
<|im_start|>
<|im_start|>
<|im_start|>
<|im_start|>
<|im_start|>
<|im_start|>
<|im_start|>
<|im_start|>
<|im_start|>
<|im_start|>
<|im_start|>
<|im_start|>
<|im_start|>
<|im_start|>
<|im_start|>
<|im_start|>
<|im_start|>
<|im_start|>
<|im_start|>
<|im_start|>
<|im_start|>
<|im_start|>
<|im_start|>
<|im_start|>
<|im_start|>
<|im_start|>
<|im_start|>
<|im_start|>
<|im_start|>
<|im_start|>
<|im_start|>
<|im_start|>
<|im_start|>
<|im_start|>
<|im_start|>
<|im_start|>
<|im_start|>
<|im_start|>
<|im_start|>
<|im_start|>
<|im_start|>
<|im_start|>
<|im_start|>
<|im_start|>
<|im_start|>
<|im_start|>
<|im_start|>
<|im_start|>
<|im_start|>
<|im_start|>
<|im_start|>
<|im_start|>
<|im_start|>
<|im_start|>
<|im_start|>
<|im_start|>
<|im_start|>
<|im_start|>
<|im_start|>
<|im_start|>
<|im_start|>
<|im_start|>
<|im_start|>
<|im_start|>
<|im_start|>
<|im_start|>
<|im_start|>
<|im_start|>
<|im_start|>
<|im_start|>
<|im_start|>
<|im_start|>
<|im_start|>
<|im_start|>
<|im_start|>
<|im_start|>
<|im_start|>
<|im_start|>
<|im_start|>
<|im_start|>
<|im_start|>
<|im_start|>
<|im_start|>
<|im_start|>
<|im_start|>
<|im_start|>
<|im_start|>
<|im_start|>
<|im_start|>
<|im_start|>
<|im_start|>
<|im_start|>
<|im_start|>
<|im_start|>
<|im_start|>
<|im_start|>
<|im_start|>
<|im_start|>
<|im_start|>
<|im_start|>
<|im_start|>
<|im_start|>
<|im_start|>
<|im_start|>
<|im_start|>
<|im_start|>
<|im_start|>
<|im_start|>
<|im_start|>
<|im_start|>
<|im_start|>
<|im_start|>
<|im_start|>
<|im_start|>
<|im_start|>
<|im_start|>
<|im_start|>
<|im_start|>
<|im_start|>
<|im_start|>
<|im_start|>
<|im_start|>
<|im_start|>
<|im_start|>
<|im_start|>
<|im_start|>
<|im_start|>
<|im_start|>
<|im_start|>
<|im_start|>
<|im_start|>
<|im_start|>
<|im_start|>
<|im_start|>
<|im_start|>
<|im_start|>
<|im_start|>
<|im_start|>
<|im_start|>
<|im_start|>
<|im_start|>
<|im_start|>
<|im_start|>
<|im_start|>
<|im_start|>
<|im_start|>
<|im_start|>
<|im_start|>
<|im_start|>
<|im_start|>
<|im_start|>
<|im_start|>
<|im_start|>
<|im_start|>
<|im_start|>
<|im_start|>
<|im_start|>
<|im_start|>
<|im_start|>
<|im_start|>
<|im_start|>
<|im_start|>
<|im_start|>
<|im_start|>
<|im_start|>
<|im_start|>
<|im_start|>
<|im_start|>
<|im_start|>
<|im_start|>
<|im_start|>
<|im_start|>
<|im_start|>
<|im_start|>
<|im_start|>
<|im_start|>
<|im_start|>
<|im_start|>
<|im_start|>
<|im_start|>
<|im_start|>
<|im_start|>
<|im_start|>
<|im_start|>
<|im_start|>
<|im_start|>
<|im_start|>
<|im_start|>
<|im_start|>
<|im_start|>
<|im_start|>
<|im_start|>
<|im_start|>
<|im_start|>
<|im_start|>
<|im_start|>
<|im_start|>
<|im_start|>
<|im_start|>
<|im_start|>
<|im_start|>
<|im_start|>
<|im_start|>
<|im_start|>
<|im_start|>
<|im_start|>
<|im_start|>
<|im_start|>
<|im_start|>
<|im_start|>
<|im_start|>
<|im_start|>
<|im_start|>
<|im_start|>
<|im_start|>
<|im_start|>
<|im_start|>
<|im_start|>
<|im_start|>
<|im_start|>
<|im_start|>
<|im_start|>
<|im_start|>
<|im_start|>
<|im_start|>
<|im_start|>
<|im_start|>
<|im_start|>
<|im_start|>
<|im_start|>
<|im_start|>
<|im_start|>
<|im_start|>
<|im_start|>
<|im_start|>
<|im_start|>
<|im_start|>
<|im_start|>
<|im_start|>
<|im_start|>
<|im_start|>
<|im_start|>
<|im_start|>
<|im_start|>
<|im_start|>
<|im_start|>
<|im_start|>
<|im_start|>
<|im_start|>
<|im_start|>
<|im_start|>
<|im_start|>
<|im_start|>
<|im_start|>
<|im_start|>
<|im_start|>
<|im_start|>
<|im_start|>
<|im_start|>
<|im_start|>
<|im_start|>
<|im_start|>
<|im_start|>
<|im_start|>
<|im_start|>
<|im_start|>
<|im_start|>
<|im_start|>
<|im_start|>
<|im_start|>
<|im_start|>
<|im_start|>
<|im_start|>
<|im_start|>
<|im_start|>
<|im_start|>
<|im_start|>
<|im_start|>
<|im_start|>
<|im_start|>
<|im_start|>
<|im_start|>
<|im_start|>
<|im_start|>
<|im_start|>
<|im_start|>
<|im_start|>
<|im_start|>
<|im_start|>
<|im_start|>
<|im_start|>
<|im_start|>
<|im_start|>
<|im_start|>
<|im_start|>
<|im_start|>
<|im_start|>
<|im_start|>
<|im_start|>
<|im_start|>
<|im_start|>
<|im_start|>
<|im_start|>
<|im_start|>
<|im_start|>
<|im_start|>
<|im_start|>
<|im_start|>
<|im_start|>
<|im_start|>
<|im_start|>
<|im_start|>
<|im_start|>
<|im_start|>
<|im_start|>
<|im_start|>
<|im_start|>
<|im_start|>
<|im_start|>
<|im_start|>
<|im_start|>
<|im_start|>
<|im_start|>
<|im_start|>
<|im_start|>
<|im_start|>
<|im_start|>
<|im_start|>
<|im_start|>
<|im_start|>
<|im_start|>
<|im_start|>
<|im_start|>
<|im_start|>
<|im_start|>
<|im_start|>
<|im_start|>
<|im_start|>
<|im_start|>
<|im_start|>
<|im_start|>
<|im_start|>
<|endoftext|><|im_start|>
<|im_start|>
<|im_start|>
<|im_start|>
<|im_start|>
<|im_start|>
<|im_start|>
<|im_start|>
<|im_start|>
<|im_start|>
<|im_start|>
<|im_start|>
<|im_start|>
<|im_start|>
<|im_start|>
<|im_start|>
<|im_start|>
<|im_start|>
<|im_start|>
<|im_start|>
<|im_start|>
<|im_start|>
<|im_start|>
<|im_start|>
<|im_start|>
<|im_start|>
<|im_start|>
<|im_start|>
<|im_start|>
<|im_start|>
<|im_start|>
<|im_start|>
<|im_start|>
<|im_start|>
<|im_start|>
<|im_start|>
<|im_start|>
<|im_start|>
<|im_start|>
<|im_start|>
<|im_start|>
<|im_start|>
<|im_start|>
<|im_start|>
<|im_start|>
<|im_start|>
<|im_start|>
<|im_start|>
<|im_start|>
<|im_start|>
<|im_start|>
<|im_start|>
<|im_start|>
<|im_start|>
<|im_start|>
<|im_start|>
<|im_start|>
<|im_start|>
<|im_start|>
<|im_start|>
<|im_start|>
<|im_start|>
<|im_start|>
### Revised Plan:

The user's feedback indicates that they want the robot to prioritize cutting bread before placing the tomato on a plate. Based on this, we need to adjust the task plan to include the bread-cutting task and ensure it takes precedence over the original task of placing the tomato on a plate.

#### Revised Subtask Sequence:
1. **Identify the bread in the environment.**
2. **Approach the bread and pick it up.**
3. **Locate a knife in the environment.**
4. **Approach the knife and pick it up.**
5. **Return to the bread and use the knife to cut the bread.**
6. **Identify the tomato in the environment.**
7. **Approach the tomato and pick it up.**
8. **Look for a plate in the environment.**
9. **Approach the plate.**
10. **Place the tomato on the plate.**

### Explanation:
- The user's request to "cut bread first" is prioritized, so the plan starts with identifying and cutting the bread.
- After completing the bread-cutting task, the original task of placing the tomato on a plate is resumed.
- The order of subtasks is adjusted to reflect the user's priority while
2025-08-04 11:38:46,088 [INFO] [DEBUG] Parsed matches: [(1, 'Identify the bread in the environment.'), (2, 'Approach the bread and pick it up.'), (3, 'Locate a knife in the environment.'), (4, 'Approach the knife and pick it up.'), (5, 'Return to the bread and use the knife to cut the bread.'), (6, 'Identify the tomato in the environment.'), (7, 'Approach the tomato and pick it up.'), (8, 'Look for a plate in the environment.'), (9, 'Approach the plate.'), (10, 'Place the tomato on the plate.')]
2025-08-04 11:38:46,088 [INFO] [REPLAN] Old subtasks: ['Identify the tomato in the environment.', 'Approach the tomato and pick it up.', 'Look for a plate in the environment.', 'Approach the plate.', 'Place the tomato on the plate.']
2025-08-04 11:38:46,088 [INFO] [REPLAN] New subtasks: ['Identify the bread in the environment.', 'Approach the bread and pick it up.', 'Locate a knife in the environment.', 'Approach the knife and pick it up.', 'Return to the bread and use the knife to cut the bread.', 'Identify the tomato in the environment.', 'Approach the tomato and pick it up.', 'Look for a plate in the environment.', 'Approach the plate.', 'Place the tomato on the plate.']
2025-08-04 11:39:33,663 [INFO] [DECISIONS] Generated 13 unique actions from 14 total actions
2025-08-04 11:39:33,664 [INFO] [SUBTASKS WITH DECISION] [{'action': 'search', 'objectType': 'bread', 'targetObject': None, 'decisionmaking': 'search bread'}, {'action': 'navigate', 'objectType': 'bread', 'targetObject': None, 'decisionmaking': 'navigate bread'}, {'action': 'pick_up', 'objectType': 'bread', 'targetObject': None, 'decisionmaking': 'pick_up bread'}, {'action': 'search', 'objectType': 'knife', 'targetObject': None, 'decisionmaking': 'search knife'}, {'action': 'navigate', 'objectType': 'knife', 'targetObject': None, 'decisionmaking': 'navigate knife'}, {'action': 'pick_up', 'objectType': 'knife', 'targetObject': None, 'decisionmaking': 'pick_up knife'}, {'action': 'slice', 'objectType': 'bread', 'targetObject': 'knife', 'decisionmaking': 'slice bread knife'}, {'action': 'search', 'objectType': 'tomato', 'targetObject': None, 'decisionmaking': 'search tomato'}, {'action': 'navigate', 'objectType': 'tomato', 'targetObject': None, 'decisionmaking': 'navigate tomato'}, {'action': 'pick_up', 'objectType': 'tomato', 'targetObject': None, 'decisionmaking': 'pick_up tomato'}, {'action': 'search', 'objectType': 'plate', 'targetObject': None, 'decisionmaking': 'search plate'}, {'action': 'navigate', 'objectType': 'plate', 'targetObject': None, 'decisionmaking': 'navigate plate'}, {'action': 'put', 'objectType': 'tomato', 'targetObject': 'plate', 'decisionmaking': 'put tomato plate'}]
2025-08-04 11:39:37,095 [INFO] [EXECUTE] search bread
2025-08-04 11:39:38,322 [INFO] [SEARCH] Found visible bread in current view
2025-08-04 11:39:42,224 [INFO] [EXECUTE] navigate bread
2025-08-04 11:39:42,228 [ERROR] [WARNING] Cannot navigate to bread, as it is not in the navigable list.
2025-08-04 11:39:42,229 [ERROR] [ERROR] 'object', try again.
2025-08-04 11:39:42,296 [INFO] [ATTEMPT 2/3] Starting task attempt
2025-08-04 11:39:43,703 [WARNING] [RESET] Failed to reset robot position on attempt 2
2025-08-04 11:39:43,818 [INFO] [SESSION] Initialized SessionManager with ID: session_20250804_113943
2025-08-04 11:39:54,900 [INFO] [OBSERVATION] <Observation> 
I see a modern kitchen with wooden elements. The room features a large wooden counter with various objects on it, including a toaster, a kettle, a pot, a sink with a faucet, and a few fruits. There are cabinets below the counter and above the sink, and a shelf with wine bottles and glasses. A window is visible in the background, letting in natural light. A potted plant sits on the counter near the sink, adding a touch of greenery. The floor appears to be tiled, and there is a stove with a burner visible on the left side. </Observation>
2025-08-04 11:39:57,284 [INFO] [INITIAL TASK PLANNING] ['Locate the tomato on the counter or nearby surfaces.', 'Pick up the tomato.', 'Locate the plate on the counter or nearby surfaces.', 'Place the tomato on the plate.']
2025-08-04 11:39:58,594 [INFO] [GENERAL QUESTION] Are there any specific requirements or constraints for placing the tomato on the plate, such as the orientation of the tomato or the need to avoid any particular part of the plate?
2025-08-04 12:14:35,524 [INFO] [SESSION] Added QA record: decision_clarification question
2025-08-04 12:14:35,529 [INFO] [USER RESPONSE] cutting bread please
2025-08-04 12:14:51,277 [INFO] [RE-PLANNING BASED ON USER RESPONSE]
2025-08-04 12:14:51,277 [INFO] REPLAN?: False
2025-08-04 12:14:51,277 [INFO] Reason: The user's response, "cutting bread please," does not provide any information that directly conflicts with or affects the current task of placing a tomato on a plate. The task is unrelated to bread or bread-cutting activities. Therefore, there is no need to replan the current task. The user's statement might indicate another task or activity they are engaged in, but it does not impact the current goal of placing a tomato on a plate.
2025-08-04 12:14:51,277 [INFO] [NO REPLAN NEEDED] Reason: The user's response, "cutting bread please," does not provide any information that directly conflicts with or affects the current task of placing a tomato on a plate. The task is unrelated to bread or bread-cutting activities. Therefore, there is no need to replan the current task. The user's statement might indicate another task or activity they are engaged in, but it does not impact the current goal of placing a tomato on a plate.
2025-08-04 12:15:40,840 [INFO] [DECISIONS] Generated 4 unique actions from 4 total actions
2025-08-04 12:15:40,858 [INFO] [SUBTASKS WITH DECISION] [{'action': 'search', 'objectType': 'tomato', 'targetObject': None, 'decisionmaking': 'search tomato'}, {'action': 'pick_up', 'objectType': 'tomato', 'targetObject': None, 'decisionmaking': 'pick_up tomato'}, {'action': 'search', 'objectType': 'plate', 'targetObject': None, 'decisionmaking': 'search plate'}, {'action': 'put', 'objectType': 'tomato', 'targetObject': 'plate', 'decisionmaking': 'put tomato plate'}]
2025-08-04 12:15:43,897 [INFO] [EXECUTE] search tomato
2025-08-04 12:15:45,144 [INFO] [SEARCH] Checking Cup
2025-08-04 12:15:47,024 [INFO] [SEARCH] Could not find visible tomato in/on Cup
2025-08-04 12:15:47,025 [WARNING] [SEARCH] Could not find visible tomato after checking all possible locations
2025-08-04 12:15:47,025 [ERROR] [ERROR] Search failed for tomato, requesting user assistance.
2025-08-04 12:15:47,025 [INFO] [SESSION] Added failure record: search_failure
2025-08-04 12:15:51,503 [INFO] [ERROR HANDLING] Analysis: The robot attempted to find a tomato to complete the task of placing it on a plate. However, the search for the tomato was unsuccessful, as it could not locate the tomato in the possible locations.
2025-08-04 12:15:51,504 [INFO] [ERROR HANDLING] Asking user for help: I couldn't find the tomato while searching the available locations. Could you please provide any additional information about where the tomato might be? For example, is it in a specific container, on a particular surface, or in a different area not listed in the available objects? This will help me continue with the task of placing the tomato on the plate. Additionally, could you confirm if there are any specific requirements for placing the tomato, such as orientation or position on the plate?
2025-08-04 12:21:06,157 [INFO] [SESSION] Added QA record: error_assistance question
2025-08-04 12:21:21,152 [INFO] [DEBUG] Parsed strategy: 'modify', reason: 'The user's response suggests a new possible location (the fridge) for the tomato, which was not considered in the original search. This information allows us to refine the search strategy without completely abandoning the task or skipping the current step. By modifying the search to include the fridge, we can continue the task effectively.'
2025-08-04 12:21:21,153 [INFO] [DEBUG] Original LLM result: STRATEGY: modify  
REASON: The user's response suggests a new possible location (the fridge) for the tomato, which was not considered in the original search. This information allows us to refine the search strategy without completely abandoning the task or skipping the current step. By modifying the search to include the fridge, we can continue the task effectively.  
ACTION: search for tomato in the fridge
2025-08-04 12:21:21,153 [INFO] [ERROR RECOVERY] Strategy: modify
2025-08-04 12:21:21,153 [INFO] [ERROR RECOVERY] Reason: The user's response suggests a new possible location (the fridge) for the tomato, which was not considered in the original search. This information allows us to refine the search strategy without completely abandoning the task or skipping the current step. By modifying the search to include the fridge, we can continue the task effectively.
2025-08-04 12:21:21,153 [INFO] [ERROR RECOVERY] User advised strategy: modify
2025-08-04 12:21:21,153 [INFO] [ERROR RECOVERY] User suggests replanning, implementing replan strategy
2025-08-04 12:21:30,527 [INFO] [DEBUG] LLM response for replan_subtasks_based_on_user_response: Based on the user's feedback that the tomato might be in the fridge, the revised task plan should incorporate a step to search for the tomato in the fridge. Additionally, since the user did not provide further details about specific requirements for placing the tomato on the plate, the existing steps for picking up the tomato and placing it on the plate remain valid. Here is the revised plan:

```plaintext
<Subtask1>search tomato in fridge</Subtask1>
<Subtask2>pick_up tomato</Subtask2>
<Subtask3>search plate</Subtask3>
<Subtask4>put tomato on plate</Subtask4>
```

### Explanation of the Revised Plan:
1. **search tomato in fridge**: The user indicated that the tomato might be in the fridge. This step prioritizes checking the fridge as a new location to search for the tomato.
2. **pick_up tomato**: Once the tomato is located in the fridge, this step ensures the robot picks it up.
3. **search plate**: The robot continues to search for the plate as part of the task.
4. **put tomato on plate**: Finally, the robot places the tomato on the plate, completing the task.

This revised plan directly addresses the user's feedback and adjusts the search approach accordingly. If further clarification is needed (e.g., specific orientation or position for the tomato on the plate), additional information from the user would be required. However, based on the current feedback, this plan is the most appropriate adjustment.
2025-08-04 12:21:30,528 [INFO] [DEBUG] Parsed matches: [(1, 'search tomato in fridge'), (2, 'pick_up tomato'), (3, 'search plate'), (4, 'put tomato on plate')]
2025-08-04 12:21:41,749 [INFO] [DECISIONS] Generated 7 unique actions from 7 total actions
2025-08-04 12:21:41,750 [INFO] [ERROR RECOVERY] Replanned decisions: [{'action': 'navigate', 'objectType': 'fridge', 'targetObject': None, 'decisionmaking': 'navigate fridge'}, {'action': 'open', 'objectType': 'fridge', 'targetObject': None, 'decisionmaking': 'open fridge'}, {'action': 'search', 'objectType': 'tomato', 'targetObject': None, 'decisionmaking': 'search tomato'}, {'action': 'pick_up', 'objectType': 'tomato', 'targetObject': None, 'decisionmaking': 'pick_up tomato'}, {'action': 'close', 'objectType': 'fridge', 'targetObject': None, 'decisionmaking': 'close fridge'}, {'action': 'search', 'objectType': 'plate', 'targetObject': None, 'decisionmaking': 'search plate'}, {'action': 'put', 'objectType': 'tomato', 'targetObject': 'plate', 'decisionmaking': 'put tomato plate'}]
2025-08-04 12:21:44,922 [INFO] [EXECUTE] navigate fridge
2025-08-04 12:21:51,883 [INFO] [EXECUTE] open fridge
2025-08-04 12:21:52,010 [INFO] [DEBUG] Looking for fridge to open
2025-08-04 12:21:52,010 [INFO] [DEBUG] Visible objects: ['Drawer(Drawer|+00.65|+00.85|+00.68)', 'Drawer(Drawer|+00.65|+01.07|+01.02)', 'Drawer(Drawer|+00.65|+01.07|+00.68)', 'Drawer(Drawer|+00.65|+00.60|+01.02)', 'Drawer(Drawer|+00.65|+00.60|+00.68)', 'Drawer(Drawer|+00.65|+00.85|+01.02)', 'Floor(Floor|+00.00|+00.22|-00.82)', 'Fridge(Fridge|+01.01|+00.23|+01.92)', 'SideTable(SideTable|+00.98|+00.22|+00.87)']
2025-08-04 12:21:52,010 [INFO] [DEBUG] Selected closed fridge for opening (ID: Fridge|+01.01|+00.23|+01.92)
2025-08-04 12:21:52,010 [INFO] [DEBUG] Final selected object: Fridge (ID: Fridge|+01.01|+00.23|+01.92)
2025-08-04 12:21:52,010 [INFO] [EXECUTE] Executing open on fridge (ID: Fridge|+01.01|+00.23|+01.92)
2025-08-04 12:21:52,309 [INFO] [SUCCESS] open on fridge completed successfully
2025-08-04 12:21:52,309 [INFO] [DEBUG] Recorded recent interaction: fridge -> Fridge|+01.01|+00.23|+01.92
2025-08-04 12:21:56,599 [INFO] [EXECUTE] search tomato
2025-08-04 12:21:56,743 [INFO] [SEARCH] Found visible tomato in current view
2025-08-04 12:21:59,665 [INFO] [EXECUTE] pick_up tomato
2025-08-04 12:21:59,791 [INFO] [DEBUG] Looking for tomato to pick_up
2025-08-04 12:21:59,791 [INFO] [DEBUG] Visible objects: ['Drawer(Drawer|+00.65|+00.60|+01.02)', 'Drawer(Drawer|+00.65|+00.85|+01.02)', 'Floor(Floor|+00.00|+00.22|-00.82)', 'Fridge(Fridge|+01.01|+00.23|+01.92)', 'SideTable(SideTable|+00.98|+00.22|+00.87)', 'Tomato(Tomato|+00.92|+01.91|+01.61)']
2025-08-04 12:21:59,791 [INFO] [DEBUG] Selected first matching tomato (ID: Tomato|+00.92|+01.91|+01.61)
2025-08-04 12:21:59,791 [INFO] [DEBUG] Final selected object: Tomato (ID: Tomato|+00.92|+01.91|+01.61)
2025-08-04 12:21:59,791 [INFO] [EXECUTE] Executing pick_up on tomato (ID: Tomato|+00.92|+01.91|+01.61)
2025-08-04 12:21:59,937 [INFO] [SUCCESS] pick_up on tomato completed successfully
2025-08-04 12:21:59,937 [INFO] [DEBUG] Recorded recent interaction: tomato -> Tomato|+00.92|+01.91|+01.61
2025-08-04 12:22:03,134 [INFO] [EXECUTE] close fridge
2025-08-04 12:22:03,255 [INFO] [DEBUG] Looking for fridge to close
2025-08-04 12:22:03,255 [INFO] [DEBUG] Visible objects: ['Drawer(Drawer|+00.65|+00.60|+01.02)', 'Drawer(Drawer|+00.65|+00.85|+01.02)', 'Floor(Floor|+00.00|+00.22|-00.82)', 'Fridge(Fridge|+01.01|+00.23|+01.92)', 'SideTable(SideTable|+00.98|+00.22|+00.87)', 'Tomato(Tomato|+00.92|+01.91|+01.61)']
2025-08-04 12:22:03,255 [INFO] [DEBUG] Found recently interacted fridge (ID: Fridge|+01.01|+00.23|+01.92)
2025-08-04 12:22:03,255 [INFO] [DEBUG] Using recently interacted open fridge for closing
2025-08-04 12:22:03,255 [INFO] [DEBUG] Final selected object: Fridge (ID: Fridge|+01.01|+00.23|+01.92)
2025-08-04 12:22:03,255 [INFO] [INFO] Closing fridge (current state: isOpen=True)
2025-08-04 12:22:03,256 [INFO] [EXECUTE] Executing close on fridge (ID: Fridge|+01.01|+00.23|+01.92)
2025-08-04 12:22:03,671 [INFO] [SUCCESS] close on fridge completed successfully
2025-08-04 12:22:03,671 [INFO] [DEBUG] Recorded recent interaction: fridge -> Fridge|+01.01|+00.23|+01.92
2025-08-04 12:22:06,731 [INFO] [EXECUTE] search plate
2025-08-04 12:22:07,348 [INFO] [SEARCH] Checking Fridge
2025-08-04 12:22:09,364 [INFO] [SEARCH] Fridge is closed, opening for search...
2025-08-04 12:22:09,722 [INFO] [SEARCH] Successfully opened Fridge for searching plate
2025-08-04 12:22:09,834 [INFO] [SEARCH] Could not find visible plate in/on Fridge
2025-08-04 12:22:09,888 [INFO] [SEARCH] Closing Fridge immediately (target not found)
2025-08-04 12:22:10,508 [INFO] [SEARCH] Successfully closed Fridge
2025-08-04 12:22:10,508 [WARNING] [SEARCH] Could not find visible plate after checking all possible locations
2025-08-04 12:22:10,508 [ERROR] [ERROR] Search failed for plate, requesting user assistance.
2025-08-04 12:22:10,508 [INFO] [SESSION] Added failure record: search_failure
2025-08-04 12:22:15,563 [INFO] [ERROR HANDLING] Analysis: The robot attempted to find a plate as part of the task to put a tomato on it, but was unable to locate a plate in any of the possible locations. This suggests that the plate might not be where the robot expects it to be or that additional information about its location is needed.
2025-08-04 12:22:15,563 [INFO] [ERROR HANDLING] Asking user for help: I couldn't find the plate while searching the available locations. Could you please help me by providing more details about where the plate might be? For example, is it on a specific surface, in a container, or in a different area not listed in the available objects? Additionally, could you confirm if there are any specific requirements for placing the tomato on the plate, such as orientation or position? This will help me continue with the task of putting the tomato on the plate.
2025-08-04 12:22:21,534 [INFO] [SESSION] Added QA record: error_assistance question
2025-08-04 12:22:23,689 [INFO] [DEBUG] Parsed strategy: 'modify', reason: 'The user's response suggests a new location (near the sink) where the plate might be. This information can help refine the search strategy, so modifying the current step to search near the sink is the best approach.'
2025-08-04 12:22:23,690 [INFO] [DEBUG] Original LLM result: STRATEGY: modify  
REASON: The user's response suggests a new location (near the sink) where the plate might be. This information can help refine the search strategy, so modifying the current step to search near the sink is the best approach.  
ACTION: Search for the plate near the sink.
2025-08-04 12:22:23,690 [INFO] [ERROR RECOVERY] Strategy: modify
2025-08-04 12:22:23,690 [INFO] [ERROR RECOVERY] Reason: The user's response suggests a new location (near the sink) where the plate might be. This information can help refine the search strategy, so modifying the current step to search near the sink is the best approach.
2025-08-04 12:22:23,690 [INFO] [ERROR RECOVERY] User advised strategy: modify
2025-08-04 12:22:23,691 [INFO] [ERROR RECOVERY] User suggests replanning, implementing replan strategy
2025-08-04 12:22:28,235 [INFO] [DEBUG] LLM response for replan_subtasks_based_on_user_response: Based on the user's feedback, the revised plan should prioritize searching for the plate near the sink. Here is the revised subtask sequence:

<Subtask1>search plate near the sink</Subtask1>
<Subtask2>put tomato on plate</Subtask2>

This revised plan incorporates the user's guidance by focusing the search for the plate near the sink, which is the area they suggested. Once the plate is found, the robot can proceed to place the tomato on it. No additional details were provided about specific requirements for placing the tomato, so the existing subtask for placing the tomato remains unchanged. If further clarification is needed regarding the placement of the tomato, additional feedback from the user would be necessary.
2025-08-04 12:22:28,235 [INFO] [DEBUG] Parsed matches: [(1, 'search plate near the sink'), (2, 'put tomato on plate')]
2025-08-04 12:22:39,439 [INFO] [DECISIONS] Generated 4 unique actions from 4 total actions
2025-08-04 12:22:39,441 [INFO] [ERROR RECOVERY] Replanned decisions: [{'action': 'search', 'objectType': 'plate', 'targetObject': 'near_sink', 'decisionmaking': 'search plate near_sink'}, {'action': 'search', 'objectType': 'tomato', 'targetObject': 'fridge', 'decisionmaking': 'search tomato fridge'}, {'action': 'pick_up', 'objectType': 'tomato', 'targetObject': None, 'decisionmaking': 'pick_up tomato'}, {'action': 'put', 'objectType': 'tomato', 'targetObject': 'plate', 'decisionmaking': 'put tomato plate'}]
2025-08-04 12:22:42,264 [INFO] [EXECUTE] search plate near_sink
2025-08-04 12:22:43,099 [INFO] [SEARCH] Checking SinkBasin
2025-08-04 12:22:44,792 [INFO] [SEARCH] Found visible plate in/on SinkBasin
2025-08-04 12:22:48,556 [INFO] [EXECUTE] search tomato fridge
2025-08-04 12:22:48,674 [INFO] [SEARCH] Found visible tomato in current view
2025-08-04 12:22:52,912 [INFO] [EXECUTE] pick_up tomato
2025-08-04 12:22:53,038 [INFO] [DEBUG] Looking for tomato to pick_up
2025-08-04 12:22:53,039 [INFO] [DEBUG] Visible objects: ['Apple(Apple|-01.75|+01.37|-01.16)', 'Bowl(Bowl|-01.82|+01.31|+00.27)', 'Bread(Bread|-01.51|+01.38|+00.66)', 'Cabinet(Cabinet|-01.46|+00.78|-02.00)', 'Cabinet(Cabinet|-01.46|+00.78|+00.47)', 'Cabinet(Cabinet|-01.46|+00.78|+01.31)', 'CounterTop(CounterTop|-01.81|+01.36|+01.18)', 'DishSponge(DishSponge|-02.05|+01.33|-00.96)', 'Drawer(Drawer|-01.61|+00.68|-01.22)', 'Drawer(Drawer|-01.61|+00.68|-00.43)', 'Egg(Egg|-01.57|+01.36|-01.05)', 'Faucet(Faucet|-02.13|+01.32|-00.81)', 'Floor(Floor|+00.00|+00.22|-00.82)', 'HousePlant(HousePlant|-02.03|+01.31|-00.03)', 'Lettuce(Lettuce|-01.89|+01.40|-01.07)', 'Mug(Mug|-01.97|+01.04|-00.43)', 'PaperTowelRoll(PaperTowelRoll|-02.04|+01.42|-01.90)', 'Plate(Plate|-01.47|+01.31|+00.24)', 'Pot(Pot|-01.58|+01.31|-01.58)', 'Potato(Potato|-01.61|+01.36|-01.24)', 'Sink(Sink|-01.99|+01.14|-00.98)', 'SinkBasin(Sink|-01.99|+01.14|-00.98|SinkBasin)', 'SoapBottle(SoapBottle|-01.79|+01.31|-00.10)', 'Tomato(Tomato|+00.92|+01.91|+01.61)', 'Window(Window|-02.57|+01.80|-00.82)']
2025-08-04 12:22:53,039 [INFO] [DEBUG] Found recently interacted tomato (ID: Tomato|+00.92|+01.91|+01.61)
2025-08-04 12:22:53,039 [INFO] [DEBUG] Using recently interacted tomato for pick_up
2025-08-04 12:22:53,039 [INFO] [DEBUG] Final selected object: Tomato (ID: Tomato|+00.92|+01.91|+01.61)
2025-08-04 12:22:53,039 [INFO] [EXECUTE] Executing pick_up on tomato (ID: Tomato|+00.92|+01.91|+01.61)
2025-08-04 12:22:53,252 [INFO] [SUCCESS] pick_up on tomato completed successfully
2025-08-04 12:22:53,252 [INFO] [DEBUG] Recorded recent interaction: tomato -> Tomato|+00.92|+01.91|+01.61
2025-08-04 12:22:57,010 [INFO] [EXECUTE] put tomato plate
2025-08-04 12:22:58,476 [INFO] [EXECUTE] Putting Tomato on/in Plate
2025-08-04 12:22:58,880 [INFO] [SUCCESS] Put action completed successfully
2025-08-04 12:22:58,933 [INFO] [VERIFICATION] Starting task verification...
2025-08-04 12:22:59,281 [INFO] [VERIFY] Saved verification image: /Users/yuanda/Documents/embodied_reasoner/task_planner/data/data_pickup_and_put/FloorPlan3_pickup_and_put_0/verification/final_verification.png
2025-08-04 12:23:11,555 [INFO] [VERIFY] Task verification result: SUCCESS=True, CONFIDENCE=high
2025-08-04 12:23:11,556 [INFO] [VERIFY] Reason: The tomato is placed on the plate, which matches the goal of the task.**  
**CONFIDENCE: high**  

### Explanation:
1. **Required Objects in Final Positions:**
   - The tomato is clearly visible on the plate, indicating that it has been successfully placed there.
   - The plate is in the expected location on the counter.

2. **Main Objective Achieved:**
   - The task was to put the tomato on the plate. This has been completed as the tomato is visibly on the plate.

3. **No Obvious Signs of Incompleteness:**
   - There are no indications that the task is incomplete. The tomato is securely on the plate, and no additional steps appear to be necessary.

Given these observations, the task has been completed successfully.
2025-08-04 12:23:11,556 [INFO] [VERIFICATION] ✓ Task completed successfully! (Confidence: high)
2025-08-04 12:23:11,556 [INFO] [VERIFICATION] Reason: The tomato is placed on the plate, which matches the goal of the task.**  
**CONFIDENCE: high**  

### Explanation:
1. **Required Objects in Final Positions:**
   - The tomato is clearly visible on the plate, indicating that it has been successfully placed there.
   - The plate is in the expected location on the counter.

2. **Main Objective Achieved:**
   - The task was to put the tomato on the plate. This has been completed as the tomato is visibly on the plate.

3. **No Obvious Signs of Incompleteness:**
   - There are no indications that the task is incomplete. The tomato is securely on the plate, and no additional steps appear to be necessary.

Given these observations, the task has been completed successfully.
2025-08-04 12:23:11,558 [INFO] [VERIFICATION] Verification result saved to: /Users/yuanda/Documents/embodied_reasoner/task_planner/data/data_pickup_and_put/FloorPlan3_pickup_and_put_0/verification_result.json
2025-08-04 12:23:11,558 [INFO] [VERIFICATION] Task completed successfully, exiting retry loop.
2025-08-04 12:23:11,629 [INFO] [TASK COMPLETE] Finished task test_001: put tomato on plate
2025-08-04 12:23:11,629 [INFO] All tasks completed successfully!
2025-08-04 12:23:11,629 [INFO] Error paths saved to: ./wrong_generte_path_list.json
2025-08-04 14:29:42,005 [INFO] metadata_path: /Users/yuanda/Documents/embodied_reasoner/data_engine/taskgenerate/kitchens/FloorPlan3/metadata.json
2025-08-04 14:29:42,009 [INFO] Task configuration - USE_TEST_TASKS: True, TEST_TASK_ID: test_001, RUN_ALL_TEST_TASKS: False
2025-08-04 14:29:42,009 [INFO] Looking for test task: test_001
2025-08-04 14:29:42,010 [INFO] Loaded 15 test tasks from /Users/yuanda/Documents/embodied_reasoner/data_engine/test_tasks.json
2025-08-04 14:29:42,010 [INFO] Test task search result: True
2025-08-04 14:29:42,010 [INFO] Will run test task: test_001
2025-08-04 14:29:42,010 [INFO] 

*********************************************************************
2025-08-04 14:29:42,010 [INFO] Running Task ID: test_001
2025-08-04 14:29:42,010 [INFO] Scene:FloorPlan3 Task_Type: pickup_and_put Task: put tomato on plate
2025-08-04 14:29:42,010 [INFO] *********************************************************************

2025-08-04 14:29:42,010 [INFO] taskname: put tomato on plate
2025-08-04 14:29:51,275 [INFO] Initialize return: {'cameraNearPlane': 0.009999999776482582, 'cameraFarPlane': 20.0}
2025-08-04 14:29:51,454 [INFO] Initialization succeeded
2025-08-04 14:29:51,456 [INFO] [ATTEMPT 1/3] Starting task attempt
2025-08-04 14:29:51,533 [WARNING] [RESET] Failed to reset robot position on attempt 1
2025-08-04 14:29:51,626 [INFO] [SESSION] Initialized SessionManager with ID: session_20250804_142951
2025-08-04 14:30:15,188 [INFO] [OBSERVATION] <Observation>
I see a modern kitchen with wooden cabinets and countertops. The countertops hold various objects including a toaster, a kettle, a pot, a cutting board with vegetables, a houseplant, and a bottle. There is a sink with a faucet, and a window letting in natural light. Shelves above the countertop display bottles and glasses. The floor features a dark stove with knobs, and there is a wooden shelf with hanging wine glasses. The overall layout is organized with a mix of functional and decorative elements.
</Observation>
2025-08-04 14:30:17,532 [INFO] [INITIAL TASK PLANNING] ['Find the tomato on the cutting board.', 'Pick up the tomato.', 'Find the plate on the countertop or another surface.', 'Put the tomato on the plate.']
2025-08-04 14:30:18,981 [INFO] [GENERAL QUESTION] Is there a specific size or condition (e.g., whole, sliced, fresh) for the tomato that should be placed on the plate, or can any tomato found on the cutting board be used?
2025-08-04 14:35:46,045 [INFO] metadata_path: /Users/yuanda/Documents/embodied_reasoner/data_engine/taskgenerate/kitchens/FloorPlan3/metadata.json
2025-08-04 14:35:46,048 [INFO] Task configuration - USE_TEST_TASKS: False, TEST_TASK_ID: test_001, RUN_ALL_TEST_TASKS: False
2025-08-04 14:35:46,048 [INFO] Using manually specified task
2025-08-04 14:35:46,048 [INFO] 

*********************************************************************
2025-08-04 14:35:46,048 [INFO] Running Task ID: manual_task
2025-08-04 14:35:46,048 [INFO] Scene:FloorPlan3 Task_Type: pickup_and_put Task: reorganize the kitchen
2025-08-04 14:35:46,048 [INFO] *********************************************************************

2025-08-04 14:35:46,048 [INFO] taskname: reorganize the kitchen
2025-08-04 14:35:54,151 [INFO] Initialize return: {'cameraNearPlane': 0.009999999776482582, 'cameraFarPlane': 20.0}
2025-08-04 14:35:54,271 [INFO] Initialization succeeded
2025-08-04 14:35:54,272 [INFO] [ATTEMPT 1/3] Starting task attempt
2025-08-04 14:35:54,332 [WARNING] [RESET] Failed to reset robot position on attempt 1
2025-08-04 14:35:54,404 [INFO] [SESSION] Initialized SessionManager with ID: session_20250804_143554
2025-08-04 14:36:18,126 [INFO] [OBSERVATION] <Observation>
In the room, I see a wooden countertop with various objects on it, including a toaster, a pot, and a cutting board with vegetables. There is a sink with a faucet and a plant on the counter. Above the countertop, there are shelves with bottles and glasses. A window is visible in the background, and there is a cabinet below the countertop. To the left, there is a stove with burners and knobs. The room has a wooden ceiling and walls, creating a warm and natural atmosphere.
</Observation>
2025-08-04 14:36:30,553 [INFO] [INITIAL TASK PLANNING] ['Assess the current state of the kitchen and identify areas that need reorganization.', 'Start with the countertop: gather all items on the countertop and sort them by category (e.g., cooking tools, utensils, food items).', 'Place the toaster on the counter near the outlet where it can be easily plugged in and accessed.', 'Move the cutting board and vegetables to a designated food preparation area, ensuring they are within reach of the sink and stove.', 'Organize the pot on the stove or store it in the cabinet if not in use, ensuring it is placed on the correct burner size.', 'Reposition the plant to a more aesthetically pleasing location, such as on the windowsill or a shelf, to add ambiance without obstructing functionality.', 'Check the shelves above the countertop: group bottles and glasses by type and size, ensuring they are easily accessible and neatly arranged.', 'Open the cabinet below the countertop and organize its contents: place frequently used items (e.g., utensils, small appliances) in easily reachable areas, and store less frequently used items (e.g., spare pots and pans) in deeper sections.', 'Wipe down the countertop, sink, and stove to remove any clutter or debris, ensuring the workspace is clean and ready for use.', 'Inspect the area around the window and make sure any items placed there are secure and not obstructing natural light or ventilation.', 'Step back and review the overall organization, making any final adjustments to ensure the kitchen is functional, visually appealing, and efficient.']
2025-08-04 14:36:32,982 [INFO] [GENERAL QUESTION] Are there any specific kitchen appliances or items that are particularly important to the user, and should they be prioritized or placed in a specific location during the reorganization process? Additionally, does the user have any personal preferences or habits that might influence how the kitchen should be organized (e.g., frequently used items, cooking style, or aesthetic preferences)?
2025-08-04 14:43:56,786 [INFO] [SESSION] Added QA record: decision_clarification question
2025-08-04 14:43:56,793 [INFO] [USER RESPONSE] just clean enough.
2025-08-04 14:44:12,305 [INFO] [RE-PLANNING BASED ON USER RESPONSE]
2025-08-04 14:44:12,306 [INFO] REPLAN?: True
2025-08-04 14:44:12,307 [INFO] Reason: The user's response "just clean enough" suggests they may prioritize cleanliness over comprehensive reorganization. This indicates a shift in focus, implying that the current plan, which involves both cleaning and reorganization, might not fully align with the user's expectations. Replanning is necessary to ensure the task aligns with the user's current priority of cleanliness rather than a full reorganization.
2025-08-04 14:44:31,248 [INFO] [DEBUG] LLM response for replan_subtasks_based_on_user_response: Based on the user's feedback "just clean enough," the revised task plan should prioritize cleaning and tidying up the kitchen to a reasonable extent, without focusing on detailed reorganization or aesthetic adjustments. The goal is to make the kitchen functional and visually acceptable, but not overly organized. Here is the revised plan:

<Subtask1>
Assess the current state of the kitchen and identify the most cluttered or dirty areas that need immediate attention.
</Subtask1>

<Subtask2>
Start with the countertop: gather all items on the countertop and sort them by category (e.g., cooking tools, utensils, food items) to create a basic level of order.
</Subtask2>

<Subtask3>
Wipe down the countertop, sink, and stove to remove any clutter or debris, ensuring the workspace is clean and ready for use.
</Subtask4>

<Subtask4>
Check the shelves above the countertop: group bottles and glasses by type and size, ensuring they are easily accessible and neatly arranged to a reasonable extent.
</Subtask4>

<Subtask5>
Open the cabinet below the countertop and organize its contents: place frequently used items (e.g., utensils, small appliances) in easily reachable areas, and store less frequently used items (e.g., spare pots and pans) in deeper sections. Aim for a clean and functional layout without excessive rearrangement.
</Subtask5>

<Subtask6>
Inspect the area around the window and make sure any items placed there are secure and not obstructing natural light or ventilation. Keep the windowsill clear and tidy.
</Subtask6>

<Subtask7>
Place the toaster on the counter near the outlet where it can be easily plugged in and accessed, ensuring it is in a convenient location.
</Subtask7>

<Subtask8>
Move the cutting board and vegetables to a designated food preparation area, ensuring they are within reach of the sink and stove. Keep them clean and organized to a basic level.
</Subtask8>

<Subtask9>
Organize the pot on the stove or store it in the cabinet if not in use, ensuring it is placed on the correct burner size. Aim for a clean and functional arrangement.
</Subtask9>

<Subtask10>
Inspect the plant and ensure it is not obstructing any functionality (e.g., blocking light or ventilation). If necessary, reposition it to a more convenient location, but avoid detailed aesthetic adjustments.
</Subtask10>

<Subtask11>
Step back and review the overall organization, making any final adjustments to ensure the kitchen is functional, visually acceptable, and clean enough to meet the user's requirements.
</Subtask11>

This revised plan focuses on cleaning and tidying up the kitchen to a reasonable level, prioritizing functionality and cleanliness over detailed reorganization or aesthetic preferences. The user's request for a "clean enough" approach is directly addressed by minimizing excessive rearrangement and focusing on basic organization and cleanliness.
2025-08-04 14:44:31,252 [INFO] [DEBUG] Parsed matches: [(1, 'Assess the current state of the kitchen and identify the most cluttered or dirty areas that need immediate attention.'), (2, 'Start with the countertop: gather all items on the countertop and sort them by category (e.g., cooking tools, utensils, food items) to create a basic level of order.'), (4, 'Check the shelves above the countertop: group bottles and glasses by type and size, ensuring they are easily accessible and neatly arranged to a reasonable extent.'), (5, 'Open the cabinet below the countertop and organize its contents: place frequently used items (e.g., utensils, small appliances) in easily reachable areas, and store less frequently used items (e.g., spare pots and pans) in deeper sections. Aim for a clean and functional layout without excessive rearrangement.'), (6, 'Inspect the area around the window and make sure any items placed there are secure and not obstructing natural light or ventilation. Keep the windowsill clear and tidy.'), (7, 'Place the toaster on the counter near the outlet where it can be easily plugged in and accessed, ensuring it is in a convenient location.'), (8, 'Move the cutting board and vegetables to a designated food preparation area, ensuring they are within reach of the sink and stove. Keep them clean and organized to a basic level.'), (9, 'Organize the pot on the stove or store it in the cabinet if not in use, ensuring it is placed on the correct burner size. Aim for a clean and functional arrangement.'), (10, 'Inspect the plant and ensure it is not obstructing any functionality (e.g., blocking light or ventilation). If necessary, reposition it to a more convenient location, but avoid detailed aesthetic adjustments.'), (11, "Step back and review the overall organization, making any final adjustments to ensure the kitchen is functional, visually acceptable, and clean enough to meet the user's requirements.")]
2025-08-04 14:44:31,255 [INFO] [REPLAN] Old subtasks: ['Assess the current state of the kitchen and identify areas that need reorganization.', 'Start with the countertop: gather all items on the countertop and sort them by category (e.g., cooking tools, utensils, food items).', 'Place the toaster on the counter near the outlet where it can be easily plugged in and accessed.', 'Move the cutting board and vegetables to a designated food preparation area, ensuring they are within reach of the sink and stove.', 'Organize the pot on the stove or store it in the cabinet if not in use, ensuring it is placed on the correct burner size.', 'Reposition the plant to a more aesthetically pleasing location, such as on the windowsill or a shelf, to add ambiance without obstructing functionality.', 'Check the shelves above the countertop: group bottles and glasses by type and size, ensuring they are easily accessible and neatly arranged.', 'Open the cabinet below the countertop and organize its contents: place frequently used items (e.g., utensils, small appliances) in easily reachable areas, and store less frequently used items (e.g., spare pots and pans) in deeper sections.', 'Wipe down the countertop, sink, and stove to remove any clutter or debris, ensuring the workspace is clean and ready for use.', 'Inspect the area around the window and make sure any items placed there are secure and not obstructing natural light or ventilation.', 'Step back and review the overall organization, making any final adjustments to ensure the kitchen is functional, visually appealing, and efficient.']
2025-08-04 14:44:31,255 [INFO] [REPLAN] New subtasks: ['Assess the current state of the kitchen and identify the most cluttered or dirty areas that need immediate attention.', 'Start with the countertop: gather all items on the countertop and sort them by category (e.g., cooking tools, utensils, food items) to create a basic level of order.', 'Check the shelves above the countertop: group bottles and glasses by type and size, ensuring they are easily accessible and neatly arranged to a reasonable extent.', 'Open the cabinet below the countertop and organize its contents: place frequently used items (e.g., utensils, small appliances) in easily reachable areas, and store less frequently used items (e.g., spare pots and pans) in deeper sections. Aim for a clean and functional layout without excessive rearrangement.', 'Inspect the area around the window and make sure any items placed there are secure and not obstructing natural light or ventilation. Keep the windowsill clear and tidy.', 'Place the toaster on the counter near the outlet where it can be easily plugged in and accessed, ensuring it is in a convenient location.', 'Move the cutting board and vegetables to a designated food preparation area, ensuring they are within reach of the sink and stove. Keep them clean and organized to a basic level.', 'Organize the pot on the stove or store it in the cabinet if not in use, ensuring it is placed on the correct burner size. Aim for a clean and functional arrangement.', 'Inspect the plant and ensure it is not obstructing any functionality (e.g., blocking light or ventilation). If necessary, reposition it to a more convenient location, but avoid detailed aesthetic adjustments.', "Step back and review the overall organization, making any final adjustments to ensure the kitchen is functional, visually acceptable, and clean enough to meet the user's requirements."]
2025-08-04 14:45:16,691 [INFO] [HIGH-LEVEL] Decomposing clean windowsill
2025-08-04 14:45:29,550 [INFO] [DECOMPOSE] clean windowsill -> 6 atomic actions
2025-08-04 14:45:29,551 [INFO]   1. search windowsill
2025-08-04 14:45:29,551 [INFO]   2. navigate windowsill
2025-08-04 14:45:29,551 [INFO]   3. search cloth
2025-08-04 14:45:29,551 [INFO]   4. pick_up cloth
2025-08-04 14:45:29,551 [INFO]   5. clean windowsill
2025-08-04 14:45:29,552 [INFO]   6. put cloth
2025-08-04 14:45:29,553 [INFO] [HIGH-LEVEL] Decomposing clean cutting_board
2025-08-04 14:46:17,597 [INFO] [DECOMPOSE] clean cutting_board -> 11 atomic actions
2025-08-04 14:46:17,599 [INFO]   1. search cutting_board
2025-08-04 14:46:17,599 [INFO]   2. navigate cutting_board
2025-08-04 14:46:17,599 [INFO]   3. pick_up cutting_board
2025-08-04 14:46:17,599 [INFO]   4. navigate sink
2025-08-04 14:46:17,599 [INFO]   5. put cutting_board sink
2025-08-04 14:46:17,599 [INFO]   6. toggle_on faucet
2025-08-04 14:46:17,599 [INFO]   7. clean cutting_board
2025-08-04 14:46:17,599 [INFO]   8. toggle_off faucet
2025-08-04 14:46:17,600 [INFO]   9. pick_up cutting_board
2025-08-04 14:46:17,600 [INFO]   10. navigate countertop
2025-08-04 14:46:17,600 [INFO]   11. put cutting_board countertop
2025-08-04 14:46:17,600 [INFO] [HIGH-LEVEL] Decomposing clean vegetables
2025-08-04 14:46:37,351 [INFO] [DECOMPOSE] clean vegetables -> 11 atomic actions
2025-08-04 14:46:37,359 [INFO]   1. search vegetables
2025-08-04 14:46:37,361 [INFO]   2. navigate vegetables
2025-08-04 14:46:37,361 [INFO]   3. pick_up vegetables
2025-08-04 14:46:37,361 [INFO]   4. navigate sink
2025-08-04 14:46:37,361 [INFO]   5. put vegetables sink
2025-08-04 14:46:37,361 [INFO]   6. toggle_on faucet
2025-08-04 14:46:37,362 [INFO]   7. clean vegetables
2025-08-04 14:46:37,362 [INFO]   8. toggle_off faucet
2025-08-04 14:46:37,362 [INFO]   9. pick_up vegetables
2025-08-04 14:46:37,362 [INFO]   10. navigate cutting_board
2025-08-04 14:46:37,362 [INFO]   11. put vegetables cutting_board
2025-08-04 14:46:37,363 [INFO] [HIGH-LEVEL] Decomposing clean pot
2025-08-04 14:46:52,563 [INFO] [DECOMPOSE] clean pot -> 8 atomic actions
2025-08-04 14:46:52,565 [INFO]   1. search pot
2025-08-04 14:46:52,565 [INFO]   2. navigate pot
2025-08-04 14:46:52,565 [INFO]   3. pick_up pot
2025-08-04 14:46:52,565 [INFO]   4. navigate sink
2025-08-04 14:46:52,565 [INFO]   5. put pot sink
2025-08-04 14:46:52,565 [INFO]   6. toggle_on faucet
2025-08-04 14:46:52,565 [INFO]   7. clean pot
2025-08-04 14:46:52,565 [INFO]   8. toggle_off faucet
2025-08-04 14:46:52,565 [WARNING] [UNKNOWN] Action adjust_if_needed not in supported actions list
2025-08-04 14:46:52,566 [INFO] [HIGH-LEVEL] Decomposing clean overall_kitchen
2025-08-04 14:47:37,795 [INFO] [DECOMPOSE] clean overall_kitchen -> 0 atomic actions
2025-08-04 14:47:37,798 [INFO] [DECISIONS] Generated 78 unique actions from 80 total actions
2025-08-04 14:47:37,798 [INFO] [SUBTASKS WITH DECISION] [{'action': 'search', 'objectType': 'countertop', 'targetObject': None, 'decisionmaking': 'search countertop'}, {'action': 'search', 'objectType': 'cooking_tools', 'targetObject': None, 'decisionmaking': 'search cooking_tools'}, {'action': 'pick_up', 'objectType': 'cooking_tools', 'targetObject': None, 'decisionmaking': 'pick_up cooking_tools'}, {'action': 'put', 'objectType': 'cooking_tools', 'targetObject': 'designated_area', 'decisionmaking': 'put cooking_tools designated_area'}, {'action': 'search', 'objectType': 'utensils', 'targetObject': None, 'decisionmaking': 'search utensils'}, {'action': 'pick_up', 'objectType': 'utensils', 'targetObject': None, 'decisionmaking': 'pick_up utensils'}, {'action': 'put', 'objectType': 'utensils', 'targetObject': 'designated_area', 'decisionmaking': 'put utensils designated_area'}, {'action': 'search', 'objectType': 'food_items', 'targetObject': None, 'decisionmaking': 'search food_items'}, {'action': 'pick_up', 'objectType': 'food_items', 'targetObject': None, 'decisionmaking': 'pick_up food_items'}, {'action': 'put', 'objectType': 'food_items', 'targetObject': 'designated_area', 'decisionmaking': 'put food_items designated_area'}, {'action': 'search', 'objectType': 'shelves', 'targetObject': None, 'decisionmaking': 'search shelves'}, {'action': 'search', 'objectType': 'bottles', 'targetObject': None, 'decisionmaking': 'search bottles'}, {'action': 'pick_up', 'objectType': 'bottles', 'targetObject': None, 'decisionmaking': 'pick_up bottles'}, {'action': 'put', 'objectType': 'bottles', 'targetObject': 'organized_location', 'decisionmaking': 'put bottles organized_location'}, {'action': 'search', 'objectType': 'glasses', 'targetObject': None, 'decisionmaking': 'search glasses'}, {'action': 'pick_up', 'objectType': 'glasses', 'targetObject': None, 'decisionmaking': 'pick_up glasses'}, {'action': 'put', 'objectType': 'glasses', 'targetObject': 'organized_location', 'decisionmaking': 'put glasses organized_location'}, {'action': 'navigate', 'objectType': 'to_cabinet', 'targetObject': None, 'decisionmaking': 'navigate to_cabinet'}, {'action': 'open', 'objectType': 'cabinet', 'targetObject': None, 'decisionmaking': 'open cabinet'}, {'action': 'search', 'objectType': 'cabinet_contents', 'targetObject': None, 'decisionmaking': 'search cabinet_contents'}, {'action': 'put', 'objectType': 'utensils', 'targetObject': 'easy_reach_section', 'decisionmaking': 'put utensils easy_reach_section'}, {'action': 'search', 'objectType': 'small_appliances', 'targetObject': None, 'decisionmaking': 'search small_appliances'}, {'action': 'pick_up', 'objectType': 'small_appliances', 'targetObject': None, 'decisionmaking': 'pick_up small_appliances'}, {'action': 'put', 'objectType': 'small_appliances', 'targetObject': 'easy_reach_section', 'decisionmaking': 'put small_appliances easy_reach_section'}, {'action': 'search', 'objectType': 'spare_pots_pans', 'targetObject': None, 'decisionmaking': 'search spare_pots_pans'}, {'action': 'pick_up', 'objectType': 'spare_pots_pans', 'targetObject': None, 'decisionmaking': 'pick_up spare_pots_pans'}, {'action': 'put', 'objectType': 'spare_pots_pans', 'targetObject': 'deep_section', 'decisionmaking': 'put spare_pots_pans deep_section'}, {'action': 'close', 'objectType': 'cabinet', 'targetObject': None, 'decisionmaking': 'close cabinet'}, {'action': 'navigate', 'objectType': 'to_window', 'targetObject': None, 'decisionmaking': 'navigate to_window'}, {'action': 'search', 'objectType': 'window_area', 'targetObject': None, 'decisionmaking': 'search window_area'}, {'action': 'search', 'objectType': 'obstructing_items', 'targetObject': None, 'decisionmaking': 'search obstructing_items'}, {'action': 'pick_up', 'objectType': 'obstructing_items', 'targetObject': None, 'decisionmaking': 'pick_up obstructing_items'}, {'action': 'put', 'objectType': 'obstructing_items', 'targetObject': 'designated_area', 'decisionmaking': 'put obstructing_items designated_area'}, {'action': 'search', 'objectType': 'windowsill', 'targetObject': None, 'decisionmaking': 'search windowsill'}, {'action': 'navigate', 'objectType': 'windowsill', 'targetObject': None, 'decisionmaking': 'navigate windowsill'}, {'action': 'search', 'objectType': 'cloth', 'targetObject': None, 'decisionmaking': 'search cloth'}, {'action': 'pick_up', 'objectType': 'cloth', 'targetObject': None, 'decisionmaking': 'pick_up cloth'}, {'action': 'clean', 'objectType': 'windowsill', 'targetObject': None, 'decisionmaking': 'clean windowsill'}, {'action': 'put', 'objectType': 'cloth', 'targetObject': None, 'decisionmaking': 'put cloth'}, {'action': 'search', 'objectType': 'toaster', 'targetObject': None, 'decisionmaking': 'search toaster'}, {'action': 'pick_up', 'objectType': 'toaster', 'targetObject': None, 'decisionmaking': 'pick_up toaster'}, {'action': 'navigate', 'objectType': 'to_counter', 'targetObject': None, 'decisionmaking': 'navigate to_counter'}, {'action': 'put', 'objectType': 'toaster', 'targetObject': 'counter', 'decisionmaking': 'put toaster counter'}, {'action': 'navigate', 'objectType': 'to_outlet', 'targetObject': None, 'decisionmaking': 'navigate to_outlet'}, {'action': 'toggle_on', 'objectType': 'outlet', 'targetObject': None, 'decisionmaking': 'toggle_on outlet'}, {'action': 'search', 'objectType': 'cutting_board', 'targetObject': None, 'decisionmaking': 'search cutting_board'}, {'action': 'pick_up', 'objectType': 'cutting_board', 'targetObject': None, 'decisionmaking': 'pick_up cutting_board'}, {'action': 'navigate', 'objectType': 'to_food_preparation_area', 'targetObject': None, 'decisionmaking': 'navigate to_food_preparation_area'}, {'action': 'put', 'objectType': 'cutting_board', 'targetObject': 'food_preparation_area', 'decisionmaking': 'put cutting_board food_preparation_area'}, {'action': 'search', 'objectType': 'vegetables', 'targetObject': None, 'decisionmaking': 'search vegetables'}, {'action': 'pick_up', 'objectType': 'vegetables', 'targetObject': None, 'decisionmaking': 'pick_up vegetables'}, {'action': 'put', 'objectType': 'vegetables', 'targetObject': 'food_preparation_area', 'decisionmaking': 'put vegetables food_preparation_area'}, {'action': 'navigate', 'objectType': 'cutting_board', 'targetObject': None, 'decisionmaking': 'navigate cutting_board'}, {'action': 'navigate', 'objectType': 'sink', 'targetObject': None, 'decisionmaking': 'navigate sink'}, {'action': 'put', 'objectType': 'cutting_board', 'targetObject': 'sink', 'decisionmaking': 'put cutting_board sink'}, {'action': 'toggle_on', 'objectType': 'faucet', 'targetObject': None, 'decisionmaking': 'toggle_on faucet'}, {'action': 'clean', 'objectType': 'cutting_board', 'targetObject': None, 'decisionmaking': 'clean cutting_board'}, {'action': 'toggle_off', 'objectType': 'faucet', 'targetObject': None, 'decisionmaking': 'toggle_off faucet'}, {'action': 'navigate', 'objectType': 'countertop', 'targetObject': None, 'decisionmaking': 'navigate countertop'}, {'action': 'put', 'objectType': 'cutting_board', 'targetObject': 'countertop', 'decisionmaking': 'put cutting_board countertop'}, {'action': 'navigate', 'objectType': 'vegetables', 'targetObject': None, 'decisionmaking': 'navigate vegetables'}, {'action': 'put', 'objectType': 'vegetables', 'targetObject': 'sink', 'decisionmaking': 'put vegetables sink'}, {'action': 'clean', 'objectType': 'vegetables', 'targetObject': None, 'decisionmaking': 'clean vegetables'}, {'action': 'put', 'objectType': 'vegetables', 'targetObject': 'cutting_board', 'decisionmaking': 'put vegetables cutting_board'}, {'action': 'search', 'objectType': 'pot', 'targetObject': None, 'decisionmaking': 'search pot'}, {'action': 'pick_up', 'objectType': 'pot', 'targetObject': None, 'decisionmaking': 'pick_up pot'}, {'action': 'navigate', 'objectType': 'to_stove', 'targetObject': None, 'decisionmaking': 'navigate to_stove'}, {'action': 'put', 'objectType': 'pot', 'targetObject': 'correct_burner_size', 'decisionmaking': 'put pot correct_burner_size'}, {'action': 'navigate', 'objectType': 'pot', 'targetObject': None, 'decisionmaking': 'navigate pot'}, {'action': 'put', 'objectType': 'pot', 'targetObject': 'sink', 'decisionmaking': 'put pot sink'}, {'action': 'clean', 'objectType': 'pot', 'targetObject': None, 'decisionmaking': 'clean pot'}, {'action': 'search', 'objectType': 'cabinet', 'targetObject': None, 'decisionmaking': 'search cabinet'}, {'action': 'put', 'objectType': 'pot', 'targetObject': 'cabinet', 'decisionmaking': 'put pot cabinet'}, {'action': 'search', 'objectType': 'plant', 'targetObject': None, 'decisionmaking': 'search plant'}, {'action': 'pick_up', 'objectType': 'plant', 'targetObject': None, 'decisionmaking': 'pick_up plant'}, {'action': 'put', 'objectType': 'plant', 'targetObject': 'non_obstructing_location', 'decisionmaking': 'put plant non_obstructing_location'}, {'action': 'navigate', 'objectType': 'around_kitchen', 'targetObject': None, 'decisionmaking': 'navigate around_kitchen'}, {'action': 'search', 'objectType': 'kitchen', 'targetObject': None, 'decisionmaking': 'search kitchen'}]
2025-08-04 14:47:40,538 [INFO] [EXECUTE] search countertop
2025-08-04 14:47:41,145 [INFO] [SEARCH] Found visible countertop in current view
2025-08-04 14:47:44,063 [INFO] [EXECUTE] search cooking_tools
2025-08-04 14:47:45,426 [INFO] [SEARCH] Checking Spoon
2025-08-04 14:47:46,825 [INFO] [SEARCH] Could not find visible cooking_tools in/on Spoon
2025-08-04 14:47:46,825 [WARNING] [SEARCH] Could not find visible cooking_tools after checking all possible locations
2025-08-04 14:47:46,825 [ERROR] [ERROR] Search failed for cooking_tools, requesting user assistance.
2025-08-04 14:47:46,825 [INFO] [SESSION] Added failure record: search_failure
2025-08-04 14:47:53,023 [INFO] [ERROR HANDLING] Analysis: The robot attempted to search for "cooking_tools" but was unable to locate them in any of the possible locations. This suggests that the cooking tools might not be where the robot expects them to be, or they may have been moved, hidden, or are not present in the kitchen at all. Since the task involves reorganizing the kitchen, finding the cooking tools is crucial for proper placement and accessibility.
2025-08-04 14:47:53,023 [INFO] [ERROR HANDLING] Asking user for help: I encountered an issue while trying to reorganize the kitchen. The robot searched for "cooking_tools" but couldn't find them in any of the usual locations. Could you please provide more information about where the cooking tools might be located? Are they in a specific area or container, or have they been moved somewhere else? Knowing their current location will help me proceed with the reorganization task effectively. If they are not in the kitchen, should I skip this step or continue searching for them elsewhere? Thank you!
2025-08-04 14:48:32,591 [INFO] [SESSION] Added QA record: error_assistance question
2025-08-04 14:48:35,822 [INFO] [DEBUG] Parsed strategy: 'skip', reason: 'The user explicitly instructed to skip the step of searching for "cooking_tools." This indicates that the tools are not in the kitchen or are not needed for the current reorganization task. Skipping this step aligns with the user's input and allows the robot to proceed with the remaining actions without further searching for the missing tools.'
2025-08-04 14:48:35,823 [INFO] [DEBUG] Original LLM result: STRATEGY: skip  
REASON: The user explicitly instructed to skip the step of searching for "cooking_tools." This indicates that the tools are not in the kitchen or are not needed for the current reorganization task. Skipping this step aligns with the user's input and allows the robot to proceed with the remaining actions without further searching for the missing tools.  
ACTION: Proceed to the next step in the reorganization task, which is "search utensils."
2025-08-04 14:48:35,823 [INFO] [ERROR RECOVERY] Strategy: skip
2025-08-04 14:48:35,823 [INFO] [ERROR RECOVERY] Reason: The user explicitly instructed to skip the step of searching for "cooking_tools." This indicates that the tools are not in the kitchen or are not needed for the current reorganization task. Skipping this step aligns with the user's input and allows the robot to proceed with the remaining actions without further searching for the missing tools.
2025-08-04 14:48:35,824 [INFO] [ERROR RECOVERY] User advised strategy: skip
2025-08-04 14:48:35,824 [INFO] [ERROR RECOVERY] Skipping search for cooking_tools as advised by user
2025-08-04 14:48:39,513 [INFO] [EXECUTE] pick_up cooking_tools
2025-08-04 14:48:39,788 [INFO] [DEBUG] Looking for cooking_tools to pick_up
2025-08-04 14:48:39,788 [INFO] [DEBUG] Visible objects: ['Cabinet(Cabinet|+00.58|+00.78|-02.05)', 'CoffeeMachine(CoffeeMachine|+01.13|+01.31|-01.43)', 'CounterTop(CounterTop|-01.81|+01.36|+01.18)', 'Floor(Floor|+00.00|+00.22|-00.82)', 'Fork(Fork|+00.62|+01.31|-02.48)', 'Knife(Knife|+00.72|+01.32|-02.20)', 'LightSwitch(LightSwitch|+01.39|+01.57|-00.66)', 'Microwave(Microwave|+00.99|+01.31|-02.16)', 'PepperShaker(PepperShaker|+00.47|+01.31|-03.00)', 'SaltShaker(SaltShaker|+00.33|+01.31|-02.83)', 'Spoon(Spoon|+00.61|+01.32|-02.36)', 'Stool(Stool|+00.61|+00.22|-01.08)', 'WineBottle(WineBottle|+00.96|+01.31|-01.01)']
2025-08-04 14:48:39,788 [ERROR] [ERROR] Cannot interact with cooking_tools as it is not visible. Please use 'search' first.
2025-08-04 14:48:39,788 [INFO] [VERIFICATION] Starting task verification...
2025-08-04 14:48:40,083 [INFO] [VERIFY] Saved verification image: /Users/yuanda/Documents/embodied_reasoner/task_planner/data/data_pickup_and_put/FloorPlan3_pickup_and_put_0/verification/final_verification.png
2025-08-04 14:48:52,732 [INFO] [VERIFY] Task verification result: SUCCESS=False, CONFIDENCE=unknown
2025-08-04 14:48:52,733 [INFO] [VERIFY] Reason: ** The image shows a kitchen countertop that appears cluttered and not organized according to the plan. Key observations include:  
- The toaster (or similar appliance) is not near an outlet for easy access, which contradicts the instruction to place it conveniently.  
- There is no clear separation or categorization of items on the countertop; for example, the knife, spoon, and fork are scattered without apparent organization.  
- The cutting board and vegetables are not mentioned in the image, so their proper placement cannot be verified.  
- The pot is not visible on the stove or in a cabinet, and the stove itself is not in the image.  
- The microwave and other appliances appear to be in place, but the overall arrangement lacks the systematic organization outlined in the plan.  
- There are no visible signs of the kitchen shelves, cabinets, or window area being addressed.  

**CONFIDENCE:** High  

The image clearly shows a lack of adherence to the organizational plan, with items scattered and not placed in expected positions.
2025-08-04 14:48:52,733 [WARNING] [VERIFICATION] ✗ Task may not be completed. (Confidence: unknown)
2025-08-04 14:48:52,733 [WARNING] [VERIFICATION] Reason: ** The image shows a kitchen countertop that appears cluttered and not organized according to the plan. Key observations include:  
- The toaster (or similar appliance) is not near an outlet for easy access, which contradicts the instruction to place it conveniently.  
- There is no clear separation or categorization of items on the countertop; for example, the knife, spoon, and fork are scattered without apparent organization.  
- The cutting board and vegetables are not mentioned in the image, so their proper placement cannot be verified.  
- The pot is not visible on the stove or in a cabinet, and the stove itself is not in the image.  
- The microwave and other appliances appear to be in place, but the overall arrangement lacks the systematic organization outlined in the plan.  
- There are no visible signs of the kitchen shelves, cabinets, or window area being addressed.  

**CONFIDENCE:** High  

The image clearly shows a lack of adherence to the organizational plan, with items scattered and not placed in expected positions.
2025-08-04 14:48:52,733 [ERROR] [ERROR] 'TaskPlanner' object has no attribute 'handle_execution_error', try again.
2025-08-04 14:48:52,742 [INFO] [ATTEMPT 2/3] Starting task attempt
2025-08-04 14:48:52,946 [WARNING] [RESET] Failed to reset robot position on attempt 2
2025-08-04 14:48:53,012 [INFO] [SESSION] Initialized SessionManager with ID: session_20250804_144853
2025-08-04 14:49:00,967 [INFO] [OBSERVATION] <Observation> 
In the room, I see a wooden table as the central object. On the table, there is a red and black coffee machine, a black microwave with a digital display showing "OFF," a large metallic pot, a knife with a yellow handle, a spoon, and a fork. To the left, there is a wooden chair partially visible. The background includes a wooden wall, suggesting a kitchen or dining area. A metallic object resembling a test tube with a red cap is also on the table. The overall setting indicates a functional kitchen space with various appliances and utensils.
</Observation>
2025-08-04 14:49:13,370 [INFO] [INITIAL TASK PLANNING] ['**Identify the items on the table and their current positions.**', '**Determine the desired organization of items (e.g., grouping similar items, prioritizing frequently used items).**', '**Pick up the knife with the yellow handle and place it in a utensil holder or drawer.**', '**Pick up the spoon and fork and place them in a utensil holder or drawer.**', '**Pick up the metallic pot and place it on the stove or store it in a cabinet.**', '**Pick up the test tube with the red cap and place it in a designated storage area (e.g., a container or drawer for small items).**', '**Move the coffee machine to a more convenient location on the table or countertop, ensuring it has enough space for operation.**', '**Move the microwave to a designated spot on the countertop or cabinet, ensuring it is easily accessible and plugged in.**', '**Arrange the wooden chair to ensure it is neatly positioned and does not obstruct movement in the kitchen.**', '**Clean the table surface to remove any spills or debris, ensuring it is ready for future use.**', '**Inspect the organization and make any necessary adjustments to ensure the kitchen is functional and tidy.**']
2025-08-04 14:49:15,074 [INFO] [GENERAL QUESTION] How frequently are the various items used in the kitchen, and are there any specific areas or zones (e.g., food preparation, cooking, cleanup) that should be prioritized during the reorganization to improve efficiency and functionality?
2025-08-04 14:50:40,342 [INFO] [SESSION] Added QA record: decision_clarification question
2025-08-04 14:50:40,348 [INFO] [USER RESPONSE] i prefer classify items which have commen function.
2025-08-04 14:50:43,987 [INFO] [RE-PLANNING BASED ON USER RESPONSE]
2025-08-04 14:50:43,987 [INFO] REPLAN?: True
2025-08-04 14:50:43,987 [INFO] Reason: The user prefers to classify items by their common function, which is a different organizational approach than the one currently outlined in the plan. The current plan focuses on grouping similar items and prioritizing frequently used items without explicitly considering their functional similarity. To align with the user's preference, the robot should replan the task to prioritize organizing items based on their shared functions, which may involve regrouping the items and potentially adjusting the storage locations accordingly. This ensures that the organization process meets the user's specific requirements.
2025-08-04 14:51:03,963 [INFO] [DEBUG] LLM response for replan_subtasks_based_on_user_response: To address the user's request to classify items by their common function, the revised plan will group items into functional categories and prioritize tasks based on these groupings. This approach ensures that items with similar purposes are organized together, improving efficiency and functionality in the kitchen.

Here is the revised plan:

### Revised Plan:
<Subtask1>Identify the items on the table and their current positions.</Subtask1>
<Subtask2>Classify items into functional groups:
  - Cooking appliances: Coffee machine, microwave, metallic pot.
  - Utensils: Knife with yellow handle, spoon, fork.
  - Miscellaneous: Test tube with red cap (lab equipment, not typical kitchen use).
  - Furniture: Wooden chair.
</Subtask2>
<Subtask3>Organize the cooking appliances:
  - Move the coffee machine to a convenient location on the table or countertop, ensuring it has enough space for operation.
  - Move the microwave to a designated spot on the countertop or cabinet, ensuring it is easily accessible and plugged in.
  - Pick up the metallic pot and place it on the stove or store it in a cabinet.
</Subtask3>
<Subtask4>Organize the utensils:
  - Pick up the knife with the yellow handle and place it in a utensil holder or drawer.
  - Pick up the spoon and fork and place them in a utensil holder or drawer.
</Subtask4>
<Subtask5>Handle the miscellaneous item:
  - Pick up the test tube with the red cap and place it in a designated storage area (e.g., a container or drawer for small items). If this item is not typically used in the kitchen, consider storing it elsewhere, such as a lab or workspace.
</Subtask5>
<Subtask6>Organize the furniture:
  - Arrange the wooden chair to ensure it is neatly positioned and does not obstruct movement in the kitchen.
</Subtask6>
<Subtask7>Clean the table surface to remove any spills or debris, ensuring it is ready for future use.</Subtask7>
<Subtask8>Inspect the organization and make any necessary adjustments to ensure the kitchen is functional, tidy, and items are grouped by their common function.</Subtask8>

### Explanation of Changes:
1. **Classification by Function**: The plan starts by explicitly classifying items into functional groups (cooking appliances, utensils, miscellaneous, furniture). This aligns with the user's request to prioritize common functions.
2. **Grouped Organization**: Tasks are reordered to group similar items together. Cooking appliances are organized first, followed by utensils, then miscellaneous items, and finally furniture.
3. **Efficiency and Clarity**: By focusing on functional categories, the plan ensures that items used for similar purposes are stored together, improving workflow and accessibility in the kitchen.
4. **Flexibility for Miscellaneous Items**: The test tube with the red cap is acknowledged as an outlier (not typical kitchen equipment) and is stored in a designated area, highlighting the importance of considering the context of each item.

This revised plan directly addresses the user's request and ensures that the kitchen is organized in a way that maximizes functionality and efficiency based on item classification.
2025-08-04 14:51:03,965 [INFO] [DEBUG] Parsed matches: [(1, 'Identify the items on the table and their current positions.'), (2, 'Classify items into functional groups:\n  - Cooking appliances: Coffee machine, microwave, metallic pot.\n  - Utensils: Knife with yellow handle, spoon, fork.\n  - Miscellaneous: Test tube with red cap (lab equipment, not typical kitchen use).\n  - Furniture: Wooden chair.'), (3, 'Organize the cooking appliances:\n  - Move the coffee machine to a convenient location on the table or countertop, ensuring it has enough space for operation.\n  - Move the microwave to a designated spot on the countertop or cabinet, ensuring it is easily accessible and plugged in.\n  - Pick up the metallic pot and place it on the stove or store it in a cabinet.'), (4, 'Organize the utensils:\n  - Pick up the knife with the yellow handle and place it in a utensil holder or drawer.\n  - Pick up the spoon and fork and place them in a utensil holder or drawer.'), (5, 'Handle the miscellaneous item:\n  - Pick up the test tube with the red cap and place it in a designated storage area (e.g., a container or drawer for small items). If this item is not typically used in the kitchen, consider storing it elsewhere, such as a lab or workspace.'), (6, 'Organize the furniture:\n  - Arrange the wooden chair to ensure it is neatly positioned and does not obstruct movement in the kitchen.'), (7, 'Clean the table surface to remove any spills or debris, ensuring it is ready for future use.'), (8, 'Inspect the organization and make any necessary adjustments to ensure the kitchen is functional, tidy, and items are grouped by their common function.')]
2025-08-04 14:51:03,966 [INFO] [REPLAN] Old subtasks: ['**Identify the items on the table and their current positions.**', '**Determine the desired organization of items (e.g., grouping similar items, prioritizing frequently used items).**', '**Pick up the knife with the yellow handle and place it in a utensil holder or drawer.**', '**Pick up the spoon and fork and place them in a utensil holder or drawer.**', '**Pick up the metallic pot and place it on the stove or store it in a cabinet.**', '**Pick up the test tube with the red cap and place it in a designated storage area (e.g., a container or drawer for small items).**', '**Move the coffee machine to a more convenient location on the table or countertop, ensuring it has enough space for operation.**', '**Move the microwave to a designated spot on the countertop or cabinet, ensuring it is easily accessible and plugged in.**', '**Arrange the wooden chair to ensure it is neatly positioned and does not obstruct movement in the kitchen.**', '**Clean the table surface to remove any spills or debris, ensuring it is ready for future use.**', '**Inspect the organization and make any necessary adjustments to ensure the kitchen is functional and tidy.**']
2025-08-04 14:51:03,966 [INFO] [REPLAN] New subtasks: ['Identify the items on the table and their current positions.', 'Classify items into functional groups:\n  - Cooking appliances: Coffee machine, microwave, metallic pot.\n  - Utensils: Knife with yellow handle, spoon, fork.\n  - Miscellaneous: Test tube with red cap (lab equipment, not typical kitchen use).\n  - Furniture: Wooden chair.', 'Organize the cooking appliances:\n  - Move the coffee machine to a convenient location on the table or countertop, ensuring it has enough space for operation.\n  - Move the microwave to a designated spot on the countertop or cabinet, ensuring it is easily accessible and plugged in.\n  - Pick up the metallic pot and place it on the stove or store it in a cabinet.', 'Organize the utensils:\n  - Pick up the knife with the yellow handle and place it in a utensil holder or drawer.\n  - Pick up the spoon and fork and place them in a utensil holder or drawer.', 'Handle the miscellaneous item:\n  - Pick up the test tube with the red cap and place it in a designated storage area (e.g., a container or drawer for small items). If this item is not typically used in the kitchen, consider storing it elsewhere, such as a lab or workspace.', 'Organize the furniture:\n  - Arrange the wooden chair to ensure it is neatly positioned and does not obstruct movement in the kitchen.', 'Clean the table surface to remove any spills or debris, ensuring it is ready for future use.', 'Inspect the organization and make any necessary adjustments to ensure the kitchen is functional, tidy, and items are grouped by their common function.']
2025-08-04 14:51:33,393 [INFO] [HIGH-LEVEL] Decomposing clean table
2025-08-04 14:52:21,375 [INFO] [DECOMPOSE] clean table -> 6 atomic actions
2025-08-04 14:52:21,376 [INFO]   1. search table
2025-08-04 14:52:21,376 [INFO]   2. navigate table
2025-08-04 14:52:21,376 [INFO]   3. search cleaning_tool
2025-08-04 14:52:21,376 [INFO]   4. pick_up cleaning_tool
2025-08-04 14:52:21,376 [INFO]   5. clean table
2025-08-04 14:52:21,376 [INFO]   6. put cleaning_tool storage
2025-08-04 14:52:21,376 [WARNING] [UNKNOWN] Action inspect not in supported actions list
2025-08-04 14:52:21,376 [INFO] [HIGH-LEVEL] Decomposing clean table
2025-08-04 14:52:40,833 [INFO] [DECOMPOSE] clean table -> 9 atomic actions
2025-08-04 14:52:40,833 [INFO]   1. search table
2025-08-04 14:52:40,834 [INFO]   2. navigate table
2025-08-04 14:52:40,834 [INFO]   3. search cleaning tools
2025-08-04 14:52:40,834 [INFO]   4. navigate cleaning tools
2025-08-04 14:52:40,834 [INFO]   5. pick_up cleaning tools
2025-08-04 14:52:40,834 [INFO]   6. navigate table
2025-08-04 14:52:40,834 [INFO]   7. clean table
2025-08-04 14:52:40,834 [INFO]   8. navigate cleaning tools
2025-08-04 14:52:40,835 [INFO]   9. put cleaning tools
2025-08-04 14:52:40,835 [WARNING] [UNKNOWN] Action inspect not in supported actions list
2025-08-04 14:52:40,835 [INFO] [DECISIONS] Generated 42 unique actions from 48 total actions
2025-08-04 14:52:40,836 [INFO] [SUBTASKS WITH DECISION] [{'action': 'search', 'objectType': 'table', 'targetObject': None, 'decisionmaking': 'search table'}, {'action': 'search', 'objectType': 'coffee_machine', 'targetObject': None, 'decisionmaking': 'search coffee_machine'}, {'action': 'search', 'objectType': 'microwave', 'targetObject': None, 'decisionmaking': 'search microwave'}, {'action': 'search', 'objectType': 'metallic_pot', 'targetObject': None, 'decisionmaking': 'search metallic_pot'}, {'action': 'search', 'objectType': 'knife_yellow_handle', 'targetObject': None, 'decisionmaking': 'search knife_yellow_handle'}, {'action': 'search', 'objectType': 'spoon', 'targetObject': None, 'decisionmaking': 'search spoon'}, {'action': 'search', 'objectType': 'fork', 'targetObject': None, 'decisionmaking': 'search fork'}, {'action': 'search', 'objectType': 'test_tube_red_cap', 'targetObject': None, 'decisionmaking': 'search test_tube_red_cap'}, {'action': 'search', 'objectType': 'wooden_chair', 'targetObject': None, 'decisionmaking': 'search wooden_chair'}, {'action': 'search', 'objectType': 'utensil_holder', 'targetObject': None, 'decisionmaking': 'search utensil_holder'}, {'action': 'search', 'objectType': 'cabinet', 'targetObject': None, 'decisionmaking': 'search cabinet'}, {'action': 'search', 'objectType': 'stove', 'targetObject': None, 'decisionmaking': 'search stove'}, {'action': 'search', 'objectType': 'designated_storage_area', 'targetObject': None, 'decisionmaking': 'search designated_storage_area'}, {'action': 'search', 'objectType': 'designated_spot_on_countertop', 'targetObject': None, 'decisionmaking': 'search designated_spot_on_countertop'}, {'action': 'search', 'objectType': 'designated_spot_on_cabinet', 'targetObject': None, 'decisionmaking': 'search designated_spot_on_cabinet'}, {'action': 'search', 'objectType': 'designated_utensil_storage', 'targetObject': None, 'decisionmaking': 'search designated_utensil_storage'}, {'action': 'search', 'objectType': 'designated_chair_position', 'targetObject': None, 'decisionmaking': 'search designated_chair_position'}, {'action': 'navigate', 'objectType': 'table', 'targetObject': None, 'decisionmaking': 'navigate table'}, {'action': 'search', 'objectType': 'cleaning_tool', 'targetObject': None, 'decisionmaking': 'search cleaning_tool'}, {'action': 'pick_up', 'objectType': 'cleaning_tool', 'targetObject': None, 'decisionmaking': 'pick_up cleaning_tool'}, {'action': 'clean', 'objectType': 'table', 'targetObject': None, 'decisionmaking': 'clean table'}, {'action': 'put', 'objectType': 'cleaning_tool', 'targetObject': 'storage', 'decisionmaking': 'put cleaning_tool storage'}, {'action': 'pick_up', 'objectType': 'coffee_machine', 'targetObject': None, 'decisionmaking': 'pick_up coffee_machine'}, {'action': 'put', 'objectType': 'coffee_machine', 'targetObject': 'designated_spot_on_countertop', 'decisionmaking': 'put coffee_machine designated_spot_on_countertop'}, {'action': 'pick_up', 'objectType': 'microwave', 'targetObject': None, 'decisionmaking': 'pick_up microwave'}, {'action': 'put', 'objectType': 'microwave', 'targetObject': 'designated_spot_on_cabinet', 'decisionmaking': 'put microwave designated_spot_on_cabinet'}, {'action': 'pick_up', 'objectType': 'metallic_pot', 'targetObject': None, 'decisionmaking': 'pick_up metallic_pot'}, {'action': 'put', 'objectType': 'metallic_pot', 'targetObject': 'stove', 'decisionmaking': 'put metallic_pot stove'}, {'action': 'pick_up', 'objectType': 'knife_yellow_handle', 'targetObject': None, 'decisionmaking': 'pick_up knife_yellow_handle'}, {'action': 'put', 'objectType': 'knife_yellow_handle', 'targetObject': 'utensil_holder', 'decisionmaking': 'put knife_yellow_handle utensil_holder'}, {'action': 'pick_up', 'objectType': 'spoon', 'targetObject': None, 'decisionmaking': 'pick_up spoon'}, {'action': 'put', 'objectType': 'spoon', 'targetObject': 'utensil_holder', 'decisionmaking': 'put spoon utensil_holder'}, {'action': 'pick_up', 'objectType': 'fork', 'targetObject': None, 'decisionmaking': 'pick_up fork'}, {'action': 'put', 'objectType': 'fork', 'targetObject': 'utensil_holder', 'decisionmaking': 'put fork utensil_holder'}, {'action': 'pick_up', 'objectType': 'test_tube_red_cap', 'targetObject': None, 'decisionmaking': 'pick_up test_tube_red_cap'}, {'action': 'put', 'objectType': 'test_tube_red_cap', 'targetObject': 'designated_storage_area', 'decisionmaking': 'put test_tube_red_cap designated_storage_area'}, {'action': 'pick_up', 'objectType': 'wooden_chair', 'targetObject': None, 'decisionmaking': 'pick_up wooden_chair'}, {'action': 'put', 'objectType': 'wooden_chair', 'targetObject': 'designated_chair_position', 'decisionmaking': 'put wooden_chair designated_chair_position'}, {'action': 'search', 'objectType': 'cleaning', 'targetObject': 'tools', 'decisionmaking': 'search cleaning tools'}, {'action': 'navigate', 'objectType': 'cleaning', 'targetObject': 'tools', 'decisionmaking': 'navigate cleaning tools'}, {'action': 'pick_up', 'objectType': 'cleaning', 'targetObject': 'tools', 'decisionmaking': 'pick_up cleaning tools'}, {'action': 'put', 'objectType': 'cleaning', 'targetObject': 'tools', 'decisionmaking': 'put cleaning tools'}]
2025-08-04 14:52:44,646 [INFO] [EXECUTE] search table
2025-08-04 14:52:45,458 [INFO] [SEARCH] Checking CounterTop
2025-08-04 14:52:47,597 [INFO] [SEARCH] Could not find visible table in/on CounterTop
2025-08-04 14:52:47,597 [WARNING] [SEARCH] Could not find visible table after checking all possible locations
2025-08-04 14:52:47,597 [ERROR] [ERROR] Search failed for table, requesting user assistance.
2025-08-04 14:52:47,597 [INFO] [SESSION] Added failure record: search_failure
2025-08-04 14:52:52,980 [INFO] [ERROR HANDLING] Analysis: The robot attempted to locate a table as part of the "reorganize the kitchen" task but was unable to find it in the possible locations. This suggests that the table may not be in the expected area or is obscured, making it difficult for the robot to identify or access.
2025-08-04 14:52:52,981 [INFO] [ERROR HANDLING] Asking user for help: The robot was trying to locate the table as part of reorganizing the kitchen, but it couldn't find it in the usual places. Could you please confirm if the table has been moved or if there is anything blocking it? Additionally, could you provide guidance on where the table is currently located or suggest any alternative methods for the robot to find it? If possible, could you also confirm if the table's position is part of the reorganization plan? This information will help the robot proceed with the task effectively.
2025-08-04 15:06:19,505 [INFO] [SESSION] Added QA record: error_assistance question
2025-08-04 15:06:36,741 [INFO] [DEBUG] Parsed strategy: '**modify**', reason: 'The user's response "table is counterpart" is unclear and does not directly address the robot's questions about the table's location or whether it has been moved. However, the word "counterpart" might imply that the table is located near or associated with a countertop. Given the ambiguity, the robot should modify its search strategy to focus on areas around the countertop or other locations that could reasonably be considered "counterparts" to the table.'
2025-08-04 15:06:36,741 [INFO] [DEBUG] Original LLM result: STRATEGY: **modify**

REASON: The user's response "table is counterpart" is unclear and does not directly address the robot's questions about the table's location or whether it has been moved. However, the word "counterpart" might imply that the table is located near or associated with a countertop. Given the ambiguity, the robot should modify its search strategy to focus on areas around the countertop or other locations that could reasonably be considered "counterparts" to the table.

ACTION: Search areas near the countertop or designated storage areas that could serve as "counterparts" to the table. If the table is not found, the robot should re-engage the user for clarification.
2025-08-04 15:06:36,741 [INFO] [ERROR RECOVERY] Strategy: **modify**
2025-08-04 15:06:36,741 [INFO] [ERROR RECOVERY] Reason: The user's response "table is counterpart" is unclear and does not directly address the robot's questions about the table's location or whether it has been moved. However, the word "counterpart" might imply that the table is located near or associated with a countertop. Given the ambiguity, the robot should modify its search strategy to focus on areas around the countertop or other locations that could reasonably be considered "counterparts" to the table.
2025-08-04 15:06:36,741 [INFO] [ERROR RECOVERY] User advised strategy: **modify**
2025-08-04 15:06:36,741 [INFO] [ERROR RECOVERY] Stopping execution as advised by user
2025-08-04 15:06:36,742 [INFO] [VERIFICATION] Starting task verification...
2025-08-04 15:06:37,099 [INFO] [VERIFY] Saved verification image: /Users/yuanda/Documents/embodied_reasoner/task_planner/data/data_pickup_and_put/FloorPlan3_pickup_and_put_0/verification/final_verification.png
2025-08-04 15:06:58,945 [INFO] [VERIFY] Task verification result: SUCCESS=False, CONFIDENCE=medium
2025-08-04 15:06:58,945 [INFO] [VERIFY] Reason: Some required objects (e.g., microwave, metallic pot, knife with yellow handle, spoon, fork, test tube with red cap) are not clearly visible or organized as specified in the plan.**  
**CONFIDENCE: medium**
2025-08-04 15:06:58,946 [WARNING] [VERIFICATION] ✗ Task may not be completed. (Confidence: medium)
2025-08-04 15:06:58,946 [WARNING] [VERIFICATION] Reason: Some required objects (e.g., microwave, metallic pot, knife with yellow handle, spoon, fork, test tube with red cap) are not clearly visible or organized as specified in the plan.**  
**CONFIDENCE: medium**
2025-08-04 15:06:58,946 [ERROR] [ERROR] 'TaskPlanner' object has no attribute 'handle_execution_error', try again.
2025-08-04 15:06:58,951 [WARNING] [RETRY 2 TIMES, JUMP THE TASK]
2025-08-04 15:06:59,032 [INFO] [TASK COMPLETE] Finished task manual_task: reorganize the kitchen
2025-08-04 15:06:59,032 [INFO] All tasks completed successfully!
2025-08-04 15:06:59,032 [INFO] Error paths saved to: ./wrong_generte_path_list.json
2025-08-04 15:30:02,818 [INFO] metadata_path: /Users/yuanda/Documents/embodied_reasoner/data_engine/taskgenerate/kitchens/FloorPlan3/metadata.json
2025-08-04 15:30:02,820 [INFO] Task configuration - USE_TEST_TASKS: False, TEST_TASK_ID: test_001, RUN_ALL_TEST_TASKS: False
2025-08-04 15:30:02,820 [INFO] Using manually specified task
2025-08-04 15:30:02,820 [INFO] 

*********************************************************************
2025-08-04 15:30:02,820 [INFO] Running Task ID: manual_task
2025-08-04 15:30:02,820 [INFO] Scene:FloorPlan3 Task_Type: pickup_and_put Task: reorganize the kitchen
2025-08-04 15:30:02,820 [INFO] *********************************************************************

2025-08-04 15:30:02,820 [INFO] taskname: reorganize the kitchen
2025-08-04 15:30:10,748 [INFO] Initialize return: {'cameraNearPlane': 0.009999999776482582, 'cameraFarPlane': 20.0}
2025-08-04 15:30:10,919 [INFO] Initialization succeeded
2025-08-04 15:30:10,920 [INFO] [ATTEMPT 1/3] Starting task attempt
2025-08-04 15:30:10,984 [WARNING] [RESET] Failed to reset robot position on attempt 1
2025-08-04 15:30:11,050 [INFO] [SESSION] Initialized SessionManager with ID: session_20250804_153011
2025-08-04 15:30:11,050 [INFO] Starting scene randomization for FloorPlan3
2025-08-04 15:30:11,050 [INFO] Found 8 moveable objects
2025-08-04 15:30:11,050 [INFO] Found 8 available receptacles
2025-08-04 15:30:11,640 [WARNING] Failed to randomize position for Plate after 10 attempts
2025-08-04 15:30:12,286 [WARNING] Failed to randomize position for SoapBottle after 10 attempts
2025-08-04 15:30:12,887 [WARNING] Failed to randomize position for Apple after 10 attempts
2025-08-04 15:30:12,887 [INFO] Successfully randomized 0/3 objects
2025-08-04 15:30:12,966 [INFO] Randomized 1 openable objects
2025-08-04 15:30:12,966 [INFO] Scene randomization completed for FloorPlan3
2025-08-04 15:36:25,829 [INFO] metadata_path: /Users/yuanda/Documents/embodied_reasoner/data_engine/taskgenerate/kitchens/FloorPlan3/metadata.json
2025-08-04 15:36:25,831 [INFO] Task configuration - USE_TEST_TASKS: False, TEST_TASK_ID: test_001, RUN_ALL_TEST_TASKS: False
2025-08-04 15:36:25,832 [INFO] Using manually specified task
2025-08-04 15:36:25,832 [INFO] 

*********************************************************************
2025-08-04 15:36:25,832 [INFO] Running Task ID: manual_task
2025-08-04 15:36:25,832 [INFO] Scene:FloorPlan3 Task_Type: pickup_and_put Task: reorganize the kitchen
2025-08-04 15:36:25,832 [INFO] *********************************************************************

2025-08-04 15:36:25,832 [INFO] taskname: reorganize the kitchen
2025-08-04 15:36:38,513 [INFO] Initialize return: {'cameraNearPlane': 0.009999999776482582, 'cameraFarPlane': 20.0}
2025-08-04 15:36:38,629 [INFO] Starting scene randomization for FloorPlan3
2025-08-04 15:36:38,630 [INFO] Found 8 moveable objects
2025-08-04 15:36:38,630 [INFO] Found 8 available receptacles
2025-08-04 15:36:39,224 [WARNING] Failed to randomize position for Bowl after 10 attempts
2025-08-04 15:36:40,034 [WARNING] Failed to randomize position for Plate after 10 attempts
2025-08-04 15:36:41,304 [WARNING] Failed to randomize position for Lettuce after 10 attempts
2025-08-04 15:36:41,305 [INFO] Successfully randomized 0/3 objects
2025-08-04 15:36:41,307 [INFO] Initialization succeeded
2025-08-04 15:36:41,308 [INFO] [ATTEMPT 1/3] Starting task attempt
2025-08-04 15:36:41,380 [WARNING] [RESET] Failed to reset robot position on attempt 1
2025-08-04 15:36:41,443 [INFO] [SESSION] Initialized SessionManager with ID: session_20250804_153641
2025-08-04 15:45:24,098 [INFO] metadata_path: /Users/yuanda/Documents/embodied_reasoner/data_engine/taskgenerate/kitchens/FloorPlan3/metadata.json
2025-08-04 15:45:24,100 [INFO] Task configuration - USE_TEST_TASKS: False, TEST_TASK_ID: test_001, RUN_ALL_TEST_TASKS: False
2025-08-04 15:45:24,100 [INFO] Using manually specified task
2025-08-04 15:45:24,100 [INFO] 

*********************************************************************
2025-08-04 15:45:24,100 [INFO] Running Task ID: manual_task
2025-08-04 15:45:24,100 [INFO] Scene:FloorPlan3 Task_Type: pickup_and_put Task: put tomato on the plate
2025-08-04 15:45:24,100 [INFO] *********************************************************************

2025-08-04 15:45:24,100 [INFO] taskname: put tomato on the plate
2025-08-04 15:45:31,170 [INFO] Initialize return: {'cameraNearPlane': 0.009999999776482582, 'cameraFarPlane': 20.0}
2025-08-04 15:45:31,282 [INFO] Starting scene randomization for FloorPlan3
2025-08-04 15:45:31,282 [INFO] Found 8 moveable objects
2025-08-04 15:45:31,282 [INFO] Found 8 available receptacles
2025-08-04 15:45:31,876 [WARNING] Failed to randomize position for SoapBottle after 10 attempts
2025-08-04 15:45:32,426 [WARNING] Failed to randomize position for Egg after 10 attempts
2025-08-04 15:45:32,984 [WARNING] Failed to randomize position for Plate after 10 attempts
2025-08-04 15:45:32,984 [INFO] Successfully randomized 0/3 objects
2025-08-04 15:45:32,984 [INFO] Initialization succeeded
2025-08-04 15:45:32,984 [INFO] [ATTEMPT 1/3] Starting task attempt
2025-08-04 15:45:33,042 [WARNING] [RESET] Failed to reset robot position on attempt 1
2025-08-04 15:45:33,103 [INFO] [SESSION] Initialized SessionManager with ID: session_20250804_154533
2025-08-04 16:11:17,695 [INFO] [SCENE_MANAGER] Randomization config loaded: enabled=True, ratio=0.4
2025-08-04 16:11:17,695 [INFO] metadata_path: /Users/yuanda/Documents/embodied_reasoner/data_engine/taskgenerate/kitchens/FloorPlan3/metadata.json
2025-08-04 16:11:17,697 [INFO] Task configuration - USE_TEST_TASKS: False, TEST_TASK_ID: test_001, RUN_ALL_TEST_TASKS: False
2025-08-04 16:11:17,697 [INFO] Using manually specified task
2025-08-04 16:11:17,697 [INFO] 

*********************************************************************
2025-08-04 16:11:17,698 [INFO] Running Task ID: manual_task
2025-08-04 16:11:17,698 [INFO] Scene:FloorPlan3 Task_Type: pickup_and_put Task: put tomato on the plate
2025-08-04 16:11:17,698 [INFO] *********************************************************************

2025-08-04 16:11:17,698 [INFO] taskname: put tomato on the plate
2025-08-04 16:11:26,126 [INFO] Initialize return: {'cameraNearPlane': 0.009999999776482582, 'cameraFarPlane': 20.0}
2025-08-04 16:11:26,254 [INFO] [SCENE_RANDOMIZATION] Randomization enabled: True
2025-08-04 16:11:26,254 [INFO] [SCENE_RANDOMIZATION] Starting scene randomization for scene: FloorPlan3
2025-08-04 16:11:26,254 [INFO] [RANDOMIZATION] Starting scene randomization for FloorPlan3
2025-08-04 16:11:26,254 [INFO] [RANDOMIZATION] Total objects in scene: 59
2025-08-04 16:11:26,255 [INFO] [RANDOMIZATION] Filter results: {'not_moveable_type': 45, 'not_pickupable': 0, 'already_picked': 0, 'not_visible_or_interactable': 6, 'passed_filter': 8}
2025-08-04 16:11:26,255 [INFO] [RANDOMIZATION] Found 8 moveable objects out of 59 total objects
2025-08-04 16:11:26,255 [INFO] [RANDOMIZATION] Moveable object types found: {'Lettuce', 'SoapBottle', 'Potato', 'Apple', 'Bread', 'Bowl', 'Plate', 'Egg'}
2025-08-04 16:11:26,255 [INFO] Found 8 available receptacles
2025-08-04 16:11:28,308 [INFO] [RANDOMIZATION] Successfully moved SoapBottle to Sink
2025-08-04 16:11:28,308 [INFO] Successfully randomized 3/3 objects
2025-08-04 16:11:28,309 [INFO] [SCENE_RANDOMIZATION] Randomization result: True
2025-08-04 16:11:28,311 [INFO] Initialization succeeded
2025-08-04 16:11:28,311 [INFO] [ATTEMPT 1/3] Starting task attempt
2025-08-04 16:11:28,379 [WARNING] [RESET] Failed to reset robot position on attempt 1
2025-08-04 16:11:28,444 [INFO] [SESSION] Initialized SessionManager with ID: session_20250804_161128
2025-08-04 16:11:55,450 [INFO] [OBSERVATION] <Observation> 
I am in a kitchen. In front of me, there is a CounterTop with various objects on it, including a Pot, a SinkBasin, a Fridge, a Knife, a HousePlant, a StoveBurner, WineBottles, a Pan, a CoffeeMachine, a PepperShaker, a Faucet, a Window, a SaltShaker, a Cup, and a Plate. To the right, there is a Cabinet with Drawers and a Microwave. The SinkBasin is positioned near the Faucet, and the StoveBurner is located on the left side of the CounterTop. The Window is situated above the SinkBasin, and the HousePlant is placed near the Window. The WineBottles are arranged on a shelf above the CounterTop. The Fridge is positioned to the left of the CounterTop. The Microwave is located on the Cabinet to the right. The Cabinet has multiple Drawers. The Cup is placed near the SinkBasin. The Plate is on the CounterTop. </Observation>
2025-08-04 16:11:57,535 [INFO] [INITIAL TASK PLANNING] ['Find the tomato', 'Pick up the tomato', 'Find the plate', 'Put the tomato on the plate']
2025-08-04 16:11:58,600 [INFO] [GENERAL QUESTION] Could you specify if the tomato needs to be washed or prepared in any way before putting it on the plate?
2025-08-04 16:12:14,893 [INFO] [SESSION] Added QA record: decision_clarification question
2025-08-04 16:12:14,894 [INFO] [USER RESPONSE] need to be washed
2025-08-04 16:12:17,770 [INFO] [RE-PLANNING BASED ON USER RESPONSE]
2025-08-04 16:12:17,771 [INFO] REPLAN?: True
2025-08-04 16:12:17,772 [INFO] Reason: The user's response indicates that the tomato needs to be washed before it can be put on the plate. This adds an additional step to the task that was not initially included in the plan. Therefore, it is necessary to replan the task to ensure that the tomato is washed before being placed on the plate. The updated plan should include finding and washing the tomato before proceeding with the rest of the task.
2025-08-04 16:12:22,892 [INFO] [DEBUG] LLM response for replan_subtasks_based_on_user_response: Based on the user's feedback that the tomato needs to be washed before being put on the plate, the revised plan should incorporate an additional step to wash the tomato. Here is the revised subtask sequence:

<Subtask1>Find the tomato</Subtask1>  
<Subtask2>Pick up the tomato</Subtask2>  
<Subtask3>Find the SinkBasin</Subtask3>  
<Subtask4>Wash the tomato in the SinkBasin</Subtask4>  
<Subtask5>Find the plate</Subtask5>  
<Subtask6>Put the tomato on the plate</Subtask6>  

This revised plan ensures that the tomato is washed before being placed on the plate, addressing the user's specific request.
2025-08-04 16:12:22,894 [INFO] [DEBUG] Parsed matches: [(1, 'Find the tomato'), (2, 'Pick up the tomato'), (3, 'Find the SinkBasin'), (4, 'Wash the tomato in the SinkBasin'), (5, 'Find the plate'), (6, 'Put the tomato on the plate')]
2025-08-04 16:12:22,895 [INFO] [REPLAN] Old subtasks: ['Find the tomato', 'Pick up the tomato', 'Find the plate', 'Put the tomato on the plate']
2025-08-04 16:12:22,895 [INFO] [REPLAN] New subtasks: ['Find the tomato', 'Pick up the tomato', 'Find the SinkBasin', 'Wash the tomato in the SinkBasin', 'Find the plate', 'Put the tomato on the plate']
2025-08-04 16:12:33,124 [INFO] [HIGH-LEVEL] Decomposing wash tomato
2025-08-04 16:13:20,049 [INFO] [DECOMPOSE] wash tomato -> 10 atomic actions
2025-08-04 16:13:20,050 [INFO]   1. search tomato
2025-08-04 16:13:20,050 [INFO]   2. pick_up tomato
2025-08-04 16:13:20,050 [INFO]   3. search sink
2025-08-04 16:13:20,050 [INFO]   4. navigate sink
2025-08-04 16:13:20,050 [INFO]   5. toggle_on faucet
2025-08-04 16:13:20,050 [INFO]   6. clean tomato
2025-08-04 16:13:20,050 [INFO]   7. toggle_off faucet
2025-08-04 16:13:20,050 [INFO]   8. search plate
2025-08-04 16:13:20,051 [INFO]   9. navigate plate
2025-08-04 16:13:20,051 [INFO]   10. put tomato plate
2025-08-04 16:13:20,051 [INFO] [DECISIONS] Generated 13 unique actions from 8 total actions
2025-08-04 16:13:20,051 [INFO] [SUBTASKS WITH DECISION] [{'action': 'search', 'objectType': 'tomato', 'targetObject': None, 'decisionmaking': 'search tomato'}, {'action': 'pick_up', 'objectType': 'tomato', 'targetObject': None, 'decisionmaking': 'pick_up tomato'}, {'action': 'search', 'objectType': 'SinkBasin', 'targetObject': None, 'decisionmaking': 'search SinkBasin'}, {'action': 'toggle_on', 'objectType': 'SinkBasin', 'targetObject': None, 'decisionmaking': 'toggle_on SinkBasin'}, {'action': 'search', 'objectType': 'sink', 'targetObject': None, 'decisionmaking': 'search sink'}, {'action': 'navigate', 'objectType': 'sink', 'targetObject': None, 'decisionmaking': 'navigate sink'}, {'action': 'toggle_on', 'objectType': 'faucet', 'targetObject': None, 'decisionmaking': 'toggle_on faucet'}, {'action': 'clean', 'objectType': 'tomato', 'targetObject': None, 'decisionmaking': 'clean tomato'}, {'action': 'toggle_off', 'objectType': 'faucet', 'targetObject': None, 'decisionmaking': 'toggle_off faucet'}, {'action': 'search', 'objectType': 'plate', 'targetObject': None, 'decisionmaking': 'search plate'}, {'action': 'navigate', 'objectType': 'plate', 'targetObject': None, 'decisionmaking': 'navigate plate'}, {'action': 'put', 'objectType': 'tomato', 'targetObject': 'plate', 'decisionmaking': 'put tomato plate'}, {'action': 'toggle_off', 'objectType': 'SinkBasin', 'targetObject': None, 'decisionmaking': 'toggle_off SinkBasin'}]
2025-08-04 16:13:23,972 [INFO] [EXECUTE] search tomato
2025-08-04 16:13:24,854 [INFO] [SEARCH] Checking Fridge
2025-08-04 16:13:27,188 [INFO] [SEARCH] Fridge is closed, opening for search...
2025-08-04 16:13:27,329 [INFO] [SEARCH] Successfully opened Fridge for searching tomato
2025-08-04 16:13:27,452 [INFO] [SEARCH] Found visible tomato in/on Fridge
2025-08-04 16:13:32,900 [INFO] [EXECUTE] pick_up tomato
2025-08-04 16:13:33,143 [INFO] [DEBUG] Looking for tomato to pick_up
2025-08-04 16:13:33,143 [INFO] [DEBUG] Visible objects: ['Drawer(Drawer|+00.65|+00.60|+01.02)', 'Drawer(Drawer|+00.65|+00.85|+01.02)', 'Floor(Floor|+00.00|+00.22|-00.82)', 'Fridge(Fridge|+01.01|+00.23|+01.92)', 'SideTable(SideTable|+00.98|+00.22|+00.87)', 'Tomato(Tomato|+00.92|+01.91|+01.61)']
2025-08-04 16:13:33,143 [INFO] [DEBUG] Selected first matching tomato (ID: Tomato|+00.92|+01.91|+01.61)
2025-08-04 16:13:33,144 [INFO] [DEBUG] Final selected object: Tomato (ID: Tomato|+00.92|+01.91|+01.61)
2025-08-04 16:13:33,144 [INFO] [EXECUTE] Executing pick_up on tomato (ID: Tomato|+00.92|+01.91|+01.61)
2025-08-04 16:13:33,325 [INFO] [SUCCESS] pick_up on tomato completed successfully
2025-08-04 16:13:33,325 [INFO] [DEBUG] Recorded recent interaction: tomato -> Tomato|+00.92|+01.91|+01.61
2025-08-04 16:13:33,325 [INFO] [SEARCH CLEANUP] Closing 1 containers that were opened for search
2025-08-04 16:13:33,382 [INFO] [SEARCH CLEANUP] Closing Fridge (ID: Fridge|+01.01|+00.23|+01.92)
2025-08-04 16:13:33,793 [INFO] [SEARCH CLEANUP] Successfully closed Fridge
2025-08-04 16:13:37,192 [INFO] [EXECUTE] search SinkBasin
2025-08-04 16:13:37,878 [INFO] [SEARCH] Checking SinkBasin
2025-08-04 16:13:39,576 [INFO] [SEARCH] Found visible SinkBasin in/on SinkBasin
2025-08-04 16:13:43,601 [INFO] [EXECUTE] toggle_on SinkBasin
2025-08-04 16:13:43,803 [INFO] [DEBUG] Looking for SinkBasin to toggle_on
2025-08-04 16:13:43,803 [INFO] [DEBUG] Visible objects: ['Bowl(Bowl|-01.82|+01.31|+00.27)', 'Bread(Bread|-01.51|+01.38|+00.66)', 'Cabinet(Cabinet|-01.46|+00.78|-02.00)', 'Cabinet(Cabinet|-01.46|+00.78|+00.47)', 'Cabinet(Cabinet|-01.46|+00.78|+01.31)', 'CounterTop(CounterTop|-01.81|+01.36|+01.18)', 'DishSponge(DishSponge|-02.05|+01.33|-00.96)', 'Drawer(Drawer|-01.61|+00.68|-01.22)', 'Drawer(Drawer|-01.61|+00.68|-00.43)', 'Egg(Egg|-01.57|+01.36|-01.05)', 'Faucet(Faucet|-02.13|+01.32|-00.81)', 'Floor(Floor|+00.00|+00.22|-00.82)', 'HousePlant(HousePlant|-02.03|+01.31|-00.03)', 'Lettuce(Lettuce|-01.89|+01.40|-01.07)', 'Mug(Mug|-01.97|+01.04|-00.43)', 'PaperTowelRoll(PaperTowelRoll|-02.04|+01.42|-01.90)', 'Pot(Pot|-01.58|+01.31|-01.58)', 'Potato(Potato|-01.61|+01.36|-01.24)', 'Sink(Sink|-01.99|+01.14|-00.98)', 'SinkBasin(Sink|-01.99|+01.14|-00.98|SinkBasin)', 'SoapBottle(SoapBottle|-01.79|+01.31|-00.10)', 'Tomato(Tomato|+00.92|+01.91|+01.61)', 'Window(Window|-02.57|+01.80|-00.82)']
2025-08-04 16:13:43,803 [INFO] [DEBUG] Selected first matching SinkBasin (ID: Sink|-01.99|+01.14|-00.98|SinkBasin)
2025-08-04 16:13:43,803 [INFO] [DEBUG] Final selected object: SinkBasin (ID: Sink|-01.99|+01.14|-00.98|SinkBasin)
2025-08-04 16:13:43,804 [INFO] [EXECUTE] Executing toggle_on on SinkBasin (ID: Sink|-01.99|+01.14|-00.98|SinkBasin)
2025-08-04 16:13:44,053 [INFO] [SUCCESS] toggle_on on SinkBasin completed successfully
2025-08-04 16:13:44,053 [INFO] [DEBUG] Recorded recent interaction: sinkbasin -> Sink|-01.99|+01.14|-00.98|SinkBasin
2025-08-04 16:13:47,225 [INFO] [EXECUTE] search sink
2025-08-04 16:13:47,444 [INFO] [SEARCH] Found visible sink in current view
2025-08-04 16:13:50,818 [INFO] [EXECUTE] navigate sink
2025-08-04 16:13:54,563 [INFO] [EXECUTE] toggle_on faucet
2025-08-04 16:13:54,807 [INFO] [DEBUG] Looking for faucet to toggle_on
2025-08-04 16:13:54,808 [INFO] [DEBUG] Visible objects: ['Bowl(Bowl|-01.82|+01.31|+00.27)', 'Bread(Bread|-01.51|+01.38|+00.66)', 'Cabinet(Cabinet|-01.46|+00.78|-02.00)', 'Cabinet(Cabinet|-01.46|+00.78|+00.47)', 'Cabinet(Cabinet|-01.46|+00.78|+01.31)', 'CounterTop(CounterTop|-01.81|+01.36|+01.18)', 'Drawer(Drawer|-01.61|+00.68|-01.22)', 'Drawer(Drawer|-01.61|+00.68|-00.43)', 'Egg(Egg|-01.57|+01.36|-01.05)', 'Faucet(Faucet|-02.13|+01.32|-00.81)', 'Floor(Floor|+00.00|+00.22|-00.82)', 'HousePlant(HousePlant|-02.03|+01.31|-00.03)', 'Lettuce(Lettuce|-01.89|+01.40|-01.07)', 'Mug(Mug|-01.97|+01.04|-00.43)', 'PaperTowelRoll(PaperTowelRoll|-02.04|+01.42|-01.90)', 'Pot(Pot|-01.58|+01.31|-01.58)', 'Potato(Potato|-01.61|+01.36|-01.24)', 'Sink(Sink|-01.99|+01.14|-00.98)', 'SinkBasin(Sink|-01.99|+01.14|-00.98|SinkBasin)', 'SoapBottle(SoapBottle|-01.79|+01.31|-00.10)', 'Toaster(Toaster|-01.89|+01.31|-02.51)', 'Tomato(Tomato|+00.92|+01.91|+01.61)', 'Window(Window|-02.57|+01.80|-00.82)']
2025-08-04 16:13:54,843 [INFO] [DEBUG] Selected first matching faucet (ID: Faucet|-02.13|+01.32|-00.81)
2025-08-04 16:13:54,902 [INFO] [DEBUG] Final selected object: Faucet (ID: Faucet|-02.13|+01.32|-00.81)
2025-08-04 16:13:54,902 [INFO] [EXECUTE] Executing toggle_on on faucet (ID: Faucet|-02.13|+01.32|-00.81)
2025-08-04 16:13:55,392 [INFO] [SUCCESS] toggle_on on faucet completed successfully
2025-08-04 16:13:55,393 [INFO] [DEBUG] Recorded recent interaction: faucet -> Faucet|-02.13|+01.32|-00.81
2025-08-04 16:13:57,686 [INFO] [EXECUTE] clean tomato
2025-08-04 16:13:57,803 [INFO] [DEBUG] Looking for tomato to clean
2025-08-04 16:13:57,803 [INFO] [DEBUG] Visible objects: ['Bowl(Bowl|-01.82|+01.31|+00.27)', 'Bread(Bread|-01.51|+01.38|+00.66)', 'Cabinet(Cabinet|-01.46|+00.78|-02.00)', 'Cabinet(Cabinet|-01.46|+00.78|+00.47)', 'Cabinet(Cabinet|-01.46|+00.78|+01.31)', 'CounterTop(CounterTop|-01.81|+01.36|+01.18)', 'Drawer(Drawer|-01.61|+00.68|-01.22)', 'Drawer(Drawer|-01.61|+00.68|-00.43)', 'Egg(Egg|-01.57|+01.36|-01.05)', 'Faucet(Faucet|-02.13|+01.32|-00.81)', 'Floor(Floor|+00.00|+00.22|-00.82)', 'HousePlant(HousePlant|-02.03|+01.31|-00.03)', 'Lettuce(Lettuce|-01.89|+01.40|-01.07)', 'Mug(Mug|-01.97|+01.04|-00.43)', 'PaperTowelRoll(PaperTowelRoll|-02.04|+01.42|-01.90)', 'Pot(Pot|-01.58|+01.31|-01.58)', 'Potato(Potato|-01.61|+01.36|-01.24)', 'Sink(Sink|-01.99|+01.14|-00.98)', 'SinkBasin(Sink|-01.99|+01.14|-00.98|SinkBasin)', 'SoapBottle(SoapBottle|-01.79|+01.31|-00.10)', 'Toaster(Toaster|-01.89|+01.31|-02.51)', 'Tomato(Tomato|+00.92|+01.91|+01.61)', 'Window(Window|-02.57|+01.80|-00.82)']
2025-08-04 16:13:57,804 [INFO] [DEBUG] Found recently interacted tomato (ID: Tomato|+00.92|+01.91|+01.61)
2025-08-04 16:13:57,804 [INFO] [DEBUG] Using recently interacted tomato for clean
2025-08-04 16:13:57,804 [INFO] [DEBUG] Final selected object: Tomato (ID: Tomato|+00.92|+01.91|+01.61)
2025-08-04 16:13:57,804 [INFO] [EXECUTE] Executing clean on tomato (ID: Tomato|+00.92|+01.91|+01.61)
2025-08-04 16:13:58,056 [INFO] [SUCCESS] clean on tomato completed successfully
2025-08-04 16:13:58,056 [INFO] [DEBUG] Recorded recent interaction: tomato -> Tomato|+00.92|+01.91|+01.61
2025-08-04 16:14:01,525 [INFO] [EXECUTE] toggle_off faucet
2025-08-04 16:14:01,716 [INFO] [DEBUG] Looking for faucet to toggle_off
2025-08-04 16:14:01,716 [INFO] [DEBUG] Visible objects: ['Bowl(Bowl|-01.82|+01.31|+00.27)', 'Bread(Bread|-01.51|+01.38|+00.66)', 'Cabinet(Cabinet|-01.46|+00.78|-02.00)', 'Cabinet(Cabinet|-01.46|+00.78|+00.47)', 'Cabinet(Cabinet|-01.46|+00.78|+01.31)', 'CounterTop(CounterTop|-01.81|+01.36|+01.18)', 'Drawer(Drawer|-01.61|+00.68|-01.22)', 'Drawer(Drawer|-01.61|+00.68|-00.43)', 'Egg(Egg|-01.57|+01.36|-01.05)', 'Faucet(Faucet|-02.13|+01.32|-00.81)', 'Floor(Floor|+00.00|+00.22|-00.82)', 'HousePlant(HousePlant|-02.03|+01.31|-00.03)', 'Lettuce(Lettuce|-01.89|+01.40|-01.07)', 'Mug(Mug|-01.97|+01.04|-00.43)', 'PaperTowelRoll(PaperTowelRoll|-02.04|+01.42|-01.90)', 'Pot(Pot|-01.58|+01.31|-01.58)', 'Potato(Potato|-01.61|+01.36|-01.24)', 'Sink(Sink|-01.99|+01.14|-00.98)', 'SinkBasin(Sink|-01.99|+01.14|-00.98|SinkBasin)', 'SoapBottle(SoapBottle|-01.79|+01.31|-00.10)', 'Toaster(Toaster|-01.89|+01.31|-02.51)', 'Tomato(Tomato|+00.92|+01.91|+01.61)', 'Window(Window|-02.57|+01.80|-00.82)']
2025-08-04 16:14:01,717 [INFO] [DEBUG] Found recently interacted faucet (ID: Faucet|-02.13|+01.32|-00.81)
2025-08-04 16:14:01,717 [INFO] [DEBUG] Using recently interacted faucet for toggle_off
2025-08-04 16:14:01,717 [INFO] [DEBUG] Final selected object: Faucet (ID: Faucet|-02.13|+01.32|-00.81)
2025-08-04 16:14:01,717 [INFO] [EXECUTE] Executing toggle_off on faucet (ID: Faucet|-02.13|+01.32|-00.81)
2025-08-04 16:14:01,961 [INFO] [SUCCESS] toggle_off on faucet completed successfully
2025-08-04 16:14:01,961 [INFO] [DEBUG] Recorded recent interaction: faucet -> Faucet|-02.13|+01.32|-00.81
2025-08-04 16:14:04,747 [INFO] [EXECUTE] search plate
2025-08-04 16:14:05,276 [INFO] [SEARCH] Checking Plate
2025-08-04 16:14:06,727 [INFO] [SEARCH] Found visible plate in/on Plate
2025-08-04 16:14:10,102 [INFO] [EXECUTE] navigate plate
2025-08-04 16:14:14,506 [INFO] [EXECUTE] put tomato plate
2025-08-04 16:14:16,075 [INFO] [EXECUTE] Putting Tomato on/in Plate
2025-08-04 16:14:16,639 [INFO] [SUCCESS] Put action completed successfully
2025-08-04 16:14:20,597 [INFO] [EXECUTE] toggle_off SinkBasin
2025-08-04 16:14:20,815 [INFO] [DEBUG] Looking for SinkBasin to toggle_off
2025-08-04 16:14:20,815 [INFO] [DEBUG] Visible objects: ['Apple(Apple|-01.75|+01.37|-01.16)', 'Cabinet(Cabinet|-01.46|+00.78|-02.00)', 'Cabinet(Cabinet|-01.46|+00.78|+00.47)', 'Drawer(Drawer|-01.61|+00.68|-01.22)', 'Drawer(Drawer|-01.61|+00.68|-00.43)', 'Floor(Floor|+00.00|+00.22|-00.82)', 'Plate(Plate|-01.47|+01.31|+00.24)', 'Stool(Stool|+00.61|+00.22|-01.08)', 'Tomato(Tomato|+00.92|+01.91|+01.61)']
2025-08-04 16:14:20,816 [ERROR] [ERROR] Cannot interact with SinkBasin as it is not visible. Please use 'search' first.
2025-08-04 16:14:20,816 [INFO] [VERIFICATION] Starting task verification...
2025-08-04 16:14:21,118 [INFO] [VERIFY] Saved verification image: /Users/yuanda/Documents/embodied_reasoner/task_planner/data/data_pickup_and_put/FloorPlan3_pickup_and_put_0/verification/final_verification.png
2025-08-04 16:14:30,715 [INFO] [VERIFY] Task verification result: SUCCESS=False, CONFIDENCE=unknown
2025-08-04 16:14:30,716 [INFO] [VERIFY] Reason: ** The task was to put the tomato on a plate. However, there is no visible plate in the image where the tomato could be placed. Instead, there is an apple on a dark surface (possibly a plate), but the tomato is still on the floor, indicating that the main objective of placing the tomato on a plate has not been achieved.

**CONFIDENCE:** High

The absence of a plate for the tomato and the presence of the tomato on the floor clearly indicate that the task has not been completed. The apple on the dark surface does not fulfill the requirement of the task, as it is unrelated to the tomato. Therefore, the task is incomplete.
2025-08-04 16:14:30,716 [WARNING] [VERIFICATION] ✗ Task may not be completed. (Confidence: unknown)
2025-08-04 16:14:30,717 [WARNING] [VERIFICATION] Reason: ** The task was to put the tomato on a plate. However, there is no visible plate in the image where the tomato could be placed. Instead, there is an apple on a dark surface (possibly a plate), but the tomato is still on the floor, indicating that the main objective of placing the tomato on a plate has not been achieved.

**CONFIDENCE:** High

The absence of a plate for the tomato and the presence of the tomato on the floor clearly indicate that the task has not been completed. The apple on the dark surface does not fulfill the requirement of the task, as it is unrelated to the tomato. Therefore, the task is incomplete.
2025-08-04 16:14:30,718 [ERROR] [ERROR HANDLING] Exception in error handler: 'str' object is not a mapping
2025-08-04 16:14:30,720 [INFO] [VERIFICATION] Verification result saved to: /Users/yuanda/Documents/embodied_reasoner/task_planner/data/data_pickup_and_put/FloorPlan3_pickup_and_put_0/verification_result.json
2025-08-04 16:14:30,720 [INFO] [ATTEMPT 2/3] Starting task attempt
2025-08-04 16:14:31,185 [WARNING] [RESET] Failed to reset robot position on attempt 2
2025-08-04 16:14:31,265 [INFO] [RESET] Dropping held object: Tomato|+00.92|+01.91|+01.61
2025-08-04 16:14:34,775 [INFO] [SESSION] Initialized SessionManager with ID: session_20250804_161434
2025-08-04 16:14:44,720 [INFO] [OBSERVATION] <Observation> 
I see a wooden CounterTop in front of me, with a dark gray Kettle placed on it. Below the counter, there is a white Cabinet with an open drawer revealing a red Tomato inside. To the right, there is a white Cabinet with closed doors. A dark brown floor extends throughout the room, and a portion of a dark gray Fridge is visible on the far right. A wooden Stool is present in the foreground, and a Tomato is lying on the floor near the center of the room. A light source illuminates the Tomato, creating a shadow on the floor. The room also features a Window with a white frame. </Observation>
2025-08-04 16:14:47,418 [INFO] [INITIAL TASK PLANNING] ['Find the tomato in the open drawer below the counter.', 'Pick up the tomato from the open drawer.', 'Move towards the plate on the counter.', 'Place the tomato on the plate.']
2025-08-04 16:14:49,752 [INFO] [GENERAL QUESTION] Is the tomato already visible and accessible in the open drawer, or should we first check if it is indeed there? Also, is the plate on the counter clearly identifiable, or should we verify its location before proceeding? Additionally, are there any specific precautions or considerations when placing the tomato on the plate, such as ensuring it doesn't slip or damage the plate?
2025-08-04 16:16:04,573 [INFO] [SESSION] Added QA record: decision_clarification question
2025-08-04 16:16:04,578 [INFO] [USER RESPONSE] tomato and the plate are both on the floor. please pick them up and put on the countertop
2025-08-04 16:16:08,076 [INFO] [RE-PLANNING BASED ON USER RESPONSE]
2025-08-04 16:16:08,077 [INFO] REPLAN?: True
2025-08-04 16:16:08,077 [INFO] Reason: The user's response indicates that the tomato and the plate are no longer in their original locations (the open drawer and the counter, respectively). Instead, they are on the floor, which means the current plan is no longer valid. To complete the task successfully, the robot needs to adjust its plan to account for the new locations of the tomato and the plate. The updated plan should involve finding and picking up both items from the floor before proceeding with placing the tomato on the plate. Therefore, replanning is necessary.
2025-08-04 16:16:55,807 [INFO] [DEBUG] LLM response for replan_subtasks_based_on_user_response: Based on the user's feedback, the revised task plan should prioritize locating and picking up both the tomato and the plate from the floor, then moving them to the countertop. Here is the revised subtask sequence:

```plaintext
<Subtask1>...Locate the tomato on the floor near the center of the room....</Subtask1>
<Subtask2>...Pick up the tomato from the floor....</Subtask2>
<Subtask3>...Locate the plate on the floor....</Subtask3>
<Subtask4>...Pick up the plate from the floor....</Subtask4>
<Subtask5>...Move towards the countertop....</Subtask5>
<Subtask6>...Place the plate on the countertop....</Subtask6>
<Subtask7>...Place the tomato on the plate....</Subtask7>
```

### Explanation of the Revised Plan:
1. **Locate the tomato on the floor**: The user explicitly stated that the tomato is on the floor, so the first step is to find it.
2. **Pick up the tomato from the floor**: Once located, the robot should pick it up.
3. **Locate the plate on the floor**: The user also mentioned that the plate is on the floor, so the next step is to find it.
4. **Pick up the plate from the floor**: Once located, the robot should pick it up.
5. **Move towards the countertop**: After both items are picked up, the robot should navigate to the countertop.
6. **Place the plate on the countertop**: The plate should be placed on the countertop first.
7. **Place the tomato on the plate**: Finally, the tomato should be placed on the plate, which is now on the countertop.

This plan directly addresses the user's request and ensures that both the tomato and the plate are handled correctly according to their specified locations and requirements.<|endoftext|><|im_start|>
<|im_start|>
<|endoftext|><|im_start|>
<|im_start|>
<|im_start|>
<|im_start|>
<|im_start|>
<|im_start|>
<|im_start|>
<|im_start|>
<|im_start|>
<|im_start|>
<|im_start|>
<|im_start|>
<|im_start|>
<|im_start|>
<|im_start|>
<|im_start|>
<|im_start|>
<|im_start|>
<|im_start|>
<|im_start|>
<|im_start|>
<|im_start|>
<|im_start|>
<|im_start|>
<|im_start|>
<|im_start|>
<|im_start|>
<|im_start|>
<|im_start|>
<|im_start|>
<|im_start|>
<|im_start|>
<|im_start|>
<|im_start|>
<|im_start|>
<|im_start|>
<|im_start|>
<|im_start|>
<|im_start|>
<|im_start|>
<|im_start|>
<|im_start|>
<|im_start|>
<|im_start|>
<|im_start|>
<|im_start|>
<|im_start|>
<|im_start|>
<|im_start|>
<|im_start|>
<|im_start|>
<|im_start|>
<|im_start|>
<|im_start|>
<|im_start|>
<|im_start|>
<|im_start|>
<|im_start|>
<|im_start|>
<|im_start|>
<|im_start|>
<|im_start|>
<|im_start|>
<|im_start|>
<|im_start|>
<|im_start|>
<|im_start|>
<|im_start|>
<|im_start|>
<|im_start|>
<|im_start|>
<|im_start|>
<|im_start|>
<|im_start|>
<|im_start|>
<|im_start|>
<|endoftext|><|im_start|>
<|im_start|>
<|im_start|>
<|im_start|>
<|im_start|>
<|im_start|>
<|im_start|>
<|im_start|>
<|im_start|>
<|im_start|>
<|im_start|>
<|im_start|>
<|im_start|>
<|im_start|>
<|im_start|>
<|im_start|>
<|im_start|>
<|im_start|>
<|im_start|>
<|im_start|>
<|im_start|>
<|im_start|>
<|im_start|>
<|im_start|>
<|im_start|>
<|im_start|>
<|im_start|>
<|im_start|>
<|im_start|>
<|im_start|>
<|im_start|>
<|im_start|>
<|im_start|>
<|im_start|>
<|im_start|>
<|im_start|>
<|im_start|>
<|im_start|>
<|im_start|>
<|im_start|>
<|im_start|>
<|im_start|>
<|im_start|>
<|im_start|>
<|im_start|>
<|im_start|>
<|im_start|>
<|im_start|>
<|im_start|>
<|im_start|>
<|im_start|>
<|im_start|>
<|im_start|>
<|im_start|>
<|im_start|>
<|im_start|>
<|im_start|>
<|im_start|>
<|im_start|>
<|im_start|>
<|im_start|>
<|im_start|>
<|im_start|>
<|im_start|>
<|im_start|>
<|im_start|>
<|im_start|>
<|im_start|>
<|im_start|>
<|im_start|>
<|im_start|>
<|im_start|>
<|im_start|>
<|im_start|>
<|im_start|>
<|im_start|>
<|im_start|>
<|im_start|>
<|im_start|>
<|im_start|>
<|im_start|>
<|im_start|>
<|im_start|>
<|im_start|>
<|im_start|>
<|im_start|>
<|im_start|>
<|im_start|>
<|im_start|>
<|im_start|>
<|im_start|>
<|im_start|>
<|im_start|>
<|im_start|>
<|im_start|>
<|im_start|>
<|im_start|>
<|im_start|>
<|im_start|>
<|im_start|>
<|im_start|>
<|im_start|>
<|im_start|>
<|im_start|>
<|im_start|>
<|im_start|>
<|im_start|>
<|im_start|>
<|im_start|>
<|im_start|>
<|im_start|>
<|im_start|>
<|im_start|>
<|im_start|>
<|im_start|>
<|im_start|>
<|im_start|>
<|im_start|>
<|im_start|>
<|im_start|>
<|im_start|>
<|im_start|>
<|im_start|>
<|im_start|>
<|im_start|>
<|im_start|>
<|im_start|>
<|im_start|>
<|im_start|>
<|im_start|>
<|im_start|>
<|im_start|>
<|im_start|>
<|im_start|>
<|im_start|>
<|im_start|>
<|im_start|>
<|im_start|>
<|im_start|>
<|im_start|>
<|im_start|>
<|im_start|>
<|im_start|>
<|im_start|>
<|im_start|>
<|im_start|>
<|im_start|>
<|im_start|>
<|im_start|>
<|im_start|>
<|im_start|>
<|im_start|>
<|im_start|>
<|im_start|>
<|im_start|>
<|im_start|>
<|im_start|>
<|im_start|>
<|im_start|>
<|im_start|>
<|im_start|>
<|im_start|>
<|im_start|>
<|im_start|>
<|im_start|>
<|im_start|>
<|im_start|>
<|im_start|>
<|im_start|>
<|im_start|>
<|im_start|>
<|im_start|>
<|im_start|>
<|im_start|>
<|im_start|>
<|im_start|>
<|im_start|>
<|im_start|>
<|im_start|>
<|im_start|>
<|im_start|>
<|im_start|>
<|im_start|>
<|im_start|>
<|im_start|>
<|im_start|>
<|im_start|>
<|im_start|>
<|im_start|>
<|im_start|>
<|im_start|>
<|im_start|>
<|im_start|>
<|im_start|>
<|im_start|>
<|im_start|>
<|im_start|>
<|im_start|>
<|im_start|>
<|im_start|>
<|im_start|>
<|im_start|>
<|im_start|>
<|im_start|>
<|im_start|>
<|im_start|>
<|im_start|>
<|im_start|>
<|im_start|>
<|im_start|>
<|im_start|>
<|im_start|>
<|im_start|>
<|im_start|>
<|im_start|>
<|im_start|>
<|im_start|>
<|im_start|>
<|im_start|>
<|im_start|>
<|im_start|>
<|im_start|>
<|im_start|>
<|im_start|>
<|im_start|>
<|im_start|>
<|im_start|>
<|im_start|>
<|im_start|>
<|im_start|>
<|im_start|>
<|im_start|>
<|im_start|>
<|im_start|>
<|im_start|>
<|im_start|>
<|im_start|>
<|im_start|>
<|im_start|>
<|im_start|>
<|im_start|>
<|im_start|>
<|im_start|>
<|im_start|>
<|im_start|>
<|im_start|>
<|im_start|>
<|im_start|>
<|im_start|>
<|im_start|>
<|im_start|>
<|im_start|>
<|im_start|>
<|im_start|>
<|im_start|>
<|im_start|>
<|im_start|>
<|im_start|>
<|im_start|>
<|im_start|>
<|im_start|>
<|im_start|>
<|im_start|>
<|im_start|>
<|endoftext|><|im_start|>
<|im_start|>
<|im_start|>
<|im_start|>
<|im_start|>
<|im_start|>
<|im_start|>
<|im_start|>
<|im_start|>
<|im_start|>
<|im_start|>
<|im_start|>
<|im_start|>
<|im_start|>
<|im_start|>
<|im_start|>
<|im_start|>
<|im_start|>
<|im_start|>
<|im_start|>
<|im_start|>
<|im_start|>
<|im_start|>
<|im_start|>
<|im_start|>
<|im_start|>
<|im_start|>
<|im_start|>
<|im_start|>
<|im_start|>
<|im_start|>
<|im_start|>
<|im_start|>
<|im_start|>
<|im_start|>
<|im_start|>
<|im_start|>
<|im_start|>
<|im_start|>
<|im_start|>
<|im_start|>
<|im_start|>
<|im_start|>
<|im_start|>
<|im_start|>
<|im_start|>
<|im_start|>
<|im_start|>
<|im_start|>
<|im_start|>
<|im_start|>
<|im_start|>
<|im_start|>
<|im_start|>
<|im_start|>
<|im_start|>
<|im_start|>
<|im_start|>
<|im_start|>
<|im_start|>
<|im_start|>
<|im_start|>
<|im_start|>
<|im_start|>
<|im_start|>
<|im_start|>
<|im_start|>
<|im_start|>
<|im_start|>
<|im_start|>
<|im_start|>
<|im_start|>
<|im_start|>
<|im_start|>
<|im_start|>
<|im_start|>
<|im_start|>
<|im_start|>
<|im_start|>
<|im_start|>
<|im_start|>
<|im_start|>
<|im_start|>
<|im_start|>
<|im_start|>
<|im_start|>
<|im_start|>
<|im_start|>
<|im_start|>
<|im_start|>
<|im_start|>
<|im_start|>
<|im_start|>
<|im_start|>
<|im_start|>
<|im_start|>
<|im_start|>
<|im_start|>
<|im_start|>
<|im_start|>
<|im_start|>
<|im_start|>
<|im_start|>
<|im_start|>
<|im_start|>
<|im_start|>
<|im_start|>
<|im_start|>
<|im_start|>
<|im_start|>
<|im_start|>
<|im_start|>
<|im_start|>
<|im_start|>
<|im_start|>
<|im_start|>
<|im_start|>
<|im_start|>
<|im_start|>
<|im_start|>
<|im_start|>
<|im_start|>
<|im_start|>
<|im_start|>
<|im_start|>
<|im_start|>
<|im_start|>
<|im_start|>
<|im_start|>
<|im_start|>
<|im_start|>
<|im_start|>
<|im_start|>
<|im_start|>
<|im_start|>
<|im_start|>
<|im_start|>
<|im_start|>
<|im_start|>
<|im_start|>
<|im_start|>
<|im_start|>
<|im_start|>
<|im_start|>
<|im_start|>
<|im_start|>
<|im_start|>
<|im_start|>
<|im_start|>
<|im_start|>
<|im_start|>
<|im_start|>
<|im_start|>
<|im_start|>
<|im_start|>
<|im_start|>
<|im_start|>
<|im_start|>
<|im_start|>
<|im_start|>
<|im_start|>
<|im_start|>
<|im_start|>
<|im_start|>
<|im_start|>
<|im_start|>
<|im_start|>
<|im_start|>
<|im_start|>
<|im_start|>
<|im_start|>
<|im_start|>
<|im_start|>
<|im_start|>
<|im_start|>
<|im_start|>
<|im_start|>
<|im_start|>
<|im_start|>
<|im_start|>
<|im_start|>
<|im_start|>
<|im_start|>
<|im_start|>
<|im_start|>
<|im_start|>
<|im_start|>
<|im_start|>
<|im_start|>
<|im_start|>
<|im_start|>
<|im_start|>
<|im_start|>
<|im_start|>
<|im_start|>
<|im_start|>
<|im_start|>
<|im_start|>
<|im_start|>
<|im_start|>
<|im_start|>
<|im_start|>
<|im_start|>
<|im_start|>
<|im_start|>
<|im_start|>
2025-08-04 16:16:55,809 [INFO] [DEBUG] Parsed matches: [(1, '...Locate the tomato on the floor near the center of the room....'), (2, '...Pick up the tomato from the floor....'), (3, '...Locate the plate on the floor....'), (4, '...Pick up the plate from the floor....'), (5, '...Move towards the countertop....'), (6, '...Place the plate on the countertop....'), (7, '...Place the tomato on the plate....')]
2025-08-04 16:16:55,809 [INFO] [REPLAN] Old subtasks: ['Find the tomato in the open drawer below the counter.', 'Pick up the tomato from the open drawer.', 'Move towards the plate on the counter.', 'Place the tomato on the plate.']
2025-08-04 16:16:55,809 [INFO] [REPLAN] New subtasks: ['...Locate the tomato on the floor near the center of the room....', '...Pick up the tomato from the floor....', '...Locate the plate on the floor....', '...Pick up the plate from the floor....', '...Move towards the countertop....', '...Place the plate on the countertop....', '...Place the tomato on the plate....']
2025-08-04 16:17:06,515 [INFO] [DECISIONS] Generated 7 unique actions from 7 total actions
2025-08-04 16:17:06,515 [INFO] [SUBTASKS WITH DECISION] [{'action': 'search', 'objectType': 'tomato', 'targetObject': None, 'decisionmaking': 'search tomato'}, {'action': 'pick_up', 'objectType': 'tomato', 'targetObject': None, 'decisionmaking': 'pick_up tomato'}, {'action': 'search', 'objectType': 'plate', 'targetObject': None, 'decisionmaking': 'search plate'}, {'action': 'pick_up', 'objectType': 'plate', 'targetObject': None, 'decisionmaking': 'pick_up plate'}, {'action': 'navigate', 'objectType': 'countertop', 'targetObject': None, 'decisionmaking': 'navigate countertop'}, {'action': 'put', 'objectType': 'plate', 'targetObject': 'countertop', 'decisionmaking': 'put plate countertop'}, {'action': 'put', 'objectType': 'tomato', 'targetObject': 'plate', 'decisionmaking': 'put tomato plate'}]
2025-08-04 16:17:10,300 [INFO] [EXECUTE] search tomato
2025-08-04 16:17:11,000 [INFO] [SEARCH] Found visible tomato in current view
2025-08-04 16:17:14,954 [INFO] [EXECUTE] pick_up tomato
2025-08-04 16:17:15,144 [INFO] [DEBUG] Looking for tomato to pick_up
2025-08-04 16:17:15,144 [INFO] [DEBUG] Visible objects: ['Apple(Apple|-01.75|+01.37|-01.16)', 'Cabinet(Cabinet|-01.46|+00.78|-02.00)', 'Cabinet(Cabinet|-01.46|+00.78|+00.47)', 'Cabinet(Cabinet|+00.58|+00.78|-02.05)', 'Cabinet(Cabinet|-01.46|+00.78|+01.31)', 'CounterTop(CounterTop|-01.81|+01.36|+01.18)', 'Drawer(Drawer|+00.65|+00.85|+00.68)', 'Drawer(Drawer|+00.65|+00.60|+01.02)', 'Drawer(Drawer|-01.61|+00.68|-01.22)', 'Drawer(Drawer|-01.61|+00.68|-00.43)', 'Drawer(Drawer|+00.65|+00.60|+00.68)', 'Drawer(Drawer|+00.65|+00.85|+01.02)', 'Egg(Egg|-01.57|+01.36|-01.05)', 'Floor(Floor|+00.00|+00.22|-00.82)', 'Fridge(Fridge|+01.01|+00.23|+01.92)', 'GarbageCan(GarbageCan|-01.63|+00.21|+02.19)', 'PaperTowelRoll(PaperTowelRoll|-02.04|+01.42|-01.90)', 'Plate(Plate|-01.47|+01.31|+00.24)', 'Pot(Pot|-01.58|+01.31|-01.58)', 'Potato(Potato|-01.61|+01.36|-01.24)', 'SideTable(SideTable|+00.98|+00.22|+00.87)', 'Sink(Sink|-01.99|+01.14|-00.98)', 'Stool(Stool|+00.61|+00.22|-01.08)', 'Toaster(Toaster|-01.89|+01.31|-02.51)', 'Tomato(Tomato|+00.92|+01.91|+01.61)']
2025-08-04 16:17:15,144 [INFO] [DEBUG] Selected first matching tomato (ID: Tomato|+00.92|+01.91|+01.61)
2025-08-04 16:17:15,144 [INFO] [DEBUG] Final selected object: Tomato (ID: Tomato|+00.92|+01.91|+01.61)
2025-08-04 16:17:15,145 [INFO] [EXECUTE] Executing pick_up on tomato (ID: Tomato|+00.92|+01.91|+01.61)
2025-08-04 16:17:15,709 [INFO] [SUCCESS] pick_up on tomato completed successfully
2025-08-04 16:17:15,709 [INFO] [DEBUG] Recorded recent interaction: tomato -> Tomato|+00.92|+01.91|+01.61
2025-08-04 16:17:20,328 [INFO] [EXECUTE] search plate
2025-08-04 16:17:20,658 [INFO] [SEARCH] Found visible plate in current view
2025-08-04 16:17:23,959 [INFO] [EXECUTE] pick_up plate
2025-08-04 16:17:24,158 [INFO] [DEBUG] Looking for plate to pick_up
2025-08-04 16:17:24,158 [INFO] [DEBUG] Visible objects: ['Apple(Apple|-01.75|+01.37|-01.16)', 'Cabinet(Cabinet|-01.46|+00.78|-02.00)', 'Cabinet(Cabinet|-01.46|+00.78|+00.47)', 'Cabinet(Cabinet|+00.58|+00.78|-02.05)', 'Cabinet(Cabinet|-01.46|+00.78|+01.31)', 'CounterTop(CounterTop|-01.81|+01.36|+01.18)', 'Drawer(Drawer|+00.65|+00.85|+00.68)', 'Drawer(Drawer|+00.65|+00.60|+01.02)', 'Drawer(Drawer|-01.61|+00.68|-01.22)', 'Drawer(Drawer|-01.61|+00.68|-00.43)', 'Drawer(Drawer|+00.65|+00.60|+00.68)', 'Drawer(Drawer|+00.65|+00.85|+01.02)', 'Egg(Egg|-01.57|+01.36|-01.05)', 'Floor(Floor|+00.00|+00.22|-00.82)', 'Fridge(Fridge|+01.01|+00.23|+01.92)', 'GarbageCan(GarbageCan|-01.63|+00.21|+02.19)', 'PaperTowelRoll(PaperTowelRoll|-02.04|+01.42|-01.90)', 'Plate(Plate|-01.47|+01.31|+00.24)', 'Pot(Pot|-01.58|+01.31|-01.58)', 'Potato(Potato|-01.61|+01.36|-01.24)', 'SideTable(SideTable|+00.98|+00.22|+00.87)', 'Sink(Sink|-01.99|+01.14|-00.98)', 'Stool(Stool|+00.61|+00.22|-01.08)', 'Toaster(Toaster|-01.89|+01.31|-02.51)', 'Tomato(Tomato|+00.92|+01.91|+01.61)']
2025-08-04 16:17:24,158 [INFO] [DEBUG] Selected first matching plate (ID: Plate|-01.47|+01.31|+00.24)
2025-08-04 16:17:24,158 [INFO] [DEBUG] Final selected object: Plate (ID: Plate|-01.47|+01.31|+00.24)
2025-08-04 16:17:24,159 [INFO] [EXECUTE] Executing pick_up on plate (ID: Plate|-01.47|+01.31|+00.24)
2025-08-04 16:17:24,520 [INFO] [SUCCESS] pick_up on plate completed successfully
2025-08-04 16:17:24,521 [INFO] [DEBUG] Recorded recent interaction: plate -> Plate|-01.47|+01.31|+00.24
2025-08-04 16:17:28,031 [INFO] [EXECUTE] navigate countertop
2025-08-04 16:17:34,132 [INFO] [EXECUTE] put plate countertop
2025-08-04 16:17:36,582 [INFO] [EXECUTE] Putting Tomato on/in CounterTop
2025-08-04 16:17:36,844 [INFO] [SUCCESS] Put action completed successfully
2025-08-04 16:17:40,402 [INFO] [EXECUTE] put tomato plate
2025-08-04 16:17:40,614 [ERROR] [ERROR] Cannot put object - no object is currently held.
2025-08-04 16:17:40,614 [INFO] [VERIFICATION] Starting task verification...
2025-08-04 16:17:40,953 [INFO] [VERIFY] Saved verification image: /Users/yuanda/Documents/embodied_reasoner/task_planner/data/data_pickup_and_put/FloorPlan3_pickup_and_put_0/verification/final_verification.png
2025-08-04 16:17:53,295 [INFO] [VERIFY] Task verification result: SUCCESS=False, CONFIDENCE=high
2025-08-04 16:17:53,296 [INFO] [VERIFY] Reason: ** The task involves placing a tomato on a plate, which should then be placed on the countertop. However, in the image, there is no visible plate on the countertop, nor is there a tomato placed on it. The tomato is still visible on the floor, indicating that it has not been picked up and placed as per the task requirements.

**CONFIDENCE: high**

The absence of a plate on the countertop and the tomato still on the floor clearly indicate that the task has not been completed. The required objects (tomato and plate) are not in their expected final positions, and the main objective of placing the tomato on the plate has not been achieved. There are no signs of the task being partially completed, as the key actions (picking up the tomato and placing it on a plate) have not been observed.
2025-08-04 16:17:53,296 [WARNING] [VERIFICATION] ✗ Task may not be completed. (Confidence: high)
2025-08-04 16:17:53,296 [WARNING] [VERIFICATION] Reason: ** The task involves placing a tomato on a plate, which should then be placed on the countertop. However, in the image, there is no visible plate on the countertop, nor is there a tomato placed on it. The tomato is still visible on the floor, indicating that it has not been picked up and placed as per the task requirements.

**CONFIDENCE: high**

The absence of a plate on the countertop and the tomato still on the floor clearly indicate that the task has not been completed. The required objects (tomato and plate) are not in their expected final positions, and the main objective of placing the tomato on the plate has not been achieved. There are no signs of the task being partially completed, as the key actions (picking up the tomato and placing it on a plate) have not been observed.
2025-08-04 16:17:53,296 [ERROR] [ERROR HANDLING] Exception in error handler: 'str' object is not a mapping
2025-08-04 16:17:53,298 [INFO] [VERIFICATION] Verification result saved to: /Users/yuanda/Documents/embodied_reasoner/task_planner/data/data_pickup_and_put/FloorPlan3_pickup_and_put_0/verification_result.json
2025-08-04 16:17:53,298 [INFO] [ATTEMPT 3/3] Starting task attempt
2025-08-04 16:17:53,573 [WARNING] [RESET] Failed to reset robot position on attempt 3
2025-08-04 16:17:53,656 [INFO] [SESSION] Initialized SessionManager with ID: session_20250804_161753
2025-08-04 16:18:03,222 [INFO] [OBSERVATION] <Observation>
In the room, I see a wooden countertop with a bread loaf and a black bowl on it. There is a sink with a faucet, a green houseplant in a black pot, and a wooden stool. A coffee machine is located near the counter, along with a green tomato on the floor. There are multiple cabinets and drawers, some with visible handles. A window is present on the right side, allowing natural light to enter. The overall setting appears to be a kitchen with a cozy and functional design.
</Observation>
2025-08-04 16:18:05,306 [INFO] [INITIAL TASK PLANNING] ['Find the tomato on the floor', 'Pick up the tomato', 'Find the plate', 'Put the tomato on the plate']
2025-08-04 16:18:06,325 [INFO] [GENERAL QUESTION] How should the tomato be handled or prepared before being placed on the plate (e.g., washed, sliced, or left whole)?
2025-08-04 16:18:49,909 [INFO] [SESSION] Added QA record: decision_clarification question
2025-08-04 16:18:49,912 [INFO] [USER RESPONSE] the plate and apple on the floor. plesase pick them up! and put on the counterTop
2025-08-04 16:18:52,821 [INFO] [RE-PLANNING BASED ON USER RESPONSE]
2025-08-04 16:18:52,821 [INFO] REPLAN?: True
2025-08-04 16:18:52,822 [INFO] Reason: The user's response indicates that the task has changed. Instead of putting the tomato on a plate, the user now wants the robot to pick up the plate and an apple from the floor and place them on the countertop. This requires a new plan that prioritizes finding and picking up the plate and apple, rather than focusing solely on the tomato. The original plan is no longer aligned with the user's current request.
2025-08-04 16:19:01,426 [INFO] [DEBUG] LLM response for replan_subtasks_based_on_user_response: Based on the user's feedback, the revised task plan should prioritize picking up the tomato and the plate from the floor, as well as placing them on the countertop. The user did not provide any specific instructions regarding handling or preparing the tomato, so the original steps for finding and placing the tomato on the plate will remain but will be adjusted to align with the new context.

Here is the revised plan:

<Subtask1>Find the tomato on the floor</Subtask1>
<Subtask2>Pick up the tomato</Subtask2>
<Subtask3>Find the plate on the floor</Subtask3>
<Subtask4>Pick up the plate</Subtask4>
<Subtask5>Find the countertop</Subtask5>
<Subtask6>Place the tomato on the countertop</Subtask6>
<Subtask7>Place the plate on the countertop</Subtask7>

This revised plan ensures that the user's request to pick up the tomato and the plate from the floor and place them on the countertop is prioritized. The original task of putting the tomato on the plate will be adjusted to occur after these steps, if necessary. However, since the user did not specify any further action regarding the tomato, the current plan focuses on addressing their immediate request. If further clarification is needed, additional feedback can be sought.
2025-08-04 16:19:01,429 [INFO] [DEBUG] Parsed matches: [(1, 'Find the tomato on the floor'), (2, 'Pick up the tomato'), (3, 'Find the plate on the floor'), (4, 'Pick up the plate'), (5, 'Find the countertop'), (6, 'Place the tomato on the countertop'), (7, 'Place the plate on the countertop')]
2025-08-04 16:19:01,429 [INFO] [REPLAN] Old subtasks: ['Find the tomato on the floor', 'Pick up the tomato', 'Find the plate', 'Put the tomato on the plate']
2025-08-04 16:19:01,429 [INFO] [REPLAN] New subtasks: ['Find the tomato on the floor', 'Pick up the tomato', 'Find the plate on the floor', 'Pick up the plate', 'Find the countertop', 'Place the tomato on the countertop', 'Place the plate on the countertop']
2025-08-04 16:19:10,541 [INFO] [DECISIONS] Generated 7 unique actions from 7 total actions
2025-08-04 16:19:10,542 [INFO] [SUBTASKS WITH DECISION] [{'action': 'search', 'objectType': 'tomato', 'targetObject': None, 'decisionmaking': 'search tomato'}, {'action': 'pick_up', 'objectType': 'tomato', 'targetObject': None, 'decisionmaking': 'pick_up tomato'}, {'action': 'search', 'objectType': 'plate', 'targetObject': None, 'decisionmaking': 'search plate'}, {'action': 'pick_up', 'objectType': 'plate', 'targetObject': None, 'decisionmaking': 'pick_up plate'}, {'action': 'search', 'objectType': 'countertop', 'targetObject': None, 'decisionmaking': 'search countertop'}, {'action': 'put', 'objectType': 'tomato', 'targetObject': 'countertop', 'decisionmaking': 'put tomato countertop'}, {'action': 'put', 'objectType': 'plate', 'targetObject': 'countertop', 'decisionmaking': 'put plate countertop'}]
2025-08-04 16:19:15,815 [INFO] [EXECUTE] search tomato
2025-08-04 16:19:16,823 [INFO] [SEARCH] Checking Tomato
2025-08-04 16:19:19,148 [INFO] [SEARCH] Found visible tomato in/on Tomato
2025-08-04 16:19:22,901 [INFO] [EXECUTE] pick_up tomato
2025-08-04 16:19:23,068 [INFO] [DEBUG] Looking for tomato to pick_up
2025-08-04 16:19:23,068 [INFO] [DEBUG] Visible objects: ['ButterKnife(ButterKnife|-01.57|+01.32|+01.35)', 'Cabinet(Cabinet|-01.46|+00.78|+00.47)', 'Cabinet(Cabinet|-01.46|+00.78|+01.31)', 'CounterTop(CounterTop|-01.81|+01.36|+01.18)', 'Drawer(Drawer|-01.61|+00.68|-00.43)', 'Floor(Floor|+00.00|+00.22|-00.82)', 'GarbageCan(GarbageCan|-01.63|+00.21|+02.19)', 'Tomato(Tomato|+00.92|+01.91|+01.61)']
2025-08-04 16:19:23,068 [INFO] [DEBUG] Selected first matching tomato (ID: Tomato|+00.92|+01.91|+01.61)
2025-08-04 16:19:23,069 [INFO] [DEBUG] Final selected object: Tomato (ID: Tomato|+00.92|+01.91|+01.61)
2025-08-04 16:19:23,069 [INFO] [EXECUTE] Executing pick_up on tomato (ID: Tomato|+00.92|+01.91|+01.61)
2025-08-04 16:19:23,288 [INFO] [SUCCESS] pick_up on tomato completed successfully
2025-08-04 16:19:23,288 [INFO] [DEBUG] Recorded recent interaction: tomato -> Tomato|+00.92|+01.91|+01.61
2025-08-04 16:19:26,933 [INFO] [EXECUTE] search plate
2025-08-04 16:19:27,393 [INFO] [SEARCH] Checking CounterTop
2025-08-04 16:19:29,363 [INFO] [SEARCH] Found visible plate in/on CounterTop
2025-08-04 16:19:32,856 [INFO] [EXECUTE] pick_up plate
2025-08-04 16:19:33,039 [INFO] [DEBUG] Looking for plate to pick_up
2025-08-04 16:19:33,039 [INFO] [DEBUG] Visible objects: ['Apple(Apple|-01.75|+01.37|-01.16)', 'Bowl(Bowl|-01.82|+01.31|+00.27)', 'Bread(Bread|-01.51|+01.38|+00.66)', 'Cabinet(Cabinet|-01.46|+00.78|-02.00)', 'Cabinet(Cabinet|-01.46|+00.78|+00.47)', 'Cabinet(Cabinet|+00.58|+00.78|-02.05)', 'CoffeeMachine(CoffeeMachine|+01.13|+01.31|-01.43)', 'CounterTop(CounterTop|-01.81|+01.36|+01.18)', 'Cup(Cup|+00.68|+01.31|-00.90)', 'DishSponge(DishSponge|-02.05|+01.33|-00.96)', 'Drawer(Drawer|+00.65|+00.85|+00.68)', 'Drawer(Drawer|+00.65|+01.07|+00.68)', 'Drawer(Drawer|-01.61|+00.68|-01.22)', 'Drawer(Drawer|-01.61|+00.68|-00.43)', 'Drawer(Drawer|+00.65|+00.60|+00.68)', 'Egg(Egg|-01.57|+01.36|-01.05)', 'Faucet(Faucet|-02.13|+01.32|-00.81)', 'Floor(Floor|+00.00|+00.22|-00.82)', 'Fork(Fork|+00.62|+01.31|-02.48)', 'HousePlant(HousePlant|-02.03|+01.31|-00.03)', 'Kettle(Kettle|-01.69|+01.31|-03.16)', 'Knife(Knife|+00.72|+01.32|-02.20)', 'Lettuce(Lettuce|-01.89|+01.40|-01.07)', 'LightSwitch(LightSwitch|+01.39|+01.57|-00.66)', 'Microwave(Microwave|+00.99|+01.31|-02.16)', 'PaperTowelRoll(PaperTowelRoll|-02.04|+01.42|-01.90)', 'PepperShaker(PepperShaker|+00.47|+01.31|-03.00)', 'Plate(Plate|-01.47|+01.31|+00.24)', 'Pot(Pot|-01.58|+01.31|-01.58)', 'Potato(Potato|-01.61|+01.36|-01.24)', 'SaltShaker(SaltShaker|+00.33|+01.31|-02.83)', 'SideTable(SideTable|+00.98|+00.22|+00.87)', 'Sink(Sink|-01.99|+01.14|-00.98)', 'SoapBottle(SoapBottle|-01.79|+01.31|-00.10)', 'Spatula(Spatula|-01.23|+01.32|-02.93)', 'Spoon(Spoon|+00.61|+01.32|-02.36)', 'Stool(Stool|+00.61|+00.22|-01.08)', 'StoveBurner(StoveBurner|-00.13|+01.33|-02.97)', 'StoveBurner(StoveBurner|-00.75|+01.33|-02.97)', 'StoveBurner(StoveBurner|-00.63|+01.33|-03.30)', 'StoveBurner(StoveBurner|-00.24|+01.33|-03.30)', 'StoveKnob(StoveKnob|-00.71|+01.34|-02.74)', 'StoveKnob(StoveKnob|-00.57|+01.34|-02.74)', 'StoveKnob(StoveKnob|-00.34|+01.34|-02.74)', 'StoveKnob(StoveKnob|-00.19|+01.34|-02.74)', 'Toaster(Toaster|-01.89|+01.31|-02.51)', 'Tomato(Tomato|+00.92|+01.91|+01.61)', 'Window(Window|-02.57|+01.80|-00.82)', 'WineBottle(WineBottle|+00.96|+01.31|-01.01)']
2025-08-04 16:19:33,039 [INFO] [DEBUG] Selected first matching plate (ID: Plate|-01.47|+01.31|+00.24)
2025-08-04 16:19:33,039 [INFO] [DEBUG] Final selected object: Plate (ID: Plate|-01.47|+01.31|+00.24)
2025-08-04 16:19:33,039 [INFO] [EXECUTE] Executing pick_up on plate (ID: Plate|-01.47|+01.31|+00.24)
2025-08-04 16:19:33,307 [INFO] [SUCCESS] pick_up on plate completed successfully
2025-08-04 16:19:33,307 [INFO] [DEBUG] Recorded recent interaction: plate -> Plate|-01.47|+01.31|+00.24
2025-08-04 16:19:38,387 [INFO] [EXECUTE] search countertop
2025-08-04 16:19:38,546 [INFO] [SEARCH] Found visible countertop in current view
2025-08-04 16:19:42,411 [INFO] [EXECUTE] put tomato countertop
2025-08-04 16:19:44,448 [INFO] [EXECUTE] Putting Tomato on/in CounterTop
2025-08-04 16:19:44,696 [INFO] [SUCCESS] Put action completed successfully
2025-08-04 16:19:48,117 [INFO] [EXECUTE] put plate countertop
2025-08-04 16:19:48,456 [ERROR] [ERROR] Cannot put object - no object is currently held.
2025-08-04 16:19:48,456 [INFO] [VERIFICATION] Starting task verification...
2025-08-04 16:19:48,851 [INFO] [VERIFY] Saved verification image: /Users/yuanda/Documents/embodied_reasoner/task_planner/data/data_pickup_and_put/FloorPlan3_pickup_and_put_0/verification/final_verification.png
2025-08-04 16:19:59,564 [INFO] [VERIFY] Task verification result: SUCCESS=False, CONFIDENCE=unknown
2025-08-04 16:19:59,565 [INFO] [VERIFY] Reason: ** The task requires placing the tomato on the plate and both on the countertop. In the image, the tomato is on the floor, and there is no visible plate on the countertop or anywhere else in the scene. Therefore, the main objective has not been achieved.  
**CONFIDENCE:** High  

The key indicators of task completion are missing: the tomato is not on the plate, and the plate itself is not present on the countertop or anywhere else in the image. This clearly shows that the task has not been completed successfully.
2025-08-04 16:19:59,565 [WARNING] [VERIFICATION] ✗ Task may not be completed. (Confidence: unknown)
2025-08-04 16:19:59,565 [WARNING] [VERIFICATION] Reason: ** The task requires placing the tomato on the plate and both on the countertop. In the image, the tomato is on the floor, and there is no visible plate on the countertop or anywhere else in the scene. Therefore, the main objective has not been achieved.  
**CONFIDENCE:** High  

The key indicators of task completion are missing: the tomato is not on the plate, and the plate itself is not present on the countertop or anywhere else in the image. This clearly shows that the task has not been completed successfully.
2025-08-04 16:19:59,566 [ERROR] [ERROR HANDLING] Exception in error handler: 'str' object is not a mapping
2025-08-04 16:19:59,567 [INFO] [VERIFICATION] Verification result saved to: /Users/yuanda/Documents/embodied_reasoner/task_planner/data/data_pickup_and_put/FloorPlan3_pickup_and_put_0/verification_result.json
2025-08-04 16:19:59,650 [INFO] [TASK COMPLETE] Finished task manual_task: put tomato on the plate
2025-08-04 16:19:59,651 [INFO] All tasks completed successfully!
2025-08-04 16:19:59,651 [INFO] Error paths saved to: ./wrong_generte_path_list.json
2025-08-04 16:22:07,966 [INFO] [SCENE_MANAGER] Randomization config loaded: enabled=True, ratio=0.4
2025-08-04 16:22:07,967 [INFO] metadata_path: /Users/yuanda/Documents/embodied_reasoner/data_engine/taskgenerate/kitchens/FloorPlan3/metadata.json
2025-08-04 16:22:07,969 [INFO] Task configuration - USE_TEST_TASKS: False, TEST_TASK_ID: test_001, RUN_ALL_TEST_TASKS: False
2025-08-04 16:22:07,969 [INFO] Using manually specified task
2025-08-04 16:22:07,969 [INFO] 

*********************************************************************
2025-08-04 16:22:07,969 [INFO] Running Task ID: manual_task
2025-08-04 16:22:07,969 [INFO] Scene:FloorPlan3 Task_Type: pickup_and_put Task: put tomato on the plate
2025-08-04 16:22:07,969 [INFO] *********************************************************************

2025-08-04 16:22:07,969 [INFO] taskname: put tomato on the plate
2025-08-04 16:22:15,759 [INFO] Initialize return: {'cameraNearPlane': 0.009999999776482582, 'cameraFarPlane': 20.0}
2025-08-04 16:22:15,880 [INFO] [SCENE_RANDOMIZATION] Randomization enabled: True
2025-08-04 16:22:15,881 [INFO] [SCENE_RANDOMIZATION] Starting scene randomization for scene: FloorPlan3
2025-08-04 16:22:15,881 [INFO] [RANDOMIZATION] Starting scene randomization for FloorPlan3
2025-08-04 16:22:15,881 [INFO] [RANDOMIZATION] Total objects in scene: 59
2025-08-04 16:22:15,882 [INFO] [RANDOMIZATION] Filter results: {'not_moveable_type': 45, 'not_pickupable': 0, 'already_picked': 0, 'not_visible_or_interactable': 6, 'passed_filter': 8}
2025-08-04 16:22:15,882 [INFO] [RANDOMIZATION] Found 8 moveable objects out of 59 total objects
2025-08-04 16:22:15,882 [INFO] [RANDOMIZATION] Moveable object types found: {'Lettuce', 'Apple', 'Potato', 'Egg', 'Bowl', 'Bread', 'Plate', 'SoapBottle'}
2025-08-04 16:22:15,883 [INFO] Found 8 available receptacles
2025-08-04 16:22:20,014 [INFO] Successfully randomized 3/3 objects
2025-08-04 16:22:20,015 [INFO] [SCENE_RANDOMIZATION] Randomization result: True
2025-08-04 16:22:20,018 [INFO] Initialization succeeded
2025-08-04 16:22:20,019 [INFO] [ATTEMPT 1/3] Starting task attempt
2025-08-04 16:22:20,109 [WARNING] [RESET] Failed to reset robot position on attempt 1
2025-08-04 16:22:20,169 [INFO] [SESSION] Initialized SessionManager with ID: session_20250804_162220
2025-08-04 16:22:31,678 [INFO] [OBSERVATION] <Observation>
I am in a kitchen. In front of me, there is a wooden CounterTop with a StoveBurner, a SinkBasin, and a Faucet. To my left, there is a Cabinet with a Window above it. On the CounterTop, I can see a HousePlant, a Pot, a Knife, a PepperShaker, a SaltShaker, and a Cup. There is also a WineBottle visible on a shelf. The SinkBasin is next to the Faucet, and there is a Plate nearby. The wooden shelves hold additional items, including more WineBottles and a CoffeeMachine. The Cabinet doors and Drawers are visible below the CounterTop.
</Observation>
2025-08-04 16:22:33,673 [INFO] [INITIAL TASK PLANNING] ['Find the tomato', 'Pick up the tomato', 'Find the plate', 'Put the tomato on the plate']
2025-08-04 16:22:36,155 [INFO] [GENERAL QUESTION] Are there any specific requirements or conditions for the tomato (e.g., size, ripeness, or type) or the plate (e.g., material, size, or location) that need to be considered before execution? Additionally, is there a specific order or context in which these steps need to be performed (e.g., is the tomato already washed or prepared)?
2025-08-04 16:22:57,270 [INFO] [SESSION] Added QA record: decision_clarification question
2025-08-04 16:22:57,272 [INFO] [USER RESPONSE] maybe near the window
2025-08-04 16:23:00,049 [INFO] [RE-PLANNING BASED ON USER RESPONSE]
2025-08-04 16:23:00,049 [INFO] REPLAN?: True
2025-08-04 16:23:00,049 [INFO] Reason: The user's response "maybe near the window" suggests that the location of the tomato might be different from what was initially assumed. This new information could change the efficiency or accuracy of the current plan, especially if the robot was not previously aware of the tomato's location being near the window. By replanning, the robot can incorporate this new information to find the tomato more effectively and proceed with the task.
2025-08-04 16:23:09,614 [INFO] [DEBUG] LLM response for replan_subtasks_based_on_user_response: Based on the user's feedback, the primary requirement is to find the tomato "near the window." To incorporate this into the plan, we need to adjust the sequence of actions so that the robot looks for the tomato near the window first. Here's the revised plan:

<Subtask1>Find the window</Subtask1>
<Subtask2>Search near the window for the tomato</Subtask2>
<Subtask3>Pick up the tomato</Subtask3>
<Subtask4>Find the plate</Subtask4>
<Subtask5>Put the tomato on the plate</Subtask5>

### Explanation of the Revised Plan:
1. **Find the window**: This step ensures that the robot locates the window first, as the user mentioned that the tomato is likely near it.
2. **Search near the window for the tomato**: Once the window is located, the robot focuses its search on the area around the window to find the tomato.
3. **Pick up the tomato**: After finding the tomato near the window, the robot picks it up.
4. **Find the plate**: The robot then proceeds to locate the plate, which is described as being nearby in the environment.
5. **Put the tomato on the plate**: Finally, the robot places the tomato on the plate.

This revised plan prioritizes the user's request by emphasizing the location of the tomato near the window while maintaining the overall goal of putting the tomato on the plate. The sequence ensures that the robot follows the user's guidance effectively.
2025-08-04 16:23:09,615 [INFO] [DEBUG] Parsed matches: [(1, 'Find the window'), (2, 'Search near the window for the tomato'), (3, 'Pick up the tomato'), (4, 'Find the plate'), (5, 'Put the tomato on the plate')]
2025-08-04 16:23:09,616 [INFO] [REPLAN] Old subtasks: ['Find the tomato', 'Pick up the tomato', 'Find the plate', 'Put the tomato on the plate']
2025-08-04 16:23:09,616 [INFO] [REPLAN] New subtasks: ['Find the window', 'Search near the window for the tomato', 'Pick up the tomato', 'Find the plate', 'Put the tomato on the plate']
2025-08-04 16:23:20,190 [INFO] [DECISIONS] Generated 5 unique actions from 5 total actions
2025-08-04 16:23:20,191 [INFO] [SUBTASKS WITH DECISION] [{'action': 'search', 'objectType': 'window', 'targetObject': None, 'decisionmaking': 'search window'}, {'action': 'search', 'objectType': 'tomato', 'targetObject': None, 'decisionmaking': 'search tomato'}, {'action': 'pick_up', 'objectType': 'tomato', 'targetObject': None, 'decisionmaking': 'pick_up tomato'}, {'action': 'search', 'objectType': 'plate', 'targetObject': None, 'decisionmaking': 'search plate'}, {'action': 'put', 'objectType': 'tomato', 'targetObject': 'plate', 'decisionmaking': 'put tomato plate'}]
2025-08-04 16:23:23,010 [INFO] [EXECUTE] search window
2025-08-04 16:23:23,656 [INFO] [SEARCH] Found visible window in current view
2025-08-04 16:23:26,620 [INFO] [EXECUTE] search tomato
2025-08-04 16:23:27,149 [INFO] [SEARCH] Checking Window
2025-08-04 16:23:28,478 [INFO] [SEARCH] Could not find visible tomato in/on Window
2025-08-04 16:23:28,478 [WARNING] [SEARCH] Could not find visible tomato after checking all possible locations
2025-08-04 16:23:28,478 [ERROR] [ERROR] Search failed for tomato, requesting user assistance.
2025-08-04 16:23:28,479 [INFO] [SESSION] Added failure record: search_failure
2025-08-04 16:23:33,245 [INFO] [ERROR HANDLING] Analysis: The robot attempted to find a tomato by searching possible locations but was unable to locate it. This suggests that the tomato is not in one of the expected or commonly used places where a tomato might be found, such as near the window as previously suggested.
2025-08-04 16:23:33,246 [INFO] [ERROR HANDLING] Asking user for help: I wasn't able to find the tomato in the usual places or near the window as suggested earlier. Could you please tell me where the tomato is located or if there's a specific area where I should search for it? Additionally, could you confirm if the tomato is in a particular condition (e.g., ripe, fresh) or if it has been prepared in any way before I attempt to pick it up? This information will help me locate and handle the tomato more effectively.
2025-08-04 16:23:50,901 [INFO] [SESSION] Added QA record: error_assistance question
2025-08-04 16:23:53,469 [INFO] [DEBUG] Parsed strategy: 'modify', reason: 'The user's response indicates a new location (the fridge) to search for the tomato. This information is helpful and suggests that the original search strategy can be modified to include the fridge as a potential location. By modifying the search strategy, we can increase the chances of successfully locating the tomato.'
2025-08-04 16:23:53,470 [INFO] [DEBUG] Original LLM result: STRATEGY: modify  
REASON: The user's response indicates a new location (the fridge) to search for the tomato. This information is helpful and suggests that the original search strategy can be modified to include the fridge as a potential location. By modifying the search strategy, we can increase the chances of successfully locating the tomato.  
ACTION: search for tomato in the fridge.
2025-08-04 16:23:53,470 [INFO] [ERROR RECOVERY] Strategy: modify
2025-08-04 16:23:53,471 [INFO] [ERROR RECOVERY] Reason: The user's response indicates a new location (the fridge) to search for the tomato. This information is helpful and suggests that the original search strategy can be modified to include the fridge as a potential location. By modifying the search strategy, we can increase the chances of successfully locating the tomato.
2025-08-04 16:23:53,471 [INFO] [ERROR RECOVERY] User advised strategy: modify
2025-08-04 16:23:53,471 [INFO] [ERROR RECOVERY] User suggests replanning, implementing replan strategy
2025-08-04 16:23:57,873 [INFO] [DEBUG] LLM response for replan_subtasks_based_on_user_response: Here is the revised task plan based on the user's feedback:

<Subtask1>search tomato in fridge</Subtask1>
<Subtask2>pick_up tomato</Subtask2>
<Subtask3>search plate</Subtask3>
<Subtask4>put tomato on plate</Subtask4>

Explanation:
- The user's feedback indicates that the tomato is likely in the fridge, so the first subtask is adjusted to specifically search for the tomato in the fridge.
- The remaining subtasks (picking up the tomato, searching for the plate, and placing the tomato on the plate) remain unchanged as they are still necessary steps in the task plan.
2025-08-04 16:23:57,873 [INFO] [DEBUG] Parsed matches: [(1, 'search tomato in fridge'), (2, 'pick_up tomato'), (3, 'search plate'), (4, 'put tomato on plate')]
2025-08-04 16:24:07,420 [INFO] [DECISIONS] Generated 4 unique actions from 4 total actions
2025-08-04 16:24:07,424 [INFO] [ERROR RECOVERY] Replanned decisions: [{'action': 'search', 'objectType': 'tomato', 'targetObject': 'fridge', 'decisionmaking': 'search tomato fridge'}, {'action': 'pick_up', 'objectType': 'tomato', 'targetObject': None, 'decisionmaking': 'pick_up tomato'}, {'action': 'search', 'objectType': 'plate', 'targetObject': None, 'decisionmaking': 'search plate'}, {'action': 'put', 'objectType': 'tomato', 'targetObject': 'plate', 'decisionmaking': 'put tomato plate'}]
2025-08-04 16:24:10,809 [INFO] [EXECUTE] search tomato fridge
2025-08-04 16:24:11,698 [INFO] [SEARCH] Checking Fridge
2025-08-04 16:24:13,911 [INFO] [SEARCH] Fridge is closed, opening for search...
2025-08-04 16:24:14,059 [INFO] [SEARCH] Successfully opened Fridge for searching tomato
2025-08-04 16:24:14,172 [INFO] [SEARCH] Found visible tomato in/on Fridge
2025-08-04 16:24:16,752 [INFO] [EXECUTE] pick_up tomato
2025-08-04 16:24:16,952 [INFO] [DEBUG] Looking for tomato to pick_up
2025-08-04 16:24:16,956 [INFO] [DEBUG] Visible objects: ['Drawer(Drawer|+00.65|+00.60|+01.02)', 'Drawer(Drawer|+00.65|+00.85|+01.02)', 'Floor(Floor|+00.00|+00.22|-00.82)', 'Fridge(Fridge|+01.01|+00.23|+01.92)', 'SideTable(SideTable|+00.98|+00.22|+00.87)', 'Tomato(Tomato|+00.92|+01.91|+01.61)']
2025-08-04 16:24:16,956 [INFO] [DEBUG] Selected first matching tomato (ID: Tomato|+00.92|+01.91|+01.61)
2025-08-04 16:24:16,956 [INFO] [DEBUG] Final selected object: Tomato (ID: Tomato|+00.92|+01.91|+01.61)
2025-08-04 16:24:16,959 [INFO] [EXECUTE] Executing pick_up on tomato (ID: Tomato|+00.92|+01.91|+01.61)
2025-08-04 16:24:17,121 [INFO] [SUCCESS] pick_up on tomato completed successfully
2025-08-04 16:24:17,121 [INFO] [DEBUG] Recorded recent interaction: tomato -> Tomato|+00.92|+01.91|+01.61
2025-08-04 16:24:17,121 [INFO] [SEARCH CLEANUP] Closing 1 containers that were opened for search
2025-08-04 16:24:17,179 [INFO] [SEARCH CLEANUP] Closing Fridge (ID: Fridge|+01.01|+00.23|+01.92)
2025-08-04 16:24:17,578 [INFO] [SEARCH CLEANUP] Successfully closed Fridge
2025-08-04 16:24:21,719 [INFO] [EXECUTE] search plate
2025-08-04 16:24:22,333 [INFO] [SEARCH] Checking Plate
2025-08-04 16:24:23,855 [INFO] [SEARCH] Found visible plate in/on Plate
2025-08-04 16:24:27,069 [INFO] [EXECUTE] put tomato plate
2025-08-04 16:24:28,666 [INFO] [EXECUTE] Putting Tomato on/in Plate
2025-08-04 16:24:29,295 [INFO] [SUCCESS] Put action completed successfully
2025-08-04 16:24:29,351 [INFO] [VERIFICATION] Starting task verification...
2025-08-04 16:24:29,631 [INFO] [VERIFY] Saved verification image: /Users/yuanda/Documents/embodied_reasoner/task_planner/data/data_pickup_and_put/FloorPlan3_pickup_and_put_0/verification/final_verification.png
2025-08-04 16:24:38,118 [INFO] [VERIFY] Task verification result: SUCCESS=False, CONFIDENCE=high
2025-08-04 16:24:38,119 [INFO] [VERIFY] Reason: The tomato is not on the plate. Instead, the tomato is on the floor, and the plate is on a small table. The task requires the tomato to be placed on the plate, which has not been accomplished.
2025-08-04 16:24:38,120 [WARNING] [VERIFICATION] ✗ Task may not be completed. (Confidence: high)
2025-08-04 16:24:38,120 [WARNING] [VERIFICATION] Reason: The tomato is not on the plate. Instead, the tomato is on the floor, and the plate is on a small table. The task requires the tomato to be placed on the plate, which has not been accomplished.
2025-08-04 16:24:38,120 [ERROR] [ERROR HANDLING] Exception in error handler: 'str' object is not a mapping
2025-08-04 16:24:38,123 [INFO] [VERIFICATION] Verification result saved to: /Users/yuanda/Documents/embodied_reasoner/task_planner/data/data_pickup_and_put/FloorPlan3_pickup_and_put_0/verification_result.json
2025-08-04 16:24:38,123 [INFO] [ATTEMPT 2/3] Starting task attempt
2025-08-04 16:24:38,397 [WARNING] [RESET] Failed to reset robot position on attempt 2
2025-08-04 16:24:38,474 [INFO] [RESET] Dropping held object: Tomato|+00.92|+01.91|+01.61
2025-08-04 16:24:40,719 [INFO] [SESSION] Initialized SessionManager with ID: session_20250804_162440
2025-08-04 16:33:43,241 [INFO] [SCENE_MANAGER] Randomization config loaded: enabled=True, ratio=0.4
2025-08-04 16:33:43,242 [INFO] metadata_path: /Users/yuanda/Documents/embodied_reasoner/data_engine/taskgenerate/kitchens/FloorPlan3/metadata.json
2025-08-04 16:33:43,244 [INFO] Task configuration - USE_TEST_TASKS: False, TEST_TASK_ID: test_001, RUN_ALL_TEST_TASKS: False
2025-08-04 16:33:43,244 [INFO] Using manually specified task
2025-08-04 16:33:43,244 [INFO] 

*********************************************************************
2025-08-04 16:33:43,244 [INFO] Running Task ID: manual_task
2025-08-04 16:33:43,244 [INFO] Scene:FloorPlan3 Task_Type: pickup_and_put Task: put tomato on the plate
2025-08-04 16:33:43,244 [INFO] *********************************************************************

2025-08-04 16:33:43,244 [INFO] taskname: put tomato on the plate
2025-08-04 16:33:50,784 [INFO] Initialize return: {'cameraNearPlane': 0.009999999776482582, 'cameraFarPlane': 20.0}
2025-08-04 16:33:50,905 [INFO] [SCENE_RANDOMIZATION] Randomization enabled: True
2025-08-04 16:33:50,905 [INFO] [SCENE_RANDOMIZATION] Starting scene randomization for scene: FloorPlan3
2025-08-04 16:33:50,905 [INFO] [RANDOMIZATION] Starting intelligent object swapping for FloorPlan3
2025-08-04 16:33:50,905 [INFO] [RANDOMIZATION] Total objects in scene: 59
2025-08-04 16:33:50,905 [INFO] [RANDOMIZATION] Filter results: {'not_moveable_type': 45, 'not_pickupable': 0, 'already_picked': 0, 'not_visible_or_interactable': 6, 'passed_filter': 8}
2025-08-04 16:33:50,905 [INFO] [RANDOMIZATION] Found 8 moveable objects out of 59 total objects
2025-08-04 16:33:50,905 [INFO] [RANDOMIZATION] Compatibility groups: [('food', 5), ('tableware', 2)]
2025-08-04 16:33:50,905 [INFO] [RANDOMIZATION] Grouped objects into 2 compatibility groups
2025-08-04 16:33:51,793 [INFO] [RANDOMIZATION] Successfully performed 0/1 object swaps
2025-08-04 16:33:51,793 [INFO] [SCENE_RANDOMIZATION] Randomization result: True
2025-08-04 16:33:51,795 [INFO] Initialization succeeded
2025-08-04 16:33:51,795 [INFO] [ATTEMPT 1/3] Starting task attempt
2025-08-04 16:33:51,852 [WARNING] [RESET] Failed to reset robot position on attempt 1
2025-08-04 16:33:51,909 [INFO] [SESSION] Initialized SessionManager with ID: session_20250804_163351
2025-08-04 16:34:16,056 [INFO] [OBSERVATION] <Observation>
I see a wooden cabinet with a countertop in front of me. On the countertop, there are various objects including a toaster, a kettle, a pot, a cutting board with vegetables, a sink, and a faucet. Above the countertop, there are shelves holding bottles, glasses, and other items. To the right, there is a window letting in light. Below the countertop, there are cabinets and drawers. In the background, I can see a stove with a burner and knobs. There is also a houseplant and a bottle on the countertop. The room is well-lit with recessed ceiling lights.
</Observation>
2025-08-04 16:34:18,463 [INFO] [INITIAL TASK PLANNING] ['Find the tomato on the cutting board', 'Pick up the tomato', 'Find the plate on the countertop', 'Put the tomato on the plate']
2025-08-04 16:34:20,587 [INFO] [GENERAL QUESTION] Are there any specific requirements or conditions for the tomato (e.g., size, freshness, or whether it should be sliced or whole)? Additionally, is there anything specific about the plate (e.g., its location, appearance, or whether it should be clean)? Providing more details can help refine the plan for better execution.
2025-08-04 16:35:58,610 [INFO] [SESSION] Added QA record: decision_clarification question
2025-08-04 16:35:58,639 [INFO] [USER RESPONSE] put tomato in the kettle
2025-08-04 16:36:01,150 [INFO] [RE-PLANNING BASED ON USER RESPONSE]
2025-08-04 16:36:01,151 [INFO] REPLAN?: True
2025-08-04 16:36:01,155 [INFO] Reason: The user's response indicates a change in the task objective from "put tomato on the plate" to "put tomato in the kettle." This alteration requires a new plan to be executed, as the original plan does not account for placing the tomato in a kettle. Therefore, replanning is necessary to align with the user's updated instruction.
2025-08-04 16:36:06,508 [INFO] [DEBUG] LLM response for replan_subtasks_based_on_user_response: Given the user's feedback that they want the tomato to be put into the kettle, the original plan needs to be revised. Here is the revised subtask sequence:

<Subtask1>Find the tomato on the cutting board</Subtask1>
<Subtask2>Pick up the tomato</Subtask2>
<Subtask3>Find the kettle on the countertop</Subtask3>
<Subtask4>Put the tomato into the kettle</Subtask4>

This revised plan directly addresses the user's request to put the tomato in the kettle, adjusting the order and approach accordingly. The original plan's focus on placing the tomato on a plate is replaced with the user's specific instruction. The subtasks are structured to first locate and pick up the tomato, then locate the kettle, and finally place the tomato inside it.
2025-08-04 16:36:06,510 [INFO] [DEBUG] Parsed matches: [(1, 'Find the tomato on the cutting board'), (2, 'Pick up the tomato'), (3, 'Find the kettle on the countertop'), (4, 'Put the tomato into the kettle')]
2025-08-04 16:36:06,511 [INFO] [REPLAN] Old subtasks: ['Find the tomato on the cutting board', 'Pick up the tomato', 'Find the plate on the countertop', 'Put the tomato on the plate']
2025-08-04 16:36:06,511 [INFO] [REPLAN] New subtasks: ['Find the tomato on the cutting board', 'Pick up the tomato', 'Find the kettle on the countertop', 'Put the tomato into the kettle']
2025-08-04 16:36:55,723 [INFO] [DECISIONS] Generated 4 unique actions from 4 total actions
2025-08-04 16:36:55,724 [INFO] [SUBTASKS WITH DECISION] [{'action': 'search', 'objectType': 'tomato', 'targetObject': None, 'decisionmaking': 'search tomato'}, {'action': 'pick_up', 'objectType': 'tomato', 'targetObject': None, 'decisionmaking': 'pick_up tomato'}, {'action': 'search', 'objectType': 'kettle', 'targetObject': None, 'decisionmaking': 'search kettle'}, {'action': 'put', 'objectType': 'tomato', 'targetObject': 'kettle', 'decisionmaking': 'put tomato kettle'}]
2025-08-04 16:36:59,088 [INFO] [EXECUTE] search tomato
2025-08-04 16:37:00,211 [INFO] [SEARCH] Checking Fridge
2025-08-04 16:37:02,418 [INFO] [SEARCH] Fridge is closed, opening for search...
2025-08-04 16:37:02,570 [INFO] [SEARCH] Successfully opened Fridge for searching tomato
2025-08-04 16:37:02,687 [INFO] [SEARCH] Found visible tomato in/on Fridge
2025-08-04 16:37:07,341 [INFO] [EXECUTE] pick_up tomato
2025-08-04 16:37:07,617 [INFO] [DEBUG] Looking for tomato to pick_up
2025-08-04 16:37:07,617 [INFO] [DEBUG] Visible objects: ['Drawer(Drawer|+00.65|+00.60|+01.02)', 'Drawer(Drawer|+00.65|+00.85|+01.02)', 'Floor(Floor|+00.00|+00.22|-00.82)', 'Fridge(Fridge|+01.01|+00.23|+01.92)', 'SideTable(SideTable|+00.98|+00.22|+00.87)', 'Tomato(Tomato|+00.92|+01.91|+01.61)']
2025-08-04 16:37:07,617 [INFO] [DEBUG] Selected first matching tomato (ID: Tomato|+00.92|+01.91|+01.61)
2025-08-04 16:37:07,617 [INFO] [DEBUG] Final selected object: Tomato (ID: Tomato|+00.92|+01.91|+01.61)
2025-08-04 16:37:07,618 [INFO] [EXECUTE] Executing pick_up on tomato (ID: Tomato|+00.92|+01.91|+01.61)
2025-08-04 16:37:07,818 [INFO] [SUCCESS] pick_up on tomato completed successfully
2025-08-04 16:37:07,819 [INFO] [DEBUG] Recorded recent interaction: tomato -> Tomato|+00.92|+01.91|+01.61
2025-08-04 16:37:07,819 [INFO] [SEARCH CLEANUP] Closing 1 containers that were opened for search
2025-08-04 16:37:07,918 [INFO] [SEARCH CLEANUP] Closing Fridge (ID: Fridge|+01.01|+00.23|+01.92)
2025-08-04 16:37:08,520 [INFO] [SEARCH CLEANUP] Successfully closed Fridge
2025-08-04 16:37:12,965 [INFO] [EXECUTE] search kettle
2025-08-04 16:37:13,496 [INFO] [SEARCH] Checking Cabinet
2025-08-04 16:37:14,761 [INFO] [SEARCH] Cabinet is closed, opening for search...
2025-08-04 16:37:15,105 [INFO] [SEARCH] Successfully opened Cabinet for searching kettle
2025-08-04 16:37:15,213 [INFO] [SEARCH] Could not find visible kettle in/on Cabinet
2025-08-04 16:37:15,266 [INFO] [SEARCH] Closing Cabinet immediately (target not found)
2025-08-04 16:37:15,606 [INFO] [SEARCH] Successfully closed Cabinet
2025-08-04 16:37:15,606 [WARNING] [SEARCH] Could not find visible kettle after checking all possible locations
2025-08-04 16:37:15,606 [ERROR] [ERROR] Search failed for kettle, requesting user assistance.
2025-08-04 16:37:15,607 [INFO] [SESSION] Added failure record: search_failure
2025-08-04 16:37:20,934 [INFO] [ERROR HANDLING] Analysis: The robot attempted to search for a kettle as part of the task to put a tomato on the plate. However, the kettle could not be found in any of the possible locations. This suggests that either the kettle is not present in the environment or the robot's understanding of where to look for it is incorrect.
2025-08-04 16:37:20,935 [INFO] [ERROR HANDLING] Asking user for help: The robot tried to find a kettle as part of the task to put a tomato on the plate, but it couldn't locate one. Could you please confirm whether a kettle is present in the environment? If it is, could you specify its location or provide a hint about where it might be? Additionally, is the kettle necessary for this task, or was there a misunderstanding in the instructions? If the kettle is not needed, could you clarify the correct approach to putting the tomato on the plate?
2025-08-04 16:38:08,137 [INFO] [SESSION] Added QA record: error_assistance question
2025-08-04 16:38:11,435 [INFO] [DEBUG] Parsed strategy: 'skip', reason: 'The user's response indicates that they do not wish to provide further assistance and implies that the robot should attempt to find the kettle independently. Since the task of putting a tomato on a plate does not inherently require a kettle, skipping the step of searching for the kettle aligns with the user's instruction and allows the robot to proceed with the task without unnecessary delay.'
2025-08-04 16:38:11,435 [INFO] [DEBUG] Original LLM result: STRATEGY: skip  
REASON: The user's response indicates that they do not wish to provide further assistance and implies that the robot should attempt to find the kettle independently. Since the task of putting a tomato on a plate does not inherently require a kettle, skipping the step of searching for the kettle aligns with the user's instruction and allows the robot to proceed with the task without unnecessary delay.  
ACTION: Proceed to the next action: "put tomato on the plate" directly, without searching for the kettle.
2025-08-04 16:38:11,435 [INFO] [ERROR RECOVERY] Strategy: skip
2025-08-04 16:38:11,435 [INFO] [ERROR RECOVERY] Reason: The user's response indicates that they do not wish to provide further assistance and implies that the robot should attempt to find the kettle independently. Since the task of putting a tomato on a plate does not inherently require a kettle, skipping the step of searching for the kettle aligns with the user's instruction and allows the robot to proceed with the task without unnecessary delay.
2025-08-04 16:38:11,436 [INFO] [ERROR RECOVERY] User advised strategy: skip
2025-08-04 16:38:11,436 [INFO] [ERROR RECOVERY] Skipping search for kettle as advised by user
2025-08-04 16:38:15,226 [INFO] [EXECUTE] put tomato kettle
2025-08-04 16:38:15,485 [ERROR] [ERROR] Cannot find receptacle kettle to put object on/in, requesting user assistance.
2025-08-04 16:38:15,487 [INFO] [SESSION] Added failure record: target_not_found
2025-08-04 16:38:22,347 [INFO] [ERROR HANDLING] Analysis: The robot attempted to place a tomato on/in a kettle, but it couldn't find the kettle in the environment. This suggests either a misunderstanding in the task instructions or an issue with the environment setup. The task was supposed to involve putting a tomato on a plate, but the robot was directed to interact with a kettle instead, which is unrelated to the task goal.
2025-08-04 16:38:22,348 [INFO] [ERROR HANDLING] Asking user for help: The robot tried to put the tomato in a kettle as part of the task, but it couldn't find the kettle. It seems there might have been a misunderstanding, as the task was supposed to be about putting the tomato on a plate. Could you please confirm whether a kettle is actually needed for this task? If so, could you specify its location or provide a hint about where it might be? If not, could you clarify the correct approach to putting the tomato on the plate? Additionally, could you confirm if there are any specific requirements for the plate (e.g., its location, appearance, or whether it should be clean)? This information will help the robot proceed with the task correctly.
2025-08-04 16:50:10,491 [INFO] [SESSION] Added QA record: error_assistance question
2025-08-04 16:50:29,663 [INFO] [DEBUG] Parsed strategy: '**modify**', reason: 'The user's response indicates that a kettle is indeed relevant to the task, as it is located near the toaster. However, the original task was to put the tomato on a plate, not in a kettle. This suggests a misunderstanding in the task instructions. Given the user's clarification about the kettle's location, the robot should adjust its actions to incorporate the kettle but still focus on the primary goal of putting the tomato on a plate.'
2025-08-04 16:50:29,664 [INFO] [DEBUG] Original LLM result: STRATEGY: **modify**

REASON: The user's response indicates that a kettle is indeed relevant to the task, as it is located near the toaster. However, the original task was to put the tomato on a plate, not in a kettle. This suggests a misunderstanding in the task instructions. Given the user's clarification about the kettle's location, the robot should adjust its actions to incorporate the kettle but still focus on the primary goal of putting the tomato on a plate.

ACTION: First, the robot should locate the kettle near the toaster. Then, it should interact with the kettle (e.g., pick it up or move it) to resolve the issue with not finding it. Afterward, the robot should proceed to find a plate (clean or otherwise, depending on any additional user input) and put the tomato on the plate, as per the original task requirement.

This strategy ensures the robot addresses the kettle issue (clarified by the user) while staying focused on the main goal of putting the tomato on a plate.
2025-08-04 16:50:29,664 [INFO] [ERROR RECOVERY] Strategy: **modify**
2025-08-04 16:50:29,664 [INFO] [ERROR RECOVERY] Reason: The user's response indicates that a kettle is indeed relevant to the task, as it is located near the toaster. However, the original task was to put the tomato on a plate, not in a kettle. This suggests a misunderstanding in the task instructions. Given the user's clarification about the kettle's location, the robot should adjust its actions to incorporate the kettle but still focus on the primary goal of putting the tomato on a plate.
2025-08-04 16:50:29,665 [INFO] [ERROR RECOVERY] User advised strategy: **modify**
2025-08-04 16:50:29,665 [INFO] [ERROR RECOVERY] Stopping execution as advised by user
2025-08-04 16:50:29,667 [INFO] [VERIFICATION] Starting task verification...
2025-08-04 16:50:30,118 [INFO] [VERIFY] Saved verification image: /Users/yuanda/Documents/embodied_reasoner/task_planner/data/data_pickup_and_put/FloorPlan3_pickup_and_put_0/verification/final_verification.png
2025-08-04 16:50:47,483 [INFO] [VERIFY] Task verification result: SUCCESS=False, CONFIDENCE=high
2025-08-04 16:50:47,485 [INFO] [VERIFY] Reason: The tomato is on the floor, not on a cutting board or in a kettle, and there is no kettle visible.**  
**CONFIDENCE: high**
2025-08-04 16:50:47,485 [WARNING] [VERIFICATION] ✗ Task may not be completed. (Confidence: high)
2025-08-04 16:50:47,485 [WARNING] [VERIFICATION] Reason: The tomato is on the floor, not on a cutting board or in a kettle, and there is no kettle visible.**  
**CONFIDENCE: high**
2025-08-04 16:50:47,486 [ERROR] [ERROR HANDLING] Exception in error handler: 'str' object is not a mapping
2025-08-04 16:50:47,492 [INFO] [VERIFICATION] Verification result saved to: /Users/yuanda/Documents/embodied_reasoner/task_planner/data/data_pickup_and_put/FloorPlan3_pickup_and_put_0/verification_result.json
2025-08-04 16:50:47,492 [INFO] [ATTEMPT 2/3] Starting task attempt
2025-08-04 16:50:48,515 [WARNING] [RESET] Failed to reset robot position on attempt 2
2025-08-04 16:50:48,618 [INFO] [RESET] Dropping held object: Tomato|+00.92|+01.91|+01.61
2025-08-04 16:50:49,618 [INFO] [SESSION] Initialized SessionManager with ID: session_20250804_165049
2025-08-04 16:51:00,063 [INFO] [OBSERVATION] <Observation>
I see a wooden countertop in front of me with a loaf of bread, a dark plate, and a bowl on it. A green and white bottle, possibly a dish soap, sits near the sink. A HousePlant is placed in a white pot on the counter. A Tomato is visible on the floor. There is a Cabinet under the counter, and a Sink with a Faucet is located to the left. A Window is visible in the background, letting in natural light. A GarbageCan with recycling symbols is positioned on the floor near the cabinet. The floor appears to be carpeted.
</Observation>
2025-08-04 16:51:02,416 [INFO] [INITIAL TASK PLANNING] ['Find the tomato on the floor.', 'Pick up the tomato.', 'Find the dark plate on the countertop.', 'Place the tomato on the dark plate.']
2025-08-04 16:51:03,544 [INFO] [GENERAL QUESTION] Is there any specific way the tomato should be handled or prepared (e.g., washed, cut, or sliced) before placing it on the plate?
2025-08-04 16:51:21,344 [INFO] [SESSION] Added QA record: decision_clarification question
2025-08-04 16:51:21,346 [INFO] [USER RESPONSE] first, please put the tomato in the kettle
2025-08-04 16:51:23,638 [INFO] [RE-PLANNING BASED ON USER RESPONSE]
2025-08-04 16:51:23,639 [INFO] REPLAN?: True
2025-08-04 16:51:23,640 [INFO] Reason: The user's instruction to "put the tomato in the kettle" conflicts with the current plan, which involves placing the tomato on the dark plate. Since the user has provided a new task that diverges from the original goal, it is necessary to replan the task to align with the user's updated instruction.
2025-08-04 16:51:29,915 [INFO] [DEBUG] LLM response for replan_subtasks_based_on_user_response: Based on the user's feedback, the revised plan should prioritize placing the tomato in the kettle before proceeding with the rest of the task. Here is the revised subtask sequence:

<Subtask1>Find the tomato on the floor.</Subtask1>
<Subtask2>Pick up the tomato.</Subtask2>
<Subtask3>Find the kettle in the environment.</Subtask3>
<Subtask4>Place the tomato in the kettle.</Subtask4>
<Subtask5>Find the dark plate on the countertop.</Subtask5>
<Subtask6>Remove the tomato from the kettle.</Subtask6>
<Subtask7>Place the tomato on the dark plate.</Subtask7>

This revised plan incorporates the user's request to put the tomato in the kettle before placing it on the plate, while still ensuring the final goal of placing the tomato on the plate is achieved. The plan adjusts the order of actions to prioritize the user's specific instruction.
2025-08-04 16:51:29,916 [INFO] [DEBUG] Parsed matches: [(1, 'Find the tomato on the floor.'), (2, 'Pick up the tomato.'), (3, 'Find the kettle in the environment.'), (4, 'Place the tomato in the kettle.'), (5, 'Find the dark plate on the countertop.'), (6, 'Remove the tomato from the kettle.'), (7, 'Place the tomato on the dark plate.')]
2025-08-04 16:51:29,916 [INFO] [REPLAN] Old subtasks: ['Find the tomato on the floor.', 'Pick up the tomato.', 'Find the dark plate on the countertop.', 'Place the tomato on the dark plate.']
2025-08-04 16:51:29,916 [INFO] [REPLAN] New subtasks: ['Find the tomato on the floor.', 'Pick up the tomato.', 'Find the kettle in the environment.', 'Place the tomato in the kettle.', 'Find the dark plate on the countertop.', 'Remove the tomato from the kettle.', 'Place the tomato on the dark plate.']
2025-08-04 16:51:43,550 [INFO] [DECISIONS] Generated 6 unique actions from 7 total actions
2025-08-04 16:51:43,550 [INFO] [SUBTASKS WITH DECISION] [{'action': 'search', 'objectType': 'tomato', 'targetObject': None, 'decisionmaking': 'search tomato'}, {'action': 'pick_up', 'objectType': 'tomato', 'targetObject': None, 'decisionmaking': 'pick_up tomato'}, {'action': 'search', 'objectType': 'kettle', 'targetObject': None, 'decisionmaking': 'search kettle'}, {'action': 'put', 'objectType': 'tomato', 'targetObject': 'kettle', 'decisionmaking': 'put tomato kettle'}, {'action': 'search', 'objectType': 'dark_plate', 'targetObject': None, 'decisionmaking': 'search dark_plate'}, {'action': 'put', 'objectType': 'tomato', 'targetObject': 'dark_plate', 'decisionmaking': 'put tomato dark_plate'}]
2025-08-04 16:51:46,247 [INFO] [EXECUTE] search tomato
2025-08-04 16:51:46,515 [INFO] [SEARCH] Found visible tomato in current view
2025-08-04 16:51:49,726 [INFO] [EXECUTE] pick_up tomato
2025-08-04 16:51:49,858 [INFO] [DEBUG] Looking for tomato to pick_up
2025-08-04 16:51:49,859 [INFO] [DEBUG] Visible objects: ['Bowl(Bowl|-01.82|+01.31|+00.27)', 'Bread(Bread|-01.51|+01.38|+00.66)', 'ButterKnife(ButterKnife|-01.57|+01.32|+01.35)', 'Cabinet(Cabinet|-01.46|+00.78|+00.47)', 'Cabinet(Cabinet|-01.46|+00.78|+01.31)', 'CounterTop(CounterTop|-01.81|+01.36|+01.18)', 'DishSponge(DishSponge|-02.05|+01.33|-00.96)', 'Drawer(Drawer|-01.61|+00.68|-01.22)', 'Drawer(Drawer|-01.61|+00.68|-00.43)', 'Faucet(Faucet|-02.13|+01.32|-00.81)', 'Floor(Floor|+00.00|+00.22|-00.82)', 'GarbageCan(GarbageCan|-01.63|+00.21|+02.19)', 'HousePlant(HousePlant|-02.03|+01.31|-00.03)', 'Plate(Plate|-01.47|+01.31|+00.24)', 'Sink(Sink|-01.99|+01.14|-00.98)', 'SoapBottle(SoapBottle|-01.79|+01.31|-00.10)', 'Tomato(Tomato|+00.92|+01.91|+01.61)', 'Window(Window|-02.57|+01.80|-00.82)']
2025-08-04 16:51:49,859 [INFO] [DEBUG] Selected first matching tomato (ID: Tomato|+00.92|+01.91|+01.61)
2025-08-04 16:51:49,859 [INFO] [DEBUG] Final selected object: Tomato (ID: Tomato|+00.92|+01.91|+01.61)
2025-08-04 16:51:49,859 [INFO] [EXECUTE] Executing pick_up on tomato (ID: Tomato|+00.92|+01.91|+01.61)
2025-08-04 16:51:50,019 [INFO] [SUCCESS] pick_up on tomato completed successfully
2025-08-04 16:51:50,019 [INFO] [DEBUG] Recorded recent interaction: tomato -> Tomato|+00.92|+01.91|+01.61
2025-08-04 16:51:53,502 [INFO] [EXECUTE] search kettle
2025-08-04 16:51:54,135 [INFO] [SEARCH] Checking Faucet
2025-08-04 16:51:55,351 [INFO] [SEARCH] Could not find visible kettle in/on Faucet
2025-08-04 16:51:55,351 [WARNING] [SEARCH] Could not find visible kettle after checking all possible locations
2025-08-04 16:51:55,351 [ERROR] [ERROR] Search failed for kettle, requesting user assistance.
2025-08-04 16:51:55,351 [INFO] [SESSION] Added failure record: search_failure
2025-08-04 16:52:00,326 [INFO] [ERROR HANDLING] Analysis: The robot attempted to search for a kettle as part of the task to "put tomato on the plate," but it could not find the kettle in any of the possible locations. This suggests that the kettle might be missing, in an unexpected location, or that the robot's search algorithm has a limitation in detecting the kettle.
2025-08-04 16:52:00,326 [INFO] [ERROR HANDLING] Asking user for help: The robot tried to find the kettle as part of the task to "put tomato on the plate" but was unable to locate it. Is the kettle actually present in the environment? If so, could you please specify its location or provide any clues about where it might be hidden? Alternatively, is there a reason the kettle is necessary for this task, or can we skip this step and proceed directly to placing the tomato on the plate?
2025-08-04 16:52:32,701 [INFO] [SESSION] Added QA record: error_assistance question
2025-08-04 16:52:35,870 [INFO] [DEBUG] Parsed strategy: '**retry**', reason: 'The user has provided a clue about the kettle's location, indicating that it is near the toaster. This information can be used to retry the search for the kettle, which is necessary for completing the current step of the task. Since the kettle's presence is essential for the next action ("put tomato kettle"), retrying the search with the new location information is the most appropriate strategy.'
2025-08-04 16:52:35,871 [INFO] [DEBUG] Original LLM result: STRATEGY: **retry**  
REASON: The user has provided a clue about the kettle's location, indicating that it is near the toaster. This information can be used to retry the search for the kettle, which is necessary for completing the current step of the task. Since the kettle's presence is essential for the next action ("put tomato kettle"), retrying the search with the new location information is the most appropriate strategy.  
ACTION: Search for the kettle near the toaster.
2025-08-04 16:52:35,871 [INFO] [ERROR RECOVERY] Strategy: **retry**
2025-08-04 16:52:35,871 [INFO] [ERROR RECOVERY] Reason: The user has provided a clue about the kettle's location, indicating that it is near the toaster. This information can be used to retry the search for the kettle, which is necessary for completing the current step of the task. Since the kettle's presence is essential for the next action ("put tomato kettle"), retrying the search with the new location information is the most appropriate strategy.
2025-08-04 16:52:35,871 [INFO] [ERROR RECOVERY] User advised strategy: **retry**
2025-08-04 16:52:35,871 [INFO] [ERROR RECOVERY] Stopping execution as advised by user
2025-08-04 16:52:35,873 [INFO] [VERIFICATION] Starting task verification...
2025-08-04 16:52:36,233 [INFO] [VERIFY] Saved verification image: /Users/yuanda/Documents/embodied_reasoner/task_planner/data/data_pickup_and_put/FloorPlan3_pickup_and_put_0/verification/final_verification.png
2025-08-04 16:52:45,022 [INFO] [VERIFY] Task verification result: SUCCESS=False, CONFIDENCE=high
2025-08-04 16:52:45,023 [INFO] [VERIFY] Reason: The tomato is still on the countertop near the sink, not on the dark plate as specified in the task. Additionally, there is no kettle visible in the image, and the tomato has not been moved to or from the kettle, which was part of the planned steps.
2025-08-04 16:52:45,023 [WARNING] [VERIFICATION] ✗ Task may not be completed. (Confidence: high)
2025-08-04 16:52:45,023 [WARNING] [VERIFICATION] Reason: The tomato is still on the countertop near the sink, not on the dark plate as specified in the task. Additionally, there is no kettle visible in the image, and the tomato has not been moved to or from the kettle, which was part of the planned steps.
2025-08-04 16:52:45,024 [ERROR] [ERROR HANDLING] Exception in error handler: 'str' object is not a mapping
2025-08-04 16:52:45,025 [INFO] [VERIFICATION] Verification result saved to: /Users/yuanda/Documents/embodied_reasoner/task_planner/data/data_pickup_and_put/FloorPlan3_pickup_and_put_0/verification_result.json
2025-08-04 16:52:45,025 [INFO] [ATTEMPT 3/3] Starting task attempt
2025-08-04 16:52:45,257 [WARNING] [RESET] Failed to reset robot position on attempt 3
2025-08-04 16:52:45,317 [INFO] [RESET] Dropping held object: Tomato|+00.92|+01.91|+01.61
2025-08-04 16:52:46,341 [INFO] [SESSION] Initialized SessionManager with ID: session_20250804_165246
2025-08-04 16:52:57,621 [INFO] [OBSERVATION] <Observation>
In front of me, I see a kitchen scene. There's a wooden CounterTop with various objects on it, including a Tomato, a Bowl, a DishSponge, a PaperTowelRoll, a Pan, and an Egg. A large SinkBasin is in the center with a Faucet above it. On the right side of the Sink, there's a HousePlant, a SoapBottle, and a Mug. To the left, there's a Pot on the CounterTop. In the background, a Window allows light to enter the room, and a Cabinet is partially visible on the left side. The Sink is made of metal, and there's a Lettuce on the left side of the Sink.
</Observation>
2025-08-04 16:52:59,986 [INFO] [INITIAL TASK PLANNING] ['Find the tomato on the CounterTop', 'Pick up the tomato', 'Find the plate on the CounterTop or elsewhere in the environment', 'Place the tomato on the plate']
2025-08-04 16:53:01,172 [INFO] [GENERAL QUESTION] Are there any specific instructions or conditions for identifying the correct tomato or plate (e.g., size, color, location preferences, or other distinguishing features)?
2025-08-04 16:53:34,397 [INFO] [SESSION] Added QA record: decision_clarification question
2025-08-04 16:53:34,400 [INFO] [USER RESPONSE] plate tomato in the kettle, and kettle near the toster.
2025-08-04 16:53:37,900 [INFO] [RE-PLANNING BASED ON USER RESPONSE]
2025-08-04 16:53:37,900 [INFO] REPLAN?: True
2025-08-04 16:53:37,900 [INFO] Reason: The user's response suggests that the task has changed. Instead of placing the tomato directly on a plate, the user now wants the tomato to be placed in a kettle, which is located near a toaster. This alters the original plan, as the final destination for the tomato is no longer a plate but a kettle. Additionally, the kettle's location near the toaster introduces a new subtask (finding the kettle and ensuring it is near the toaster). Therefore, the original plan needs to be adjusted to accommodate these new requirements.
2025-08-04 16:53:46,974 [INFO] [DEBUG] LLM response for replan_subtasks_based_on_user_response: Based on the user's feedback, the task requirements have shifted significantly. The user now wants the tomato to be placed in a kettle, and the kettle should be located near a toaster. Here is the revised plan that incorporates these specific instructions:

### Revised Plan:
<Subtask1>Find the kettle in the environment</Subtask1>
<Subtask2>Move the kettle near the toaster</Subtask2>
<Subtask3>Find the tomato on the CounterTop</Subtask3>
<Subtask4>Pick up the tomato</Subtask4>
<Subtask5>Place the tomato in the kettle</Subtask5>

### Explanation of the Revised Plan:
1. **Find the kettle in the environment**: The user's request involves placing the tomato in a kettle, so the first step is to locate the kettle.
2. **Move the kettle near the toaster**: The user specified that the kettle should be near the toaster. This step ensures compliance with this condition.
3. **Find the tomato on the CounterTop**: The tomato is still the main object of interest, so it needs to be located on the CounterTop.
4. **Pick up the tomato**: Once found, the tomato must be picked up to be placed in the kettle.
5. **Place the tomato in the kettle**: Finally, the tomato is placed inside the kettle, as per the user's request.

This plan directly addresses the user's specific instructions and adjusts the approach accordingly.
2025-08-04 16:53:46,976 [INFO] [DEBUG] Parsed matches: [(1, 'Find the kettle in the environment'), (2, 'Move the kettle near the toaster'), (3, 'Find the tomato on the CounterTop'), (4, 'Pick up the tomato'), (5, 'Place the tomato in the kettle')]
2025-08-04 16:53:46,976 [INFO] [REPLAN] Old subtasks: ['Find the tomato on the CounterTop', 'Pick up the tomato', 'Find the plate on the CounterTop or elsewhere in the environment', 'Place the tomato on the plate']
2025-08-04 16:53:46,976 [INFO] [REPLAN] New subtasks: ['Find the kettle in the environment', 'Move the kettle near the toaster', 'Find the tomato on the CounterTop', 'Pick up the tomato', 'Place the tomato in the kettle']
2025-08-04 16:53:59,869 [INFO] [DECISIONS] Generated 7 unique actions from 9 total actions
2025-08-04 16:53:59,870 [INFO] [SUBTASKS WITH DECISION] [{'action': 'search', 'objectType': 'kettle', 'targetObject': None, 'decisionmaking': 'search kettle'}, {'action': 'navigate', 'objectType': 'kettle', 'targetObject': None, 'decisionmaking': 'navigate kettle'}, {'action': 'search', 'objectType': 'toaster', 'targetObject': None, 'decisionmaking': 'search toaster'}, {'action': 'search', 'objectType': 'tomato', 'targetObject': None, 'decisionmaking': 'search tomato'}, {'action': 'navigate', 'objectType': 'tomato', 'targetObject': None, 'decisionmaking': 'navigate tomato'}, {'action': 'pick_up', 'objectType': 'tomato', 'targetObject': None, 'decisionmaking': 'pick_up tomato'}, {'action': 'put', 'objectType': 'tomato', 'targetObject': 'kettle', 'decisionmaking': 'put tomato kettle'}]
2025-08-04 16:54:03,875 [INFO] [EXECUTE] search kettle
2025-08-04 16:54:04,586 [INFO] [SEARCH] Checking Toaster
2025-08-04 16:54:05,949 [INFO] [SEARCH] Found visible kettle in/on Toaster
2025-08-04 16:54:09,500 [INFO] [EXECUTE] navigate kettle
2025-08-04 16:54:09,501 [ERROR] [WARNING] Cannot navigate to kettle, as it is not in the navigable list.
2025-08-04 16:54:09,502 [ERROR] [ERROR] 'object', try again.
2025-08-04 16:54:09,599 [INFO] [TASK COMPLETE] Finished task manual_task: put tomato on the plate
2025-08-04 16:54:09,599 [INFO] All tasks completed successfully!
2025-08-04 16:54:09,599 [INFO] Error paths saved to: ./wrong_generte_path_list.json
2025-08-04 16:55:41,567 [INFO] [SCENE_MANAGER] Randomization config loaded: enabled=True, ratio=0.4
2025-08-04 16:55:41,567 [INFO] metadata_path: /Users/yuanda/Documents/embodied_reasoner/data_engine/taskgenerate/kitchens/FloorPlan3/metadata.json
2025-08-04 16:55:41,569 [INFO] Task configuration - USE_TEST_TASKS: False, TEST_TASK_ID: test_001, RUN_ALL_TEST_TASKS: False
2025-08-04 16:55:41,569 [INFO] Using manually specified task
2025-08-04 16:55:41,569 [INFO] 

*********************************************************************
2025-08-04 16:55:41,569 [INFO] Running Task ID: manual_task
2025-08-04 16:55:41,569 [INFO] Scene:FloorPlan3 Task_Type: pickup_and_put Task: put tomato on the plate
2025-08-04 16:55:41,569 [INFO] *********************************************************************

2025-08-04 16:55:41,569 [INFO] taskname: put tomato on the plate
2025-08-04 16:57:54,126 [INFO] [SCENE_MANAGER] Randomization config loaded: enabled=True, ratio=0.4
2025-08-04 16:57:54,128 [INFO] metadata_path: /Users/yuanda/Documents/embodied_reasoner/data_engine/taskgenerate/kitchens/FloorPlan3/metadata.json
2025-08-04 16:57:54,132 [INFO] Task configuration - USE_TEST_TASKS: False, TEST_TASK_ID: test_001, RUN_ALL_TEST_TASKS: False
2025-08-04 16:57:54,132 [INFO] Using manually specified task
2025-08-04 16:57:54,132 [INFO] 

*********************************************************************
2025-08-04 16:57:54,132 [INFO] Running Task ID: manual_task
2025-08-04 16:57:54,132 [INFO] Scene:FloorPlan3 Task_Type: pickup_and_put Task: clean the lettuce and put it in the fridge
2025-08-04 16:57:54,132 [INFO] *********************************************************************

2025-08-04 16:57:54,132 [INFO] taskname: clean the lettuce and put it in the fridge
2025-08-04 16:58:02,258 [INFO] Initialize return: {'cameraNearPlane': 0.009999999776482582, 'cameraFarPlane': 20.0}
2025-08-04 16:58:02,385 [INFO] [SCENE_RANDOMIZATION] Randomization enabled: True
2025-08-04 16:58:02,385 [INFO] [SCENE_RANDOMIZATION] Starting scene randomization for scene: FloorPlan3
2025-08-04 16:58:02,385 [INFO] [RANDOMIZATION] Starting intelligent object swapping for FloorPlan3
2025-08-04 16:58:02,385 [INFO] [RANDOMIZATION] Total objects in scene: 59
2025-08-04 16:58:02,385 [INFO] [RANDOMIZATION] Filter results: {'not_moveable_type': 45, 'not_pickupable': 0, 'already_picked': 0, 'not_visible_or_interactable': 6, 'passed_filter': 8}
2025-08-04 16:58:02,385 [INFO] [RANDOMIZATION] Found 8 moveable objects out of 59 total objects
2025-08-04 16:58:02,386 [INFO] [RANDOMIZATION] Compatibility groups: [('food', 5), ('tableware', 2)]
2025-08-04 16:58:02,386 [INFO] [RANDOMIZATION] Grouped objects into 2 compatibility groups
2025-08-04 16:58:03,216 [INFO] [RANDOMIZATION] Successfully performed 0/1 object swaps
2025-08-04 16:58:03,216 [INFO] [SCENE_RANDOMIZATION] Randomization result: True
2025-08-04 16:58:03,217 [INFO] Initialization succeeded
2025-08-04 16:58:03,217 [INFO] [ATTEMPT 1/3] Starting task attempt
2025-08-04 16:58:03,277 [WARNING] [RESET] Failed to reset robot position on attempt 1
2025-08-04 16:58:03,338 [INFO] [SESSION] Initialized SessionManager with ID: session_20250804_165803
2025-08-04 16:58:14,769 [INFO] [OBSERVATION] <Observation>
I see a wooden cabinet with drawers in front of me. To the right, there is a window. A sink basin is located in front of the window, and a sink is nearby. A bowl is on the counter to the left. A spoon is resting on the counter. A house plant is placed on the counter near the sink. There are wine bottles on a shelf above the counter. A knife is lying on the counter. A cup is visible on the counter. A pot is situated on the counter near the stove. A faucet is above the sink. The counter top is made of wood. A microwave is visible on the counter. A coffee machine is placed on the counter.
</Observation>
2025-08-04 16:58:22,430 [INFO] [INITIAL TASK PLANNING] ['Find the lettuce', 'Pick up the lettuce', 'Go to the sink', 'Turn on the faucet', 'Wash the lettuce under running water', 'Turn off the faucet', 'Shake off excess water from the lettuce', 'Find a container or bag to store the lettuce', 'Pick up the container or bag', 'Place the washed lettuce into the container or bag', 'Seal the container or bag if necessary', 'Find the fridge', 'Open the fridge', 'Put the container or bag of lettuce into the fridge', 'Close the fridge']
2025-08-04 16:58:24,608 [INFO] [GENERAL QUESTION] Is there a specific type of container or bag you prefer for storing the lettuce in the fridge? (e.g., airtight container, reusable bag, etc.) And do you have any particular preferences for the storage method (e.g., leaving some air inside the container, adding paper towels to absorb moisture)?
2025-08-04 16:59:55,157 [INFO] [SESSION] Added QA record: decision_clarification question
2025-08-04 16:59:55,159 [INFO] [USER RESPONSE] you can put the leccuce on the plate
2025-08-04 16:59:57,479 [INFO] [RE-PLANNING BASED ON USER RESPONSE]
2025-08-04 16:59:57,479 [INFO] REPLAN?: True
2025-08-04 16:59:57,480 [INFO] Reason: The user's response indicates that the lettuce should be placed on a plate instead of being stored in a container or bag and put in the fridge. This suggests a change in the intended use of the lettuce, which would affect the task's current plan. Therefore, the task should be replanned to accommodate this new instruction.
2025-08-04 17:00:07,734 [INFO] [DEBUG] LLM response for replan_subtasks_based_on_user_response: Based on the user's feedback, the revised task plan will no longer involve finding or using a container or bag for storing the lettuce. Instead, the user prefers to place the washed lettuce directly on a plate. The revised plan will focus on washing the lettuce and then placing it on a plate, followed by storing the plate in the fridge.

Here is the revised plan:

<Subtask1>Find the lettuce</Subtask1>
<Subtask2>Pick up the lettuce</Subtask2>
<Subtask3>Go to the sink</Subtask3>
<Subtask4>Turn on the faucet</Subtask4>
<Subtask5>Wash the lettuce under running water</Subtask5>
<Subtask6>Turn off the faucet</Subtask6>
<Subtask7>Shake off excess water from the lettuce</Subtask7>
<Subtask8>Find a plate</Subtask8>
<Subtask9>Pick up the plate</Subtask9>
<Subtask10>Place the washed lettuce on the plate</Subtask10>
<Subtask11>Find the fridge</Subtask11>
<Subtask12>Open the fridge</Subtask12>
<Subtask13>Put the plate with lettuce into the fridge</Subtask13>
<Subtask14>Close the fridge</Subtask14>

This revised plan incorporates the user's specific request to use a plate instead of a container or bag for storing the lettuce. The steps have been adjusted to reflect this change while maintaining the necessary actions for cleaning and storing the lettuce.
2025-08-04 17:00:07,735 [INFO] [DEBUG] Parsed matches: [(1, 'Find the lettuce'), (2, 'Pick up the lettuce'), (3, 'Go to the sink'), (4, 'Turn on the faucet'), (5, 'Wash the lettuce under running water'), (6, 'Turn off the faucet'), (7, 'Shake off excess water from the lettuce'), (8, 'Find a plate'), (9, 'Pick up the plate'), (10, 'Place the washed lettuce on the plate'), (11, 'Find the fridge'), (12, 'Open the fridge'), (13, 'Put the plate with lettuce into the fridge'), (14, 'Close the fridge')]
2025-08-04 17:00:07,735 [INFO] [REPLAN] Old subtasks: ['Find the lettuce', 'Pick up the lettuce', 'Go to the sink', 'Turn on the faucet', 'Wash the lettuce under running water', 'Turn off the faucet', 'Shake off excess water from the lettuce', 'Find a container or bag to store the lettuce', 'Pick up the container or bag', 'Place the washed lettuce into the container or bag', 'Seal the container or bag if necessary', 'Find the fridge', 'Open the fridge', 'Put the container or bag of lettuce into the fridge', 'Close the fridge']
2025-08-04 17:00:07,735 [INFO] [REPLAN] New subtasks: ['Find the lettuce', 'Pick up the lettuce', 'Go to the sink', 'Turn on the faucet', 'Wash the lettuce under running water', 'Turn off the faucet', 'Shake off excess water from the lettuce', 'Find a plate', 'Pick up the plate', 'Place the washed lettuce on the plate', 'Find the fridge', 'Open the fridge', 'Put the plate with lettuce into the fridge', 'Close the fridge']
2025-08-04 17:00:55,301 [INFO] [HIGH-LEVEL] Decomposing clean lettuce
2025-08-04 17:01:14,744 [INFO] [DECOMPOSE] clean lettuce -> 14 atomic actions
2025-08-04 17:01:14,747 [INFO]   1. search lettuce
2025-08-04 17:01:14,747 [INFO]   2. pick_up lettuce
2025-08-04 17:01:14,747 [INFO]   3. navigate sink
2025-08-04 17:01:14,747 [INFO]   4. toggle_on faucet
2025-08-04 17:01:14,747 [INFO]   5. clean lettuce
2025-08-04 17:01:14,747 [INFO]   6. toggle_off faucet
2025-08-04 17:01:14,747 [INFO]   7. clean lettuce
2025-08-04 17:01:14,747 [INFO]   8. search plate
2025-08-04 17:01:14,747 [INFO]   9. pick_up plate
2025-08-04 17:01:14,747 [INFO]   10. put lettuce plate
2025-08-04 17:01:14,748 [INFO]   11. navigate fridge
2025-08-04 17:01:14,748 [INFO]   12. open fridge
2025-08-04 17:01:14,748 [INFO]   13. put plate fridge
2025-08-04 17:01:14,748 [INFO]   14. close fridge
2025-08-04 17:01:14,748 [WARNING] [UNKNOWN] Action shake_off not in supported actions list
2025-08-04 17:01:14,748 [INFO] [DECISIONS] Generated 14 unique actions from 14 total actions
2025-08-04 17:01:14,748 [INFO] [SUBTASKS WITH DECISION] [{'action': 'search', 'objectType': 'lettuce', 'targetObject': None, 'decisionmaking': 'search lettuce'}, {'action': 'pick_up', 'objectType': 'lettuce', 'targetObject': None, 'decisionmaking': 'pick_up lettuce'}, {'action': 'navigate', 'objectType': 'sink', 'targetObject': None, 'decisionmaking': 'navigate sink'}, {'action': 'toggle_on', 'objectType': 'faucet', 'targetObject': None, 'decisionmaking': 'toggle_on faucet'}, {'action': 'clean', 'objectType': 'lettuce', 'targetObject': None, 'decisionmaking': 'clean lettuce'}, {'action': 'toggle_off', 'objectType': 'faucet', 'targetObject': None, 'decisionmaking': 'toggle_off faucet'}, {'action': 'search', 'objectType': 'plate', 'targetObject': None, 'decisionmaking': 'search plate'}, {'action': 'pick_up', 'objectType': 'plate', 'targetObject': None, 'decisionmaking': 'pick_up plate'}, {'action': 'put', 'objectType': 'lettuce', 'targetObject': 'plate', 'decisionmaking': 'put lettuce plate'}, {'action': 'navigate', 'objectType': 'fridge', 'targetObject': None, 'decisionmaking': 'navigate fridge'}, {'action': 'open', 'objectType': 'fridge', 'targetObject': None, 'decisionmaking': 'open fridge'}, {'action': 'put', 'objectType': 'plate', 'targetObject': 'fridge', 'decisionmaking': 'put plate fridge'}, {'action': 'close', 'objectType': 'fridge', 'targetObject': None, 'decisionmaking': 'close fridge'}, {'action': 'search', 'objectType': 'fridge', 'targetObject': None, 'decisionmaking': 'search fridge'}]
2025-08-04 17:01:17,655 [INFO] [EXECUTE] search lettuce
2025-08-04 17:01:18,353 [INFO] [SEARCH] Found visible lettuce in current view
2025-08-04 17:01:21,619 [INFO] [EXECUTE] pick_up lettuce
2025-08-04 17:01:22,048 [INFO] [DEBUG] Looking for lettuce to pick_up
2025-08-04 17:01:22,048 [INFO] [DEBUG] Visible objects: ['Apple(Apple|-01.75|+01.37|-01.16)', 'Bread(Bread|-01.51|+01.38|+00.66)', 'Cabinet(Cabinet|-01.46|+00.78|-02.00)', 'Cabinet(Cabinet|-01.46|+00.78|+00.47)', 'CounterTop(CounterTop|-01.81|+01.36|+01.18)', 'Drawer(Drawer|-01.61|+00.68|-01.22)', 'Drawer(Drawer|-01.61|+00.68|-00.43)', 'Egg(Egg|-01.57|+01.36|-01.05)', 'Faucet(Faucet|-02.13|+01.32|-00.81)', 'HousePlant(HousePlant|-02.03|+01.31|-00.03)', 'Kettle(Kettle|-01.69|+01.31|-03.16)', 'Lettuce(Lettuce|-01.89|+01.40|-01.07)', 'PaperTowelRoll(PaperTowelRoll|-02.04|+01.42|-01.90)', 'Plate(Plate|-01.47|+01.31|+00.24)', 'Pot(Pot|-01.58|+01.31|-01.58)', 'Potato(Potato|-01.61|+01.36|-01.24)', 'Sink(Sink|-01.99|+01.14|-00.98)', 'SinkBasin(Sink|-01.99|+01.14|-00.98|SinkBasin)', 'SoapBottle(SoapBottle|-01.79|+01.31|-00.10)', 'Spatula(Spatula|-01.23|+01.32|-02.93)', 'StoveBurner(StoveBurner|-00.75|+01.33|-02.97)', 'StoveKnob(StoveKnob|-00.71|+01.34|-02.74)', 'StoveKnob(StoveKnob|-00.57|+01.34|-02.74)', 'Toaster(Toaster|-01.89|+01.31|-02.51)', 'Window(Window|-02.57|+01.80|-00.82)']
2025-08-04 17:01:22,048 [INFO] [DEBUG] Selected first matching lettuce (ID: Lettuce|-01.89|+01.40|-01.07)
2025-08-04 17:01:22,048 [INFO] [DEBUG] Final selected object: Lettuce (ID: Lettuce|-01.89|+01.40|-01.07)
2025-08-04 17:01:22,048 [INFO] [EXECUTE] Executing pick_up on lettuce (ID: Lettuce|-01.89|+01.40|-01.07)
2025-08-04 17:01:22,757 [INFO] [SUCCESS] pick_up on lettuce completed successfully
2025-08-04 17:01:22,757 [INFO] [DEBUG] Recorded recent interaction: lettuce -> Lettuce|-01.89|+01.40|-01.07
2025-08-04 17:01:25,821 [INFO] [EXECUTE] navigate sink
2025-08-04 17:01:30,789 [INFO] [EXECUTE] toggle_on faucet
2025-08-04 17:01:30,890 [INFO] [DEBUG] Looking for faucet to toggle_on
2025-08-04 17:01:30,890 [INFO] [DEBUG] Visible objects: ['Apple(Apple|-01.75|+01.37|-01.16)', 'Bread(Bread|-01.51|+01.38|+00.66)', 'Cabinet(Cabinet|-01.46|+00.78|-02.00)', 'Cabinet(Cabinet|-01.46|+00.78|+00.47)', 'Cabinet(Cabinet|-01.46|+00.78|+01.31)', 'CounterTop(CounterTop|-01.81|+01.36|+01.18)', 'DishSponge(DishSponge|-02.05|+01.33|-00.96)', 'Drawer(Drawer|-01.61|+00.68|-01.22)', 'Drawer(Drawer|-01.61|+00.68|-00.43)', 'Egg(Egg|-01.57|+01.36|-01.05)', 'Faucet(Faucet|-02.13|+01.32|-00.81)', 'Floor(Floor|+00.00|+00.22|-00.82)', 'HousePlant(HousePlant|-02.03|+01.31|-00.03)', 'Lettuce(Lettuce|-01.89|+01.40|-01.07)', 'Mug(Mug|-01.97|+01.04|-00.43)', 'PaperTowelRoll(PaperTowelRoll|-02.04|+01.42|-01.90)', 'Plate(Plate|-01.47|+01.31|+00.24)', 'Pot(Pot|-01.58|+01.31|-01.58)', 'Potato(Potato|-01.61|+01.36|-01.24)', 'Sink(Sink|-01.99|+01.14|-00.98)', 'SinkBasin(Sink|-01.99|+01.14|-00.98|SinkBasin)', 'SoapBottle(SoapBottle|-01.79|+01.31|-00.10)', 'Toaster(Toaster|-01.89|+01.31|-02.51)', 'Window(Window|-02.57|+01.80|-00.82)']
2025-08-04 17:01:30,890 [INFO] [DEBUG] Selected first matching faucet (ID: Faucet|-02.13|+01.32|-00.81)
2025-08-04 17:01:30,890 [INFO] [DEBUG] Final selected object: Faucet (ID: Faucet|-02.13|+01.32|-00.81)
2025-08-04 17:01:30,890 [INFO] [EXECUTE] Executing toggle_on on faucet (ID: Faucet|-02.13|+01.32|-00.81)
2025-08-04 17:01:31,164 [INFO] [SUCCESS] toggle_on on faucet completed successfully
2025-08-04 17:01:31,164 [INFO] [DEBUG] Recorded recent interaction: faucet -> Faucet|-02.13|+01.32|-00.81
2025-08-04 17:01:33,697 [INFO] [EXECUTE] clean lettuce
2025-08-04 17:01:33,807 [INFO] [DEBUG] Looking for lettuce to clean
2025-08-04 17:01:33,807 [INFO] [DEBUG] Visible objects: ['Apple(Apple|-01.75|+01.37|-01.16)', 'Bread(Bread|-01.51|+01.38|+00.66)', 'Cabinet(Cabinet|-01.46|+00.78|-02.00)', 'Cabinet(Cabinet|-01.46|+00.78|+00.47)', 'Cabinet(Cabinet|-01.46|+00.78|+01.31)', 'CounterTop(CounterTop|-01.81|+01.36|+01.18)', 'DishSponge(DishSponge|-02.05|+01.33|-00.96)', 'Drawer(Drawer|-01.61|+00.68|-01.22)', 'Drawer(Drawer|-01.61|+00.68|-00.43)', 'Egg(Egg|-01.57|+01.36|-01.05)', 'Faucet(Faucet|-02.13|+01.32|-00.81)', 'Floor(Floor|+00.00|+00.22|-00.82)', 'HousePlant(HousePlant|-02.03|+01.31|-00.03)', 'Lettuce(Lettuce|-01.89|+01.40|-01.07)', 'Mug(Mug|-01.97|+01.04|-00.43)', 'PaperTowelRoll(PaperTowelRoll|-02.04|+01.42|-01.90)', 'Plate(Plate|-01.47|+01.31|+00.24)', 'Pot(Pot|-01.58|+01.31|-01.58)', 'Potato(Potato|-01.61|+01.36|-01.24)', 'Sink(Sink|-01.99|+01.14|-00.98)', 'SinkBasin(Sink|-01.99|+01.14|-00.98|SinkBasin)', 'SoapBottle(SoapBottle|-01.79|+01.31|-00.10)', 'Toaster(Toaster|-01.89|+01.31|-02.51)', 'Window(Window|-02.57|+01.80|-00.82)']
2025-08-04 17:01:33,807 [INFO] [DEBUG] Found recently interacted lettuce (ID: Lettuce|-01.89|+01.40|-01.07)
2025-08-04 17:01:33,807 [INFO] [DEBUG] Using recently interacted lettuce for clean
2025-08-04 17:01:33,807 [INFO] [DEBUG] Final selected object: Lettuce (ID: Lettuce|-01.89|+01.40|-01.07)
2025-08-04 17:01:33,807 [INFO] [EXECUTE] Executing clean on lettuce (ID: Lettuce|-01.89|+01.40|-01.07)
2025-08-04 17:01:34,028 [INFO] [SUCCESS] clean on lettuce completed successfully
2025-08-04 17:01:34,028 [INFO] [DEBUG] Recorded recent interaction: lettuce -> Lettuce|-01.89|+01.40|-01.07
2025-08-04 17:01:37,442 [INFO] [EXECUTE] toggle_off faucet
2025-08-04 17:01:37,562 [INFO] [DEBUG] Looking for faucet to toggle_off
2025-08-04 17:01:37,562 [INFO] [DEBUG] Visible objects: ['Apple(Apple|-01.75|+01.37|-01.16)', 'Bread(Bread|-01.51|+01.38|+00.66)', 'Cabinet(Cabinet|-01.46|+00.78|-02.00)', 'Cabinet(Cabinet|-01.46|+00.78|+00.47)', 'Cabinet(Cabinet|-01.46|+00.78|+01.31)', 'CounterTop(CounterTop|-01.81|+01.36|+01.18)', 'DishSponge(DishSponge|-02.05|+01.33|-00.96)', 'Drawer(Drawer|-01.61|+00.68|-01.22)', 'Drawer(Drawer|-01.61|+00.68|-00.43)', 'Egg(Egg|-01.57|+01.36|-01.05)', 'Faucet(Faucet|-02.13|+01.32|-00.81)', 'Floor(Floor|+00.00|+00.22|-00.82)', 'HousePlant(HousePlant|-02.03|+01.31|-00.03)', 'Lettuce(Lettuce|-01.89|+01.40|-01.07)', 'Mug(Mug|-01.97|+01.04|-00.43)', 'PaperTowelRoll(PaperTowelRoll|-02.04|+01.42|-01.90)', 'Plate(Plate|-01.47|+01.31|+00.24)', 'Pot(Pot|-01.58|+01.31|-01.58)', 'Potato(Potato|-01.61|+01.36|-01.24)', 'Sink(Sink|-01.99|+01.14|-00.98)', 'SinkBasin(Sink|-01.99|+01.14|-00.98|SinkBasin)', 'SoapBottle(SoapBottle|-01.79|+01.31|-00.10)', 'Toaster(Toaster|-01.89|+01.31|-02.51)', 'Window(Window|-02.57|+01.80|-00.82)']
2025-08-04 17:01:37,562 [INFO] [DEBUG] Found recently interacted faucet (ID: Faucet|-02.13|+01.32|-00.81)
2025-08-04 17:01:37,562 [INFO] [DEBUG] Using recently interacted faucet for toggle_off
2025-08-04 17:01:37,562 [INFO] [DEBUG] Final selected object: Faucet (ID: Faucet|-02.13|+01.32|-00.81)
2025-08-04 17:01:37,562 [INFO] [EXECUTE] Executing toggle_off on faucet (ID: Faucet|-02.13|+01.32|-00.81)
2025-08-04 17:01:37,810 [INFO] [SUCCESS] toggle_off on faucet completed successfully
2025-08-04 17:01:37,810 [INFO] [DEBUG] Recorded recent interaction: faucet -> Faucet|-02.13|+01.32|-00.81
2025-08-04 17:01:40,484 [INFO] [EXECUTE] search plate
2025-08-04 17:01:40,594 [INFO] [SEARCH] Found visible plate in current view
2025-08-04 17:01:44,458 [INFO] [EXECUTE] pick_up plate
2025-08-04 17:01:44,580 [INFO] [DEBUG] Looking for plate to pick_up
2025-08-04 17:01:44,580 [INFO] [DEBUG] Visible objects: ['Apple(Apple|-01.75|+01.37|-01.16)', 'Bread(Bread|-01.51|+01.38|+00.66)', 'Cabinet(Cabinet|-01.46|+00.78|-02.00)', 'Cabinet(Cabinet|-01.46|+00.78|+00.47)', 'Cabinet(Cabinet|-01.46|+00.78|+01.31)', 'CounterTop(CounterTop|-01.81|+01.36|+01.18)', 'DishSponge(DishSponge|-02.05|+01.33|-00.96)', 'Drawer(Drawer|-01.61|+00.68|-01.22)', 'Drawer(Drawer|-01.61|+00.68|-00.43)', 'Egg(Egg|-01.57|+01.36|-01.05)', 'Faucet(Faucet|-02.13|+01.32|-00.81)', 'Floor(Floor|+00.00|+00.22|-00.82)', 'HousePlant(HousePlant|-02.03|+01.31|-00.03)', 'Lettuce(Lettuce|-01.89|+01.40|-01.07)', 'Mug(Mug|-01.97|+01.04|-00.43)', 'PaperTowelRoll(PaperTowelRoll|-02.04|+01.42|-01.90)', 'Plate(Plate|-01.47|+01.31|+00.24)', 'Pot(Pot|-01.58|+01.31|-01.58)', 'Potato(Potato|-01.61|+01.36|-01.24)', 'Sink(Sink|-01.99|+01.14|-00.98)', 'SinkBasin(Sink|-01.99|+01.14|-00.98|SinkBasin)', 'SoapBottle(SoapBottle|-01.79|+01.31|-00.10)', 'Toaster(Toaster|-01.89|+01.31|-02.51)', 'Window(Window|-02.57|+01.80|-00.82)']
2025-08-04 17:01:44,580 [INFO] [DEBUG] Selected first matching plate (ID: Plate|-01.47|+01.31|+00.24)
2025-08-04 17:01:44,580 [INFO] [DEBUG] Final selected object: Plate (ID: Plate|-01.47|+01.31|+00.24)
2025-08-04 17:01:44,580 [INFO] [EXECUTE] Executing pick_up on plate (ID: Plate|-01.47|+01.31|+00.24)
2025-08-04 17:01:44,813 [INFO] [SUCCESS] pick_up on plate completed successfully
2025-08-04 17:01:44,814 [INFO] [DEBUG] Recorded recent interaction: plate -> Plate|-01.47|+01.31|+00.24
2025-08-04 17:01:48,348 [INFO] [EXECUTE] put lettuce plate
2025-08-04 17:01:54,476 [INFO] [EXECUTE] Putting Lettuce on/in Plate
2025-08-04 17:01:54,824 [INFO] [SUCCESS] Put action completed successfully
2025-08-04 17:01:57,838 [INFO] [EXECUTE] navigate fridge
2025-08-04 17:02:02,276 [INFO] [EXECUTE] open fridge
2025-08-04 17:02:02,388 [INFO] [DEBUG] Looking for fridge to open
2025-08-04 17:02:02,388 [INFO] [DEBUG] Visible objects: ['Drawer(Drawer|+00.65|+00.85|+00.68)', 'Drawer(Drawer|+00.65|+01.07|+01.02)', 'Drawer(Drawer|+00.65|+01.07|+00.68)', 'Drawer(Drawer|+00.65|+00.60|+01.02)', 'Drawer(Drawer|+00.65|+00.60|+00.68)', 'Drawer(Drawer|+00.65|+00.85|+01.02)', 'Floor(Floor|+00.00|+00.22|-00.82)', 'Fridge(Fridge|+01.01|+00.23|+01.92)', 'SideTable(SideTable|+00.98|+00.22|+00.87)']
2025-08-04 17:02:02,388 [INFO] [DEBUG] Selected closed fridge for opening (ID: Fridge|+01.01|+00.23|+01.92)
2025-08-04 17:02:02,388 [INFO] [DEBUG] Final selected object: Fridge (ID: Fridge|+01.01|+00.23|+01.92)
2025-08-04 17:02:02,388 [INFO] [EXECUTE] Executing open on fridge (ID: Fridge|+01.01|+00.23|+01.92)
2025-08-04 17:02:02,526 [INFO] [SUCCESS] open on fridge completed successfully
2025-08-04 17:02:02,526 [INFO] [DEBUG] Recorded recent interaction: fridge -> Fridge|+01.01|+00.23|+01.92
2025-08-04 17:02:06,894 [INFO] [EXECUTE] put plate fridge
2025-08-04 17:02:07,002 [ERROR] [ERROR] Cannot put object - no object is currently held.
2025-08-04 17:02:07,002 [INFO] [VERIFICATION] Starting task verification...
2025-08-04 17:02:07,262 [INFO] [VERIFY] Saved verification image: /Users/yuanda/Documents/embodied_reasoner/task_planner/data/data_pickup_and_put/FloorPlan3_pickup_and_put_0/verification/final_verification.png
2025-08-04 17:02:20,209 [INFO] [VERIFY] Task verification result: SUCCESS=False, CONFIDENCE=high
2025-08-04 17:02:20,210 [INFO] [VERIFY] Reason: The task has not been completed successfully because there is no plate with lettuce visible in the refrigerator. The fridge appears empty except for a pair of red shoes on one of the shelves, which is unrelated to the task.
2025-08-04 17:02:20,210 [WARNING] [VERIFICATION] ✗ Task may not be completed. (Confidence: high)
2025-08-04 17:02:20,210 [WARNING] [VERIFICATION] Reason: The task has not been completed successfully because there is no plate with lettuce visible in the refrigerator. The fridge appears empty except for a pair of red shoes on one of the shelves, which is unrelated to the task.
2025-08-04 17:02:20,210 [ERROR] [ERROR HANDLING] Exception in error handler: 'str' object is not a mapping
2025-08-04 17:02:20,211 [INFO] [VERIFICATION] Verification result saved to: /Users/yuanda/Documents/embodied_reasoner/task_planner/data/data_pickup_and_put/FloorPlan3_pickup_and_put_0/verification_result.json
2025-08-04 17:02:20,211 [INFO] [ATTEMPT 2/3] Starting task attempt
2025-08-04 17:02:20,457 [WARNING] [RESET] Failed to reset robot position on attempt 2
2025-08-04 17:02:20,531 [INFO] [SESSION] Initialized SessionManager with ID: session_20250804_170220
2025-08-04 17:02:27,366 [INFO] [OBSERVATION] <Observation>
In the room, I see a refrigerator with its door open. The refrigerator contains several drawers and shelves. On one of the upper shelves, there are two red objects that resemble tomatoes. The interior of the refrigerator is mostly empty, with a few visible compartments. The refrigerator is situated near a window, which is partially visible on the left side of the image. The floor is wooden, and the overall lighting is dim.
</Observation>
2025-08-04 17:02:34,021 [INFO] [INITIAL TASK PLANNING] ['Find the lettuce', 'Take the lettuce to the sink', 'Turn on the faucet', 'Wash the lettuce thoroughly under running water', 'Turn off the faucet', 'Shake off excess water from the lettuce', 'Wrap the lettuce in a clean cloth or paper towel (if necessary)', 'Find the fridge', 'Open the fridge door', 'Locate an empty compartment or drawer in the fridge', 'Place the cleaned lettuce in the compartment or drawer', 'Close the fridge door']
2025-08-04 17:02:35,317 [INFO] [GENERAL QUESTION] ** Is there a specific part of the lettuce that needs to be removed (e.g., outer leaves or roots) before washing, or should the entire lettuce be cleaned as is?
2025-08-04 17:21:01,796 [INFO] [SESSION] Added QA record: decision_clarification question
2025-08-04 17:21:01,798 [INFO] [USER RESPONSE] python -u "/Users/yuanda/Documents/embodied_reasoner/data_engine/vlmCall_ollama_json.py"
2025-08-04 18:18:34,609 [INFO] [SCENE_MANAGER] Randomization config loaded: enabled=True, ratio=0.4
2025-08-04 18:18:34,609 [INFO] metadata_path: /Users/yuanda/Documents/embodied_reasoner/data_engine/taskgenerate/kitchens/FloorPlan3/metadata.json
2025-08-04 18:18:34,611 [INFO] Task configuration - USE_TEST_TASKS: False, TEST_TASK_ID: test_001, RUN_ALL_TEST_TASKS: False
2025-08-04 18:18:34,611 [INFO] Using manually specified task
2025-08-04 18:18:34,611 [INFO] 

*********************************************************************
2025-08-04 18:18:34,612 [INFO] Running Task ID: manual_task
2025-08-04 18:18:34,612 [INFO] Scene:FloorPlan3 Task_Type: pickup_and_put Task: clean the lettuce and put it in the fridge
2025-08-04 18:18:34,612 [INFO] *********************************************************************

2025-08-04 18:18:34,612 [INFO] taskname: clean the lettuce and put it in the fridge
2025-08-04 18:18:42,288 [INFO] Initialize return: {'cameraNearPlane': 0.009999999776482582, 'cameraFarPlane': 20.0}
2025-08-04 18:18:42,410 [INFO] [SCENE_RANDOMIZATION] Randomization enabled: True
2025-08-04 18:18:42,411 [INFO] [SCENE_RANDOMIZATION] Starting scene randomization for scene: FloorPlan3
2025-08-04 18:18:42,411 [INFO] [RANDOMIZATION] Starting object position shuffling for FloorPlan3
2025-08-04 18:18:42,411 [INFO] [RANDOMIZATION] Total objects in scene: 59
2025-08-04 18:18:42,411 [INFO] [RANDOMIZATION] Filter results: {'not_moveable_type': 45, 'not_pickupable': 0, 'already_picked': 0, 'not_visible_or_interactable': 6, 'passed_filter': 8}
2025-08-04 18:18:42,411 [INFO] [RANDOMIZATION] Found 8 moveable objects out of 59 total objects
2025-08-04 18:18:42,411 [INFO] [RANDOMIZATION] Moveable object types found: {'Apple', 'Bread', 'Egg', 'Plate', 'Bowl', 'Potato', 'Lettuce', 'SoapBottle'}
2025-08-04 18:18:42,411 [INFO] [RANDOMIZATION] Starting to shuffle 8 objects
2025-08-04 18:18:42,939 [WARNING] [RANDOMIZATION] Not enough objects could be picked up for shuffling
2025-08-04 18:18:42,939 [WARNING] [RANDOMIZATION] Failed to shuffle object positions
2025-08-04 18:18:42,939 [INFO] [SCENE_RANDOMIZATION] Randomization result: False
2025-08-04 18:18:42,941 [INFO] Initialization succeeded
2025-08-04 18:18:42,942 [INFO] [ATTEMPT 1/3] Starting task attempt
2025-08-04 18:18:43,001 [WARNING] [RESET] Failed to reset robot position on attempt 1
2025-08-04 18:18:43,059 [INFO] [RESET] Dropping held object: Apple|-01.75|+01.37|-01.16
2025-08-04 18:18:43,805 [INFO] [SESSION] Initialized SessionManager with ID: session_20250804_181843
2025-08-04 18:19:07,250 [INFO] [SCENE_MANAGER] Randomization config loaded: enabled=True, ratio=0.4
2025-08-04 18:19:07,250 [INFO] metadata_path: /Users/yuanda/Documents/embodied_reasoner/data_engine/taskgenerate/kitchens/FloorPlan3/metadata.json
2025-08-04 18:19:07,252 [INFO] Task configuration - USE_TEST_TASKS: False, TEST_TASK_ID: test_001, RUN_ALL_TEST_TASKS: False
2025-08-04 18:19:07,252 [INFO] Using manually specified task
2025-08-04 18:19:07,252 [INFO] 

*********************************************************************
2025-08-04 18:19:07,252 [INFO] Running Task ID: manual_task
2025-08-04 18:19:07,252 [INFO] Scene:FloorPlan3 Task_Type: pickup_and_put Task: clean the lettuce and put it in the fridge
2025-08-04 18:19:07,252 [INFO] *********************************************************************

2025-08-04 18:19:07,252 [INFO] taskname: clean the lettuce and put it in the fridge
2025-08-04 18:19:13,711 [INFO] Initialize return: {'cameraNearPlane': 0.009999999776482582, 'cameraFarPlane': 20.0}
2025-08-04 18:19:13,820 [INFO] [SCENE_RANDOMIZATION] Randomization enabled: True
2025-08-04 18:19:13,820 [INFO] [SCENE_RANDOMIZATION] Starting scene randomization for scene: FloorPlan3
2025-08-04 18:19:13,820 [INFO] [RANDOMIZATION] Starting object position shuffling for FloorPlan3
2025-08-04 18:19:13,820 [INFO] [RANDOMIZATION] Total objects in scene: 59
2025-08-04 18:19:13,820 [INFO] [RANDOMIZATION] Filter results: {'not_moveable_type': 45, 'not_pickupable': 0, 'already_picked': 0, 'not_visible_or_interactable': 6, 'passed_filter': 8}
2025-08-04 18:19:13,820 [INFO] [RANDOMIZATION] Found 8 moveable objects out of 59 total objects
2025-08-04 18:19:13,820 [INFO] [RANDOMIZATION] Moveable object types found: {'Bowl', 'SoapBottle', 'Potato', 'Egg', 'Apple', 'Lettuce', 'Plate', 'Bread'}
2025-08-04 18:19:13,821 [INFO] [RANDOMIZATION] Starting to shuffle 8 objects
2025-08-04 18:19:14,315 [WARNING] [RANDOMIZATION] Not enough objects could be picked up for shuffling
2025-08-04 18:19:14,315 [WARNING] [RANDOMIZATION] Failed to shuffle object positions
2025-08-04 18:19:14,315 [INFO] [SCENE_RANDOMIZATION] Randomization result: False
2025-08-04 18:19:14,316 [INFO] Initialization succeeded
2025-08-04 18:19:14,316 [INFO] [ATTEMPT 1/3] Starting task attempt
2025-08-04 18:19:14,375 [WARNING] [RESET] Failed to reset robot position on attempt 1
2025-08-04 18:19:14,432 [INFO] [RESET] Dropping held object: Apple|-01.75|+01.37|-01.16
2025-08-04 18:19:15,169 [INFO] [SESSION] Initialized SessionManager with ID: session_20250804_181915
2025-08-04 18:19:25,495 [INFO] [OBSERVATION] <Observation>
I see a wooden countertop in front of me. On the left, there is a stove with a visible burner and control knobs. To the right of the stove, there is a toaster, a kettle, and a pot. Further right, I notice a sink with a faucet, accompanied by a houseplant and a bottle. On the countertop, there are various objects including a knife, a cup, and some fruits like apples. Above the countertop, there are shelves holding wine bottles, glasses, and other items. In the background, there is a window letting in natural light. Below the countertop, there are cabinets with drawers. The scene is well-lit with recessed ceiling lights.
</Observation>
2025-08-04 18:19:33,363 [INFO] [INITIAL TASK PLANNING] ['Find the lettuce', 'Carry the lettuce to the sink', 'Turn on the faucet', 'Rinse the lettuce thoroughly with water', 'Turn off the faucet', 'Shake off excess water from the lettuce', 'Place the lettuce on a clean surface to dry (optional)', 'Find a container or a bag to store the lettuce', 'Place the lettuce into the container or bag', 'Seal the container or bag, if applicable', 'Find the fridge', 'Open the fridge', 'Put the lettuce container or bag into the fridge', 'Close the fridge']
2025-08-04 18:19:34,455 [INFO] [GENERAL QUESTION] Is there a specific type of container or bag you prefer to use for storing the lettuce, or should I use whatever is most readily available?
2025-08-04 18:20:15,547 [INFO] [SCENE_MANAGER] Randomization config loaded: enabled=True, ratio=0.4
2025-08-04 18:20:15,547 [INFO] metadata_path: /Users/yuanda/Documents/embodied_reasoner/data_engine/taskgenerate/kitchens/FloorPlan3/metadata.json
2025-08-04 18:20:15,549 [INFO] Task configuration - USE_TEST_TASKS: False, TEST_TASK_ID: test_001, RUN_ALL_TEST_TASKS: False
2025-08-04 18:20:15,549 [INFO] Using manually specified task
2025-08-04 18:20:15,549 [INFO] 

*********************************************************************
2025-08-04 18:20:15,549 [INFO] Running Task ID: manual_task
2025-08-04 18:20:15,549 [INFO] Scene:FloorPlan3 Task_Type: pickup_and_put Task: clean the lettuce and put it in the fridge
2025-08-04 18:20:15,549 [INFO] *********************************************************************

2025-08-04 18:20:15,549 [INFO] taskname: clean the lettuce and put it in the fridge
2025-08-04 18:20:41,774 [INFO] Initialize return: {'cameraNearPlane': 0.009999999776482582, 'cameraFarPlane': 20.0}
2025-08-04 18:20:54,955 [INFO] [SCENE_RANDOMIZATION] Randomization enabled: True
2025-08-04 18:20:55,694 [WARNING] Initialization exceeded 40 seconds, retrying...
2025-08-04 18:20:57,011 [INFO] [SCENE_RANDOMIZATION] Starting scene randomization for scene: FloorPlan3
2025-08-04 18:20:58,612 [INFO] [RANDOMIZATION] Starting object position shuffling for FloorPlan3
2025-08-04 18:20:58,613 [INFO] [RANDOMIZATION] Total objects in scene: 59
2025-08-04 18:20:58,613 [INFO] [RANDOMIZATION] Filter results: {'not_moveable_type': 45, 'not_pickupable': 0, 'already_picked': 0, 'not_visible_or_interactable': 6, 'passed_filter': 8}
2025-08-04 18:20:58,613 [INFO] [RANDOMIZATION] Found 8 moveable objects out of 59 total objects
2025-08-04 18:20:58,613 [INFO] [RANDOMIZATION] Moveable object types found: {'Bread', 'SoapBottle', 'Egg', 'Apple', 'Plate', 'Potato', 'Lettuce', 'Bowl'}
2025-08-04 18:20:58,613 [INFO] [RANDOMIZATION] Starting to shuffle 8 objects
2025-08-04 18:20:59,703 [WARNING] [RANDOMIZATION] Not enough objects could be picked up for shuffling
2025-08-04 18:20:59,704 [WARNING] [RANDOMIZATION] Failed to shuffle object positions
2025-08-04 18:21:26,104 [INFO] [SCENE_RANDOMIZATION] Randomization result: False
2025-08-04 18:21:41,999 [INFO] [SCENE_MANAGER] Randomization config loaded: enabled=True, ratio=0.4
2025-08-04 18:21:42,000 [INFO] metadata_path: /Users/yuanda/Documents/embodied_reasoner/data_engine/taskgenerate/kitchens/FloorPlan3/metadata.json
2025-08-04 18:21:42,002 [INFO] Task configuration - USE_TEST_TASKS: False, TEST_TASK_ID: test_001, RUN_ALL_TEST_TASKS: False
2025-08-04 18:21:42,002 [INFO] Using manually specified task
2025-08-04 18:21:42,002 [INFO] 

*********************************************************************
2025-08-04 18:21:42,002 [INFO] Running Task ID: manual_task
2025-08-04 18:21:42,002 [INFO] Scene:FloorPlan3 Task_Type: pickup_and_put Task: clean the lettuce and put it in the fridge
2025-08-04 18:21:42,002 [INFO] *********************************************************************

2025-08-04 18:21:42,002 [INFO] taskname: clean the lettuce and put it in the fridge
2025-08-04 18:21:48,313 [INFO] Initialize return: {'cameraNearPlane': 0.009999999776482582, 'cameraFarPlane': 20.0}
2025-08-04 18:21:48,422 [INFO] [SCENE_RANDOMIZATION] Randomization enabled: True
2025-08-04 18:21:48,422 [INFO] [SCENE_RANDOMIZATION] Starting scene randomization for scene: FloorPlan3
2025-08-04 18:21:54,294 [INFO] [RANDOMIZATION] Starting object position shuffling for FloorPlan3
2025-08-04 18:21:59,663 [INFO] [RANDOMIZATION] Total objects in scene: 59
2025-08-04 18:22:05,156 [INFO] [RANDOMIZATION] Filter results: {'not_moveable_type': 45, 'not_pickupable': 0, 'already_picked': 0, 'not_visible_or_interactable': 6, 'passed_filter': 8}
2025-08-04 18:22:22,740 [WARNING] Initialization exceeded 40 seconds, retrying...
2025-08-04 18:22:22,939 [INFO] [RANDOMIZATION] Found 8 moveable objects out of 59 total objects
2025-08-04 18:22:58,783 [INFO] [SCENE_MANAGER] Randomization config loaded: enabled=True, ratio=0.4
2025-08-04 18:22:58,784 [INFO] metadata_path: /Users/yuanda/Documents/embodied_reasoner/data_engine/taskgenerate/kitchens/FloorPlan3/metadata.json
2025-08-04 18:22:58,786 [INFO] Task configuration - USE_TEST_TASKS: False, TEST_TASK_ID: test_001, RUN_ALL_TEST_TASKS: False
2025-08-04 18:22:58,786 [INFO] Using manually specified task
2025-08-04 18:22:58,786 [INFO] 

*********************************************************************
2025-08-04 18:22:58,786 [INFO] Running Task ID: manual_task
2025-08-04 18:22:58,786 [INFO] Scene:FloorPlan3 Task_Type: pickup_and_put Task: clean the lettuce and put it in the fridge
2025-08-04 18:22:58,786 [INFO] *********************************************************************

2025-08-04 18:22:58,786 [INFO] taskname: clean the lettuce and put it in the fridge
2025-08-04 18:23:06,064 [INFO] Initialize return: {'cameraNearPlane': 0.009999999776482582, 'cameraFarPlane': 20.0}
2025-08-04 18:23:06,182 [INFO] [SCENE_RANDOMIZATION] Randomization enabled: True
2025-08-04 18:23:06,182 [INFO] [SCENE_RANDOMIZATION] Starting scene randomization for scene: FloorPlan3
2025-08-04 18:24:58,891 [WARNING] Initialization exceeded 40 seconds, retrying...
2025-08-04 18:25:06,942 [INFO] [RANDOMIZATION] Starting object position shuffling for FloorPlan3
2025-08-04 18:25:06,942 [INFO] [RANDOMIZATION] Total objects in scene: 59
2025-08-04 18:25:15,190 [INFO] Initialize return: {'cameraNearPlane': 0.009999999776482582, 'cameraFarPlane': 20.0}
2025-08-04 18:25:15,881 [INFO] [SCENE_RANDOMIZATION] Randomization enabled: True
2025-08-04 18:25:15,882 [INFO] [SCENE_RANDOMIZATION] Starting scene randomization for scene: FloorPlan3
2025-08-04 18:25:25,356 [INFO] [RANDOMIZATION] Starting object position shuffling for FloorPlan3
2025-08-04 18:25:33,540 [INFO] [SCENE_MANAGER] Randomization config loaded: enabled=True, ratio=0.4
2025-08-04 18:25:33,541 [INFO] metadata_path: /Users/yuanda/Documents/embodied_reasoner/data_engine/taskgenerate/kitchens/FloorPlan3/metadata.json
2025-08-04 18:25:33,543 [INFO] Task configuration - USE_TEST_TASKS: False, TEST_TASK_ID: test_001, RUN_ALL_TEST_TASKS: False
2025-08-04 18:25:33,543 [INFO] Using manually specified task
2025-08-04 18:25:33,543 [INFO] 

*********************************************************************
2025-08-04 18:25:33,543 [INFO] Running Task ID: manual_task
2025-08-04 18:25:33,543 [INFO] Scene:FloorPlan3 Task_Type: pickup_and_put Task: clean the lettuce and put it in the fridge
2025-08-04 18:25:33,543 [INFO] *********************************************************************

2025-08-04 18:25:33,544 [INFO] taskname: clean the lettuce and put it in the fridge
2025-08-04 18:25:40,536 [INFO] Initialize return: {'cameraNearPlane': 0.009999999776482582, 'cameraFarPlane': 20.0}
2025-08-04 18:25:40,664 [INFO] [SCENE_RANDOMIZATION] Randomization enabled: True
2025-08-04 18:25:40,664 [INFO] [SCENE_RANDOMIZATION] Starting scene randomization for scene: FloorPlan3
2025-08-04 18:26:01,275 [INFO] [RANDOMIZATION] Starting object position shuffling for FloorPlan3
2025-08-04 18:26:08,220 [INFO] [RANDOMIZATION] Total objects in scene: 59
2025-08-04 18:26:15,831 [WARNING] Initialization exceeded 40 seconds, retrying...
2025-08-04 18:28:03,464 [INFO] [SCENE_MANAGER] Randomization config loaded: enabled=True, ratio=0.4
2025-08-04 18:28:03,465 [INFO] metadata_path: /Users/yuanda/Documents/embodied_reasoner/data_engine/taskgenerate/kitchens/FloorPlan3/metadata.json
2025-08-04 18:28:03,467 [INFO] Task configuration - USE_TEST_TASKS: False, TEST_TASK_ID: test_001, RUN_ALL_TEST_TASKS: False
2025-08-04 18:28:03,467 [INFO] Using manually specified task
2025-08-04 18:28:03,467 [INFO] 

*********************************************************************
2025-08-04 18:28:03,467 [INFO] Running Task ID: manual_task
2025-08-04 18:28:03,467 [INFO] Scene:FloorPlan3 Task_Type: pickup_and_put Task: clean the lettuce and put it in the fridge
2025-08-04 18:28:03,467 [INFO] *********************************************************************

2025-08-04 18:28:03,467 [INFO] taskname: clean the lettuce and put it in the fridge
2025-08-04 18:28:14,636 [INFO] Initialize return: {'cameraNearPlane': 0.009999999776482582, 'cameraFarPlane': 20.0}
2025-08-04 18:28:14,808 [INFO] [SCENE_RANDOMIZATION] Randomization enabled: True
2025-08-04 18:28:14,808 [INFO] [SCENE_RANDOMIZATION] Starting scene randomization for scene: FloorPlan3
2025-08-04 18:28:20,972 [INFO] [RANDOMIZATION] Starting object position shuffling for FloorPlan3
2025-08-04 18:28:24,030 [INFO] [RANDOMIZATION] Total objects in scene: 59
2025-08-04 18:32:08,292 [INFO] [ATTEMPT 1/3] Starting task attempt
2025-08-04 18:32:08,299 [ERROR] [ERROR] 'NoneType' object has no attribute 'step', try again.
2025-08-04 18:32:08,318 [INFO] [ATTEMPT 2/3] Starting task attempt
2025-08-04 18:32:08,319 [ERROR] [ERROR] 'NoneType' object has no attribute 'step', try again.
2025-08-04 18:32:08,319 [WARNING] [RETRY 2 TIMES, JUMP THE TASK]
2025-08-04 18:35:02,522 [INFO] [SCENE_MANAGER] Randomization config loaded: enabled=True, ratio=0.4
2025-08-04 18:35:02,523 [INFO] metadata_path: /Users/yuanda/Documents/embodied_reasoner/data_engine/taskgenerate/kitchens/FloorPlan3/metadata.json
2025-08-04 18:35:02,525 [INFO] Task configuration - USE_TEST_TASKS: False, TEST_TASK_ID: test_001, RUN_ALL_TEST_TASKS: False
2025-08-04 18:35:02,525 [INFO] Using manually specified task
2025-08-04 18:35:02,525 [INFO] 

*********************************************************************
2025-08-04 18:35:02,525 [INFO] Running Task ID: manual_task
2025-08-04 18:35:02,525 [INFO] Scene:FloorPlan3 Task_Type: pickup_and_put Task: clean the lettuce and put it in the fridge
2025-08-04 18:35:02,525 [INFO] *********************************************************************

2025-08-04 18:35:02,525 [INFO] taskname: clean the lettuce and put it in the fridge
2025-08-04 18:35:09,475 [INFO] Initialize return: {'cameraNearPlane': 0.009999999776482582, 'cameraFarPlane': 20.0}
2025-08-04 18:35:09,583 [INFO] [SCENE_RANDOMIZATION] Randomization enabled: True
2025-08-04 18:35:09,583 [INFO] [SCENE_RANDOMIZATION] Starting scene randomization for scene: FloorPlan3
2025-08-04 18:35:12,889 [INFO] [RANDOMIZATION] Starting object position shuffling for FloorPlan3
2025-08-04 18:35:12,891 [INFO] [RANDOMIZATION] Total objects in scene: 59
2025-08-04 18:35:51,790 [INFO] [ATTEMPT 1/3] Starting task attempt
2025-08-04 18:35:51,791 [ERROR] [ERROR] 'NoneType' object has no attribute 'step', try again.
2025-08-04 18:35:51,795 [INFO] [ATTEMPT 2/3] Starting task attempt
2025-08-04 18:35:51,796 [ERROR] [ERROR] 'NoneType' object has no attribute 'step', try again.
2025-08-04 18:35:51,796 [WARNING] [RETRY 2 TIMES, JUMP THE TASK]
2025-08-04 18:37:01,303 [INFO] [SCENE_MANAGER] Randomization config loaded: enabled=True, ratio=0.4
2025-08-04 18:37:01,304 [INFO] metadata_path: /Users/yuanda/Documents/embodied_reasoner/data_engine/taskgenerate/kitchens/FloorPlan3/metadata.json
2025-08-04 18:37:01,305 [INFO] Task configuration - USE_TEST_TASKS: False, TEST_TASK_ID: test_001, RUN_ALL_TEST_TASKS: False
2025-08-04 18:37:01,305 [INFO] Using manually specified task
2025-08-04 18:37:01,306 [INFO] 

*********************************************************************
2025-08-04 18:37:01,306 [INFO] Running Task ID: manual_task
2025-08-04 18:37:01,306 [INFO] Scene:FloorPlan3 Task_Type: pickup_and_put Task: clean the lettuce and put it in the fridge
2025-08-04 18:37:01,306 [INFO] *********************************************************************

2025-08-04 18:37:01,306 [INFO] taskname: clean the lettuce and put it in the fridge
2025-08-04 18:37:08,307 [INFO] Initialize return: {'cameraNearPlane': 0.009999999776482582, 'cameraFarPlane': 20.0}
2025-08-04 18:37:08,418 [INFO] [SCENE_RANDOMIZATION] Randomization enabled: True
2025-08-04 18:37:08,419 [INFO] [SCENE_RANDOMIZATION] Starting scene randomization for scene: FloorPlan3
2025-08-04 18:37:13,786 [INFO] [RANDOMIZATION] Starting object position shuffling for FloorPlan3
2025-08-04 18:37:17,551 [INFO] [RANDOMIZATION] Total objects in scene: 59
2025-08-04 18:39:32,023 [INFO] [ATTEMPT 1/3] Starting task attempt
2025-08-04 18:39:32,027 [ERROR] [ERROR] 'NoneType' object has no attribute 'step', try again.
2025-08-04 18:39:32,033 [INFO] [ATTEMPT 2/3] Starting task attempt
2025-08-04 18:39:32,034 [ERROR] [ERROR] 'NoneType' object has no attribute 'step', try again.
2025-08-04 18:39:32,034 [WARNING] [RETRY 2 TIMES, JUMP THE TASK]
2025-08-04 18:40:11,039 [INFO] [SCENE_MANAGER] Randomization config loaded: enabled=True, ratio=0.4
2025-08-04 18:40:11,040 [INFO] metadata_path: /Users/yuanda/Documents/embodied_reasoner/data_engine/taskgenerate/kitchens/FloorPlan3/metadata.json
2025-08-04 18:40:11,042 [INFO] Task configuration - USE_TEST_TASKS: False, TEST_TASK_ID: test_001, RUN_ALL_TEST_TASKS: False
2025-08-04 18:40:11,042 [INFO] Using manually specified task
2025-08-04 18:40:11,042 [INFO] 

*********************************************************************
2025-08-04 18:40:11,042 [INFO] Running Task ID: manual_task
2025-08-04 18:40:11,042 [INFO] Scene:FloorPlan3 Task_Type: pickup_and_put Task: clean the lettuce and put it in the fridge
2025-08-04 18:40:11,042 [INFO] *********************************************************************

2025-08-04 18:40:11,042 [INFO] taskname: clean the lettuce and put it in the fridge
2025-08-04 18:40:18,153 [INFO] Initialize return: {'cameraNearPlane': 0.009999999776482582, 'cameraFarPlane': 20.0}
2025-08-04 18:40:18,287 [INFO] [SCENE_RANDOMIZATION] Randomization enabled: True
2025-08-04 18:40:18,288 [INFO] [SCENE_RANDOMIZATION] Starting scene randomization for scene: FloorPlan3
2025-08-04 18:40:22,192 [INFO] [RANDOMIZATION] Starting object position shuffling for FloorPlan3
2025-08-04 18:40:22,194 [INFO] [RANDOMIZATION] Total objects in scene: 59
2025-08-04 18:40:23,947 [INFO] [RANDOMIZATION] Filter results: {'not_moveable': 52, 'not_pickupable': 7, 'already_picked': 0, 'not_visible_or_interactable': 0, 'passed_filter': 0}
2025-08-04 18:40:23,948 [INFO] [RANDOMIZATION] Found 0 moveable objects out of 59 total objects
2025-08-04 18:40:23,948 [INFO] [RANDOMIZATION] Need at least 2 moveable objects for shuffling
2025-08-04 18:40:23,949 [INFO] [SCENE_RANDOMIZATION] Randomization result: True
2025-08-04 18:40:23,999 [INFO] [ATTEMPT 1/3] Starting task attempt
2025-08-04 18:40:24,204 [WARNING] [RESET] Failed to reset robot position on attempt 1
2025-08-04 18:40:24,407 [INFO] [SESSION] Initialized SessionManager with ID: session_20250804_184024
2025-08-04 18:40:45,043 [INFO] [SCENE_MANAGER] Randomization config loaded: enabled=True, ratio=0.4
2025-08-04 18:40:45,043 [INFO] metadata_path: /Users/yuanda/Documents/embodied_reasoner/data_engine/taskgenerate/kitchens/FloorPlan3/metadata.json
2025-08-04 18:40:45,045 [INFO] Task configuration - USE_TEST_TASKS: False, TEST_TASK_ID: test_001, RUN_ALL_TEST_TASKS: False
2025-08-04 18:40:45,045 [INFO] Using manually specified task
2025-08-04 18:40:45,045 [INFO] 

*********************************************************************
2025-08-04 18:40:45,045 [INFO] Running Task ID: manual_task
2025-08-04 18:40:45,045 [INFO] Scene:FloorPlan3 Task_Type: pickup_and_put Task: clean the lettuce and put it in the fridge
2025-08-04 18:40:45,045 [INFO] *********************************************************************

2025-08-04 18:40:45,046 [INFO] taskname: clean the lettuce and put it in the fridge
2025-08-04 18:40:51,663 [INFO] Initialize return: {'cameraNearPlane': 0.009999999776482582, 'cameraFarPlane': 20.0}
2025-08-04 18:40:51,783 [INFO] [SCENE_RANDOMIZATION] Randomization enabled: True
2025-08-04 18:40:51,783 [INFO] [SCENE_RANDOMIZATION] Starting scene randomization for scene: FloorPlan3
2025-08-04 18:40:59,582 [INFO] [RANDOMIZATION] Starting object position shuffling for FloorPlan3
2025-08-04 18:40:59,585 [INFO] [RANDOMIZATION] Total objects in scene: 59
2025-08-04 18:41:25,521 [INFO] [ATTEMPT 1/3] Starting task attempt
2025-08-04 18:41:25,533 [ERROR] [ERROR] 'NoneType' object has no attribute 'step', try again.
2025-08-04 18:41:25,546 [INFO] [ATTEMPT 2/3] Starting task attempt
2025-08-04 18:41:25,546 [ERROR] [ERROR] 'NoneType' object has no attribute 'step', try again.
2025-08-04 18:41:25,547 [WARNING] [RETRY 2 TIMES, JUMP THE TASK]
2025-08-04 18:41:41,185 [INFO] [SCENE_MANAGER] Randomization config loaded: enabled=True, ratio=0.4
2025-08-04 18:41:41,185 [INFO] metadata_path: /Users/yuanda/Documents/embodied_reasoner/data_engine/taskgenerate/kitchens/FloorPlan3/metadata.json
2025-08-04 18:41:41,187 [INFO] Task configuration - USE_TEST_TASKS: False, TEST_TASK_ID: test_001, RUN_ALL_TEST_TASKS: False
2025-08-04 18:41:41,187 [INFO] Using manually specified task
2025-08-04 18:41:41,187 [INFO] 

*********************************************************************
2025-08-04 18:41:41,187 [INFO] Running Task ID: manual_task
2025-08-04 18:41:41,187 [INFO] Scene:FloorPlan3 Task_Type: pickup_and_put Task: clean the lettuce and put it in the fridge
2025-08-04 18:41:41,187 [INFO] *********************************************************************

2025-08-04 18:41:41,187 [INFO] taskname: clean the lettuce and put it in the fridge
2025-08-04 18:41:48,266 [INFO] Initialize return: {'cameraNearPlane': 0.009999999776482582, 'cameraFarPlane': 20.0}
2025-08-04 18:41:48,386 [INFO] [SCENE_RANDOMIZATION] Randomization enabled: True
2025-08-04 18:41:48,386 [INFO] [SCENE_RANDOMIZATION] Starting scene randomization for scene: FloorPlan3
2025-08-04 18:41:58,572 [INFO] [RANDOMIZATION] Starting object position shuffling for FloorPlan3
2025-08-04 18:41:58,574 [INFO] [RANDOMIZATION] Total objects in scene: 59
2025-08-04 18:42:58,975 [INFO] [SCENE_MANAGER] Randomization config loaded: enabled=True, ratio=0.4
2025-08-04 18:42:58,975 [INFO] metadata_path: /Users/yuanda/Documents/embodied_reasoner/data_engine/taskgenerate/kitchens/FloorPlan3/metadata.json
2025-08-04 18:42:58,977 [INFO] Task configuration - USE_TEST_TASKS: False, TEST_TASK_ID: test_001, RUN_ALL_TEST_TASKS: False
2025-08-04 18:42:58,977 [INFO] Using manually specified task
2025-08-04 18:42:58,977 [INFO] 

*********************************************************************
2025-08-04 18:42:58,977 [INFO] Running Task ID: manual_task
2025-08-04 18:42:58,977 [INFO] Scene:FloorPlan3 Task_Type: pickup_and_put Task: clean the lettuce and put it in the fridge
2025-08-04 18:42:58,977 [INFO] *********************************************************************

2025-08-04 18:42:58,977 [INFO] taskname: clean the lettuce and put it in the fridge
2025-08-04 18:43:06,055 [INFO] Initialize return: {'cameraNearPlane': 0.009999999776482582, 'cameraFarPlane': 20.0}
2025-08-04 18:43:06,169 [INFO] [SCENE_RANDOMIZATION] Randomization enabled: True
2025-08-04 18:43:06,170 [INFO] [SCENE_RANDOMIZATION] Starting scene randomization for scene: FloorPlan3
2025-08-04 18:43:15,060 [INFO] [RANDOMIZATION] Starting object position shuffling for FloorPlan3
2025-08-04 18:43:15,066 [INFO] [RANDOMIZATION] Total objects in scene: 59
2025-08-04 18:44:00,354 [INFO] [ATTEMPT 1/3] Starting task attempt
2025-08-04 18:44:00,356 [ERROR] [ERROR] 'NoneType' object has no attribute 'step', try again.
2025-08-04 18:44:00,361 [INFO] [ATTEMPT 2/3] Starting task attempt
2025-08-04 18:44:00,362 [ERROR] [ERROR] 'NoneType' object has no attribute 'step', try again.
2025-08-04 18:44:00,363 [WARNING] [RETRY 2 TIMES, JUMP THE TASK]
2025-08-04 18:44:42,106 [INFO] [SCENE_MANAGER] Randomization config loaded: enabled=True, ratio=0.4
2025-08-04 18:44:42,106 [INFO] metadata_path: /Users/yuanda/Documents/embodied_reasoner/data_engine/taskgenerate/kitchens/FloorPlan3/metadata.json
2025-08-04 18:44:42,116 [INFO] Task configuration - USE_TEST_TASKS: False, TEST_TASK_ID: test_001, RUN_ALL_TEST_TASKS: False
2025-08-04 18:44:42,118 [INFO] Using manually specified task
2025-08-04 18:44:42,118 [INFO] 

*********************************************************************
2025-08-04 18:44:42,118 [INFO] Running Task ID: manual_task
2025-08-04 18:44:42,118 [INFO] Scene:FloorPlan3 Task_Type: pickup_and_put Task: clean the lettuce and put it in the fridge
2025-08-04 18:44:42,118 [INFO] *********************************************************************

2025-08-04 18:44:42,119 [INFO] taskname: clean the lettuce and put it in the fridge
2025-08-04 18:44:49,319 [INFO] Initialize return: {'cameraNearPlane': 0.009999999776482582, 'cameraFarPlane': 20.0}
2025-08-04 18:44:49,442 [INFO] [SCENE_RANDOMIZATION] Randomization enabled: True
2025-08-04 18:44:49,443 [INFO] [SCENE_RANDOMIZATION] Starting scene randomization for scene: FloorPlan3
2025-08-04 18:44:51,791 [INFO] [RANDOMIZATION] Starting object position shuffling for FloorPlan3
2025-08-04 18:44:51,793 [INFO] [RANDOMIZATION] Total objects in scene: 59
2025-08-04 18:46:13,179 [INFO] [ATTEMPT 1/3] Starting task attempt
2025-08-04 18:46:13,185 [ERROR] [ERROR] 'NoneType' object has no attribute 'step', try again.
2025-08-04 18:46:13,188 [INFO] [ATTEMPT 2/3] Starting task attempt
2025-08-04 18:46:13,188 [ERROR] [ERROR] 'NoneType' object has no attribute 'step', try again.
2025-08-04 18:46:13,189 [WARNING] [RETRY 2 TIMES, JUMP THE TASK]
2025-08-04 18:46:20,924 [INFO] [SCENE_MANAGER] Randomization config loaded: enabled=True, ratio=0.4
2025-08-04 18:46:20,925 [INFO] metadata_path: /Users/yuanda/Documents/embodied_reasoner/data_engine/taskgenerate/kitchens/FloorPlan3/metadata.json
2025-08-04 18:46:20,927 [INFO] Task configuration - USE_TEST_TASKS: False, TEST_TASK_ID: test_001, RUN_ALL_TEST_TASKS: False
2025-08-04 18:46:20,927 [INFO] Using manually specified task
2025-08-04 18:46:20,927 [INFO] 

*********************************************************************
2025-08-04 18:46:20,927 [INFO] Running Task ID: manual_task
2025-08-04 18:46:20,927 [INFO] Scene:FloorPlan3 Task_Type: pickup_and_put Task: clean the lettuce and put it in the fridge
2025-08-04 18:46:20,927 [INFO] *********************************************************************

2025-08-04 18:46:20,927 [INFO] taskname: clean the lettuce and put it in the fridge
2025-08-04 18:46:28,241 [INFO] Initialize return: {'cameraNearPlane': 0.009999999776482582, 'cameraFarPlane': 20.0}
2025-08-04 18:46:28,372 [INFO] [SCENE_RANDOMIZATION] Randomization enabled: True
2025-08-04 18:46:28,372 [INFO] [SCENE_RANDOMIZATION] Starting scene randomization for scene: FloorPlan3
2025-08-04 18:46:31,156 [INFO] [RANDOMIZATION] Starting object position shuffling for FloorPlan3
2025-08-04 18:46:31,158 [INFO] [RANDOMIZATION] Total objects in scene: 59
2025-08-04 18:47:33,848 [INFO] [SCENE_MANAGER] Randomization config loaded: enabled=True, ratio=0.4
2025-08-04 18:47:33,848 [INFO] metadata_path: /Users/yuanda/Documents/embodied_reasoner/data_engine/taskgenerate/kitchens/FloorPlan3/metadata.json
2025-08-04 18:47:33,850 [INFO] Task configuration - USE_TEST_TASKS: False, TEST_TASK_ID: test_001, RUN_ALL_TEST_TASKS: False
2025-08-04 18:47:33,850 [INFO] Using manually specified task
2025-08-04 18:47:33,850 [INFO] 

*********************************************************************
2025-08-04 18:47:33,850 [INFO] Running Task ID: manual_task
2025-08-04 18:47:33,850 [INFO] Scene:FloorPlan3 Task_Type: pickup_and_put Task: clean the lettuce and put it in the fridge
2025-08-04 18:47:33,851 [INFO] *********************************************************************

2025-08-04 18:47:33,851 [INFO] taskname: clean the lettuce and put it in the fridge
2025-08-04 18:47:41,577 [INFO] Initialize return: {'cameraNearPlane': 0.009999999776482582, 'cameraFarPlane': 20.0}
2025-08-04 18:47:41,749 [INFO] [SCENE_RANDOMIZATION] Randomization enabled: True
2025-08-04 18:47:41,749 [INFO] [SCENE_RANDOMIZATION] Starting scene randomization for scene: FloorPlan3
2025-08-04 18:47:44,947 [INFO] [RANDOMIZATION] Starting object position shuffling for FloorPlan3
2025-08-04 18:47:44,949 [INFO] [RANDOMIZATION] Total objects in scene: 59
2025-08-04 18:47:58,929 [INFO] [RANDOMIZATION] Filter results: {'not_moveable': 35, 'not_pickupable': 0, 'already_picked': 0, 'not_visible_or_interactable': 12, 'passed_filter': 12}
2025-08-04 18:47:59,004 [INFO] [RANDOMIZATION] Found 12 moveable objects out of 59 total objects
2025-08-04 18:47:59,004 [INFO] [RANDOMIZATION] Moveable object types found: {'Bowl', 'Potato', 'Kettle', 'Apple', 'Egg', 'Bread', 'PaperTowelRoll', 'Spatula', 'Plate', 'SoapBottle', 'Pot', 'Lettuce'}
2025-08-04 18:47:59,004 [INFO] [RANDOMIZATION] Starting to shuffle 12 objects
2025-08-04 18:48:00,084 [WARNING] [RANDOMIZATION] Not enough objects could be picked up for shuffling
2025-08-04 18:48:00,084 [WARNING] [RANDOMIZATION] Failed to shuffle object positions
2025-08-04 18:48:00,084 [INFO] [SCENE_RANDOMIZATION] Randomization result: False
2025-08-04 18:48:00,086 [INFO] [ATTEMPT 1/3] Starting task attempt
2025-08-04 18:48:00,144 [WARNING] [RESET] Failed to reset robot position on attempt 1
2025-08-04 18:48:00,200 [INFO] [RESET] Dropping held object: Apple|-01.75|+01.37|-01.16
2025-08-04 18:48:00,935 [INFO] [SESSION] Initialized SessionManager with ID: session_20250804_184800
2025-08-04 18:48:18,829 [INFO] [SCENE_MANAGER] Randomization config loaded: enabled=True, ratio=0.4
2025-08-04 18:48:18,829 [INFO] metadata_path: /Users/yuanda/Documents/embodied_reasoner/data_engine/taskgenerate/kitchens/FloorPlan3/metadata.json
2025-08-04 18:48:18,831 [INFO] Task configuration - USE_TEST_TASKS: False, TEST_TASK_ID: test_001, RUN_ALL_TEST_TASKS: False
2025-08-04 18:48:18,832 [INFO] Using manually specified task
2025-08-04 18:48:18,832 [INFO] 

*********************************************************************
2025-08-04 18:48:18,832 [INFO] Running Task ID: manual_task
2025-08-04 18:48:18,832 [INFO] Scene:FloorPlan3 Task_Type: pickup_and_put Task: clean the lettuce and put it in the fridge
2025-08-04 18:48:18,832 [INFO] *********************************************************************

2025-08-04 18:48:18,832 [INFO] taskname: clean the lettuce and put it in the fridge
2025-08-04 18:48:25,699 [INFO] Initialize return: {'cameraNearPlane': 0.009999999776482582, 'cameraFarPlane': 20.0}
2025-08-04 18:48:25,820 [INFO] [SCENE_RANDOMIZATION] Randomization enabled: True
2025-08-04 18:48:25,820 [INFO] [SCENE_RANDOMIZATION] Starting scene randomization for scene: FloorPlan3
2025-08-04 18:48:28,567 [INFO] [RANDOMIZATION] Starting object position shuffling for FloorPlan3
2025-08-04 18:48:28,568 [INFO] [RANDOMIZATION] Total objects in scene: 59
2025-08-04 18:48:28,570 [INFO] [RANDOMIZATION] Filter results: {'not_moveable': 35, 'not_pickupable': 0, 'already_picked': 0, 'not_visible_or_interactable': 12, 'passed_filter': 12}
2025-08-04 18:48:38,473 [INFO] [RANDOMIZATION] Found 12 moveable objects out of 59 total objects
2025-08-04 18:49:01,368 [INFO] [ATTEMPT 1/3] Starting task attempt
2025-08-04 18:49:01,371 [ERROR] [ERROR] 'NoneType' object has no attribute 'step', try again.
2025-08-04 18:49:01,377 [INFO] [ATTEMPT 2/3] Starting task attempt
2025-08-04 18:49:01,378 [ERROR] [ERROR] 'NoneType' object has no attribute 'step', try again.
2025-08-04 18:49:01,378 [WARNING] [RETRY 2 TIMES, JUMP THE TASK]
2025-08-04 18:56:12,803 [INFO] [SCENE_MANAGER] Randomization config loaded: enabled=True, ratio=0.4
2025-08-04 18:56:12,804 [INFO] metadata_path: /Users/yuanda/Documents/embodied_reasoner/data_engine/taskgenerate/kitchens/FloorPlan3/metadata.json
2025-08-04 18:56:12,806 [INFO] Task configuration - USE_TEST_TASKS: False, TEST_TASK_ID: test_001, RUN_ALL_TEST_TASKS: False
2025-08-04 18:56:12,806 [INFO] Using manually specified task
2025-08-04 18:56:12,806 [INFO] 

*********************************************************************
2025-08-04 18:56:12,806 [INFO] Running Task ID: manual_task
2025-08-04 18:56:12,806 [INFO] Scene:FloorPlan3 Task_Type: pickup_and_put Task: clean the lettuce and put it in the fridge
2025-08-04 18:56:12,806 [INFO] *********************************************************************

2025-08-04 18:56:12,806 [INFO] taskname: clean the lettuce and put it in the fridge
2025-08-04 18:56:30,140 [INFO] [SCENE_MANAGER] Initializing scene: FloorPlan3
2025-08-04 18:56:46,110 [INFO] Initialize return: {'cameraNearPlane': 0.009999999776482582, 'cameraFarPlane': 20.0}
2025-08-04 18:56:46,233 [INFO] [SCENE_RANDOMIZATION] Randomization enabled: True
2025-08-04 18:56:46,233 [INFO] [SCENE_RANDOMIZATION] Starting scene randomization for scene: FloorPlan3
2025-08-04 18:57:00,755 [INFO] [RANDOMIZATION] Starting object position shuffling for FloorPlan3
2025-08-04 18:57:09,255 [INFO] [RANDOMIZATION] Total objects in scene: 59
2025-08-04 18:57:12,233 [INFO] [RANDOMIZATION] Filter results: {'not_moveable': 35, 'not_pickupable': 0, 'already_picked': 0, 'not_visible_or_interactable': 12, 'passed_filter': 12}
2025-08-04 18:57:13,361 [INFO] [RANDOMIZATION] Found 12 moveable objects out of 59 total objects
2025-08-04 18:59:33,687 [INFO] [SCENE_MANAGER] Randomization config loaded: enabled=True, ratio=0.4
2025-08-04 18:59:33,688 [INFO] metadata_path: /Users/yuanda/Documents/embodied_reasoner/data_engine/taskgenerate/kitchens/FloorPlan3/metadata.json
2025-08-04 18:59:33,690 [INFO] Task configuration - USE_TEST_TASKS: False, TEST_TASK_ID: test_001, RUN_ALL_TEST_TASKS: False
2025-08-04 18:59:33,690 [INFO] Using manually specified task
2025-08-04 18:59:33,690 [INFO] 

*********************************************************************
2025-08-04 18:59:33,690 [INFO] Running Task ID: manual_task
2025-08-04 18:59:33,691 [INFO] Scene:FloorPlan3 Task_Type: pickup_and_put Task: clean the lettuce and put it in the fridge
2025-08-04 18:59:33,691 [INFO] *********************************************************************

2025-08-04 18:59:33,691 [INFO] taskname: clean the lettuce and put it in the fridge
2025-08-04 19:01:25,316 [INFO] [SCENE_MANAGER] Randomization config loaded: enabled=True, ratio=0.4
2025-08-04 19:01:25,317 [INFO] metadata_path: /Users/yuanda/Documents/embodied_reasoner/data_engine/taskgenerate/kitchens/FloorPlan3/metadata.json
2025-08-04 19:01:25,319 [INFO] Task configuration - USE_TEST_TASKS: False, TEST_TASK_ID: test_001, RUN_ALL_TEST_TASKS: False
2025-08-04 19:01:25,319 [INFO] Using manually specified task
2025-08-04 19:01:25,319 [INFO] 

*********************************************************************
2025-08-04 19:01:25,319 [INFO] Running Task ID: manual_task
2025-08-04 19:01:25,319 [INFO] Scene:FloorPlan3 Task_Type: pickup_and_put Task: clean the lettuce and put it in the fridge
2025-08-04 19:01:25,319 [INFO] *********************************************************************

2025-08-04 19:01:25,319 [INFO] taskname: clean the lettuce and put it in the fridge
2025-08-04 19:01:30,956 [INFO] [SCENE_MANAGER] Initializing scene: FloorPlan3
2025-08-04 19:01:40,068 [INFO] Initialize return: {'cameraNearPlane': 0.009999999776482582, 'cameraFarPlane': 20.0}
2025-08-04 19:01:40,189 [INFO] [SCENE_RANDOMIZATION] Randomization enabled: True
2025-08-04 19:01:40,189 [INFO] [SCENE_RANDOMIZATION] Starting scene randomization for scene: FloorPlan3
2025-08-04 19:01:55,309 [INFO] [RANDOMIZATION] Starting object position shuffling for FloorPlan3
2025-08-04 19:01:55,311 [INFO] [RANDOMIZATION] Total objects in scene: 59
2025-08-04 19:01:56,332 [INFO] [RANDOMIZATION] Filter results: 24 moveable objects
2025-08-04 19:02:03,698 [INFO] [RANDOMIZATION] Found 24 moveable objects out of 59 total objects
2025-08-04 19:02:28,708 [INFO] [SCENE_MANAGER] Randomization config loaded: enabled=True, ratio=0.4
2025-08-04 19:02:28,709 [INFO] metadata_path: /Users/yuanda/Documents/embodied_reasoner/data_engine/taskgenerate/kitchens/FloorPlan3/metadata.json
2025-08-04 19:02:28,711 [INFO] Task configuration - USE_TEST_TASKS: False, TEST_TASK_ID: test_001, RUN_ALL_TEST_TASKS: False
2025-08-04 19:02:28,711 [INFO] Using manually specified task
2025-08-04 19:02:28,711 [INFO] 

*********************************************************************
2025-08-04 19:02:28,711 [INFO] Running Task ID: manual_task
2025-08-04 19:02:28,711 [INFO] Scene:FloorPlan3 Task_Type: pickup_and_put Task: clean the lettuce and put it in the fridge
2025-08-04 19:02:28,711 [INFO] *********************************************************************

2025-08-04 19:02:28,711 [INFO] taskname: clean the lettuce and put it in the fridge
2025-08-04 19:02:28,711 [INFO] [SCENE_MANAGER] Initializing scene: FloorPlan3
2025-08-04 19:02:35,406 [INFO] Initialize return: {'cameraNearPlane': 0.009999999776482582, 'cameraFarPlane': 20.0}
2025-08-04 19:02:35,525 [INFO] [SCENE_RANDOMIZATION] Randomization enabled: True
2025-08-04 19:02:35,525 [INFO] [SCENE_RANDOMIZATION] Starting scene randomization for scene: FloorPlan3
2025-08-04 19:02:38,056 [INFO] [RANDOMIZATION] Starting object position shuffling for FloorPlan3
2025-08-04 19:02:38,057 [INFO] [RANDOMIZATION] Total objects in scene: 59
2025-08-04 19:02:40,032 [INFO] [RANDOMIZATION] Filter results: 24 moveable objects
2025-08-04 19:02:40,033 [INFO] [RANDOMIZATION] Found 24 moveable objects out of 59 total objects
2025-08-04 19:02:50,262 [ERROR] [RANDOMIZATION] Error during position shuffling: 'str' object has no attribute 'get'
2025-08-04 19:07:26,345 [INFO] [SCENE_MANAGER] Randomization config loaded: enabled=True, ratio=0.4
2025-08-04 19:07:26,345 [INFO] metadata_path: /Users/yuanda/Documents/embodied_reasoner/data_engine/taskgenerate/kitchens/FloorPlan3/metadata.json
2025-08-04 19:07:26,347 [INFO] Task configuration - USE_TEST_TASKS: False, TEST_TASK_ID: test_001, RUN_ALL_TEST_TASKS: False
2025-08-04 19:07:26,348 [INFO] Using manually specified task
2025-08-04 19:07:26,348 [INFO] 

*********************************************************************
2025-08-04 19:07:26,348 [INFO] Running Task ID: manual_task
2025-08-04 19:07:26,348 [INFO] Scene:FloorPlan3 Task_Type: pickup_and_put Task: clean the lettuce and put it in the fridge
2025-08-04 19:07:26,349 [INFO] *********************************************************************

2025-08-04 19:07:26,349 [INFO] taskname: clean the lettuce and put it in the fridge
2025-08-04 19:07:26,349 [INFO] [SCENE_MANAGER] Initializing scene: FloorPlan3
2025-08-04 19:07:34,217 [INFO] Initialize return: {'cameraNearPlane': 0.009999999776482582, 'cameraFarPlane': 20.0}
2025-08-04 19:07:34,351 [INFO] [SCENE_RANDOMIZATION] Randomization enabled: True
2025-08-04 19:07:34,351 [INFO] [SCENE_RANDOMIZATION] Starting scene randomization for scene: FloorPlan3
2025-08-04 19:08:51,328 [INFO] [RANDOMIZATION] Starting object position shuffling for FloorPlan3
2025-08-04 19:08:53,126 [INFO] [RANDOMIZATION] Total objects in scene: 59
2025-08-04 19:08:55,893 [INFO] [RANDOMIZATION] Filter results: {'not_moveable': 52, 'not_pickupable': 7, 'already_picked': 0, 'not_visible_or_interactable': 0, 'passed_filter': 0}
2025-08-04 19:08:55,894 [INFO] [RANDOMIZATION] Found 0 moveable objects out of 59 total objects
2025-08-04 19:08:55,894 [INFO] [RANDOMIZATION] Need at least 2 moveable objects for shuffling
2025-08-04 19:08:56,022 [INFO] [SCENE_RANDOMIZATION] Randomization result: True
2025-08-04 19:08:56,022 [INFO] [SCENE_MANAGER] Scene initialization completed successfully
2025-08-04 19:08:56,023 [INFO] [ATTEMPT 1/3] Starting task attempt
2025-08-04 19:08:56,613 [WARNING] [RESET] Failed to reset robot position on attempt 1
2025-08-04 19:08:56,688 [INFO] [SESSION] Initialized SessionManager with ID: session_20250804_190856
2025-08-04 19:09:03,371 [INFO] [SCENE_MANAGER] Randomization config loaded: enabled=True, ratio=0.4
2025-08-04 19:09:03,372 [INFO] metadata_path: /Users/yuanda/Documents/embodied_reasoner/data_engine/taskgenerate/kitchens/FloorPlan3/metadata.json
2025-08-04 19:09:03,374 [INFO] Task configuration - USE_TEST_TASKS: False, TEST_TASK_ID: test_001, RUN_ALL_TEST_TASKS: False
2025-08-04 19:09:03,374 [INFO] Using manually specified task
2025-08-04 19:09:03,374 [INFO] 

*********************************************************************
2025-08-04 19:09:03,374 [INFO] Running Task ID: manual_task
2025-08-04 19:09:03,374 [INFO] Scene:FloorPlan3 Task_Type: pickup_and_put Task: clean the lettuce and put it in the fridge
2025-08-04 19:09:03,374 [INFO] *********************************************************************

2025-08-04 19:09:03,374 [INFO] taskname: clean the lettuce and put it in the fridge
2025-08-04 19:09:03,375 [INFO] [SCENE_MANAGER] Initializing scene: FloorPlan3
2025-08-04 19:09:10,653 [INFO] Initialize return: {'cameraNearPlane': 0.009999999776482582, 'cameraFarPlane': 20.0}
2025-08-04 19:09:10,772 [INFO] [SCENE_RANDOMIZATION] Randomization enabled: True
2025-08-04 19:09:10,772 [INFO] [SCENE_RANDOMIZATION] Starting scene randomization for scene: FloorPlan3
2025-08-04 19:09:15,644 [INFO] [RANDOMIZATION] Starting object position shuffling for FloorPlan3
2025-08-04 19:09:15,645 [INFO] [RANDOMIZATION] Total objects in scene: 59
2025-08-04 19:09:15,645 [INFO] [RANDOMIZATION] Filter results: {'not_moveable': 52, 'not_pickupable': 7, 'already_picked': 0, 'not_visible_or_interactable': 0, 'passed_filter': 0}
2025-08-04 19:09:15,646 [INFO] [RANDOMIZATION] Found 0 moveable objects out of 59 total objects
2025-08-04 19:09:15,646 [INFO] [RANDOMIZATION] Need at least 2 moveable objects for shuffling
2025-08-04 19:09:15,646 [INFO] [SCENE_RANDOMIZATION] Randomization result: True
2025-08-04 19:09:15,646 [INFO] [SCENE_MANAGER] Scene initialization completed successfully
2025-08-04 19:09:15,647 [INFO] [ATTEMPT 1/3] Starting task attempt
2025-08-04 19:09:15,884 [WARNING] [RESET] Failed to reset robot position on attempt 1
2025-08-04 19:09:16,120 [INFO] [SESSION] Initialized SessionManager with ID: session_20250804_190916
2025-08-04 19:09:30,999 [INFO] [SCENE_MANAGER] Randomization config loaded: enabled=True, ratio=0.4
2025-08-04 19:09:30,999 [INFO] metadata_path: /Users/yuanda/Documents/embodied_reasoner/data_engine/taskgenerate/kitchens/FloorPlan3/metadata.json
2025-08-04 19:09:31,001 [INFO] Task configuration - USE_TEST_TASKS: False, TEST_TASK_ID: test_001, RUN_ALL_TEST_TASKS: False
2025-08-04 19:09:31,001 [INFO] Using manually specified task
2025-08-04 19:09:31,001 [INFO] 

*********************************************************************
2025-08-04 19:09:31,002 [INFO] Running Task ID: manual_task
2025-08-04 19:09:31,002 [INFO] Scene:FloorPlan3 Task_Type: pickup_and_put Task: clean the lettuce and put it in the fridge
2025-08-04 19:09:31,002 [INFO] *********************************************************************

2025-08-04 19:09:31,002 [INFO] taskname: clean the lettuce and put it in the fridge
2025-08-04 19:09:31,002 [INFO] [SCENE_MANAGER] Initializing scene: FloorPlan3
2025-08-04 19:09:37,544 [INFO] Initialize return: {'cameraNearPlane': 0.009999999776482582, 'cameraFarPlane': 20.0}
2025-08-04 19:09:37,661 [INFO] [SCENE_RANDOMIZATION] Randomization enabled: True
2025-08-04 19:09:37,661 [INFO] [SCENE_RANDOMIZATION] Starting scene randomization for scene: FloorPlan3
2025-08-04 19:09:48,268 [INFO] [RANDOMIZATION] Starting object position shuffling for FloorPlan3
2025-08-04 19:09:50,111 [INFO] [RANDOMIZATION] Total objects in scene: 59
2025-08-04 19:09:51,511 [INFO] [RANDOMIZATION] Filter results: {'not_moveable': 52, 'not_pickupable': 7, 'already_picked': 0, 'not_visible_or_interactable': 0, 'passed_filter': 0}
2025-08-04 19:09:52,336 [INFO] [RANDOMIZATION] Found 0 moveable objects out of 59 total objects
2025-08-04 19:09:53,231 [INFO] [RANDOMIZATION] Need at least 2 moveable objects for shuffling
2025-08-04 19:09:54,663 [INFO] [SCENE_RANDOMIZATION] Randomization result: True
2025-08-04 19:14:04,198 [INFO] [SCENE_MANAGER] Randomization config loaded: enabled=True, ratio=0.4
2025-08-04 19:14:04,198 [INFO] metadata_path: /Users/yuanda/Documents/embodied_reasoner/data_engine/taskgenerate/kitchens/FloorPlan3/metadata.json
2025-08-04 19:14:04,201 [INFO] Task configuration - USE_TEST_TASKS: False, TEST_TASK_ID: test_001, RUN_ALL_TEST_TASKS: False
2025-08-04 19:14:04,201 [INFO] Using manually specified task
2025-08-04 19:14:04,201 [INFO] 

*********************************************************************
2025-08-04 19:14:04,201 [INFO] Running Task ID: manual_task
2025-08-04 19:14:04,201 [INFO] Scene:FloorPlan3 Task_Type: pickup_and_put Task: clean the lettuce and put it in the fridge
2025-08-04 19:14:04,201 [INFO] *********************************************************************

2025-08-04 19:14:04,201 [INFO] taskname: clean the lettuce and put it in the fridge
2025-08-04 19:14:04,201 [INFO] [SCENE_MANAGER] Initializing scene: FloorPlan3
2025-08-04 19:14:11,307 [INFO] Initialize return: {'cameraNearPlane': 0.009999999776482582, 'cameraFarPlane': 20.0}
2025-08-04 19:14:11,425 [INFO] [SCENE_RANDOMIZATION] Randomization enabled: True
2025-08-04 19:14:11,425 [INFO] [SCENE_RANDOMIZATION] Starting scene randomization for scene: FloorPlan3
2025-08-04 19:14:17,140 [INFO] [RANDOMIZATION] Starting object position shuffling for FloorPlan3
2025-08-04 19:14:17,142 [INFO] [RANDOMIZATION] Total objects in scene: 59
2025-08-04 19:14:17,721 [INFO] [RANDOMIZATION] Pickupable filter results: {'not_pickupable': 35, 'already_picked': 0, 'not_visible_or_interactable': 12, 'passed_filter': 12}
2025-08-04 19:17:55,549 [INFO] [SCENE_MANAGER] Randomization config loaded: enabled=True, ratio=0.4
2025-08-04 19:17:55,549 [INFO] metadata_path: /Users/yuanda/Documents/embodied_reasoner/data_engine/taskgenerate/kitchens/FloorPlan3/metadata.json
2025-08-04 19:17:55,551 [INFO] Task configuration - USE_TEST_TASKS: False, TEST_TASK_ID: test_001, RUN_ALL_TEST_TASKS: False
2025-08-04 19:17:55,551 [INFO] Using manually specified task
2025-08-04 19:17:55,551 [INFO] 

*********************************************************************
2025-08-04 19:17:55,551 [INFO] Running Task ID: manual_task
2025-08-04 19:17:55,551 [INFO] Scene:FloorPlan3 Task_Type: pickup_and_put Task: clean the lettuce and put it in the fridge
2025-08-04 19:17:55,551 [INFO] *********************************************************************

2025-08-04 19:17:55,551 [INFO] taskname: clean the lettuce and put it in the fridge
2025-08-04 19:17:55,552 [INFO] [SCENE_MANAGER] Initializing scene: FloorPlan3
2025-08-04 19:18:02,574 [INFO] Initialize return: {'cameraNearPlane': 0.009999999776482582, 'cameraFarPlane': 20.0}
2025-08-04 19:18:02,697 [INFO] [SCENE_RANDOMIZATION] Randomization enabled: True
2025-08-04 19:18:02,697 [INFO] [SCENE_RANDOMIZATION] Starting scene randomization for scene: FloorPlan3
2025-08-04 19:18:10,223 [INFO] [RANDOMIZATION] Starting object position shuffling for FloorPlan3
2025-08-04 19:18:10,224 [INFO] [RANDOMIZATION] Total objects in scene: 59
2025-08-04 19:18:13,417 [INFO] [RANDOMIZATION] Pickupable filter results: {'not_pickupable': 35, 'passed_filter': 24}
2025-08-04 19:18:19,040 [INFO] [RANDOMIZATION] Found 24 pickupable objects out of 59 total objects
2025-08-04 19:18:56,897 [INFO] [RANDOMIZATION] Starting to shuffle 24 objects
2025-08-04 19:25:11,356 [INFO] [SCENE_MANAGER] Randomization config loaded: enabled=True, ratio=0.4
2025-08-04 19:25:11,356 [INFO] metadata_path: /Users/yuanda/Documents/embodied_reasoner/data_engine/taskgenerate/kitchens/FloorPlan3/metadata.json
2025-08-04 19:25:11,358 [INFO] Task configuration - USE_TEST_TASKS: False, TEST_TASK_ID: test_001, RUN_ALL_TEST_TASKS: False
2025-08-04 19:25:11,358 [INFO] Using manually specified task
2025-08-04 19:25:11,358 [INFO] 

*********************************************************************
2025-08-04 19:25:11,358 [INFO] Running Task ID: manual_task
2025-08-04 19:25:11,358 [INFO] Scene:FloorPlan3 Task_Type: pickup_and_put Task: clean the lettuce and put it in the fridge
2025-08-04 19:25:11,358 [INFO] *********************************************************************

2025-08-04 19:25:11,358 [INFO] taskname: clean the lettuce and put it in the fridge
2025-08-04 19:25:11,359 [INFO] [SCENE_MANAGER] Initializing scene: FloorPlan3
2025-08-04 19:25:19,496 [INFO] Initialize return: {'cameraNearPlane': 0.009999999776482582, 'cameraFarPlane': 20.0}
2025-08-04 19:25:19,723 [INFO] [SCENE_RANDOMIZATION] Randomization enabled: True
2025-08-04 19:25:19,723 [INFO] [SCENE_RANDOMIZATION] Starting scene randomization for scene: FloorPlan3
2025-08-04 19:25:22,256 [INFO] [RANDOMIZATION] Starting object position shuffling for FloorPlan3
2025-08-04 19:25:22,257 [INFO] [RANDOMIZATION] Total objects in scene: 59
2025-08-04 19:25:23,728 [INFO] [RANDOMIZATION] Pickupable filter results: {'not_pickupable': 35, 'passed_filter': 24}
2025-08-04 19:25:24,445 [INFO] [RANDOMIZATION] Found 24 pickupable objects out of 59 total objects
2025-08-04 19:25:25,930 [INFO] [RANDOMIZATION] Starting position shuffling for 24 objects
2025-08-04 19:25:34,944 [INFO] [RANDOMIZATION] Successfully shuffled 21/24 objects
2025-08-04 19:25:37,791 [INFO] [RANDOMIZATION] Successfully shuffled positions of 24 objects
2025-08-04 19:25:39,673 [INFO] [SCENE_RANDOMIZATION] Randomization result: True
2025-08-04 19:26:17,572 [INFO] [SCENE_MANAGER] Scene initialization completed successfully
2025-08-05 21:42:42,948 [INFO] [SCENE_MANAGER] Randomization config loaded: enabled=True, ratio=0.4
2025-08-05 21:42:42,948 [INFO] metadata_path: /Users/yuanda/Documents/embodied_reasoner/data_engine/taskgenerate/kitchens/FloorPlan3/metadata.json
2025-08-05 21:42:42,950 [INFO] Task configuration - USE_TEST_TASKS: False, TEST_TASK_ID: test_001, RUN_ALL_TEST_TASKS: False
2025-08-05 21:42:42,950 [INFO] Using manually specified task
2025-08-05 21:42:42,950 [INFO] 

*********************************************************************
2025-08-05 21:42:42,950 [INFO] Running Task ID: manual_task
2025-08-05 21:42:42,950 [INFO] Scene:FloorPlan3 Task_Type: pickup_and_put Task: clean the lettuce and put it in the fridge
2025-08-05 21:42:42,950 [INFO] *********************************************************************

2025-08-05 21:42:42,950 [INFO] taskname: clean the lettuce and put it in the fridge
2025-08-05 21:42:42,950 [INFO] [SCENE_MANAGER] Initializing scene: FloorPlan3
2025-08-05 21:42:49,727 [INFO] Initialize return: {'cameraNearPlane': 0.009999999776482582, 'cameraFarPlane': 20.0}
2025-08-05 21:42:49,837 [INFO] [SCENE_RANDOMIZATION] Randomization enabled: True
2025-08-05 21:42:49,837 [INFO] [SCENE_RANDOMIZATION] Starting scene randomization for scene: FloorPlan3
2025-08-05 21:42:54,187 [INFO] [RANDOMIZATION] Starting object position shuffling for FloorPlan3
2025-08-05 21:42:54,188 [INFO] [RANDOMIZATION] Total objects in scene: 59
2025-08-05 21:42:55,311 [INFO] [RANDOMIZATION] Pickupable filter results: {'not_pickupable': 35, 'passed_filter': 24}
2025-08-05 21:42:55,802 [INFO] [RANDOMIZATION] Found 24 pickupable objects out of 59 total objects
2025-08-05 21:42:57,350 [INFO] [RANDOMIZATION] Starting position shuffling for 24 objects
2025-08-05 21:43:08,588 [INFO] [RANDOMIZATION] Successfully shuffled 19/24 objects
2025-08-05 21:43:08,590 [INFO] [RANDOMIZATION] Successfully shuffled positions of 24 objects
2025-08-05 21:43:08,621 [INFO] [SCENE_RANDOMIZATION] Randomization result: True
2025-08-05 21:43:08,621 [INFO] [SCENE_MANAGER] Scene initialization completed successfully
2025-08-05 21:43:08,622 [INFO] [ATTEMPT 1/3] Starting task attempt
2025-08-05 21:43:08,677 [WARNING] [RESET] Failed to reset robot position on attempt 1
2025-08-05 21:43:08,735 [INFO] [SESSION] Initialized SessionManager with ID: session_20250805_214308
2025-08-05 21:44:26,879 [INFO] [OBSERVATION] <Observation>
I see a modern kitchen setup. In front of me, there is a wooden countertop with various items, including a toaster, a kettle, and a tomato. The countertop also features a sink with a faucet. To the left, there is a stove with a stovetop. A window is visible in the background, allowing natural light to enter. Above the countertop, there are shelves holding bottles and other kitchen items. Below the countertop, there are cabinets. A houseplant is placed near the sink, adding a touch of greenery. The room has a warm and cozy ambiance.
</Observation>
2025-08-05 21:44:32,595 [INFO] [INITIAL TASK PLANNING] ['Find the lettuce', 'Pick up the lettuce', 'Go to the sink', 'Turn on the faucet', 'Wash the lettuce under running water', 'Turn off the faucet', 'Shake off excess water from the lettuce', 'Go to the fridge', 'Open the fridge', 'Put the lettuce in the fridge', 'Close the fridge']
2025-08-05 21:44:34,228 [INFO] [GENERAL QUESTION] Are there any specific tools or supplies (e.g., a colander, a clean cloth, or a produce bag) that should be used during the cleaning or storage process to ensure the lettuce is properly handled and preserved?
2025-08-05 21:44:34,232 [INFO] [SESSION] Added QA record: decision_clarification question
2025-08-05 21:44:34,232 [INFO] [USER RESPONSE] conda activate ai2thor
2025-08-05 21:44:36,683 [INFO] [RE-PLANNING BASED ON USER RESPONSE]
2025-08-05 21:44:36,685 [INFO] REPLAN?: False
2025-08-05 21:44:36,686 [INFO] Reason: The user's response, "conda activate ai2thor," is unrelated to the task of cleaning the lettuce and putting it in the fridge. It appears to be a command related to setting up a Python environment, which does not affect the current plan or the task's requirements. Therefore, there is no need to replan.
2025-08-05 21:44:36,686 [INFO] [NO REPLAN NEEDED] Reason: The user's response, "conda activate ai2thor," is unrelated to the task of cleaning the lettuce and putting it in the fridge. It appears to be a command related to setting up a Python environment, which does not affect the current plan or the task's requirements. Therefore, there is no need to replan.
2025-08-05 21:44:47,243 [INFO] [HIGH-LEVEL] Decomposing clean lettuce
2025-08-07 16:43:10,567 [INFO] [SCENE_MANAGER] Randomization config loaded: enabled=True, ratio=0.4
2025-08-07 16:43:10,568 [INFO] metadata_path: /Users/yuanda/Documents/embodied_reasoner/data_engine/taskgenerate/kitchens/FloorPlan3/metadata.json
2025-08-07 16:43:10,570 [INFO] Task configuration - USE_TEST_TASKS: False, TEST_TASK_ID: test_001, RUN_ALL_TEST_TASKS: False
2025-08-07 16:43:10,570 [INFO] Using manually specified task
2025-08-07 16:43:10,570 [INFO] 

*********************************************************************
2025-08-07 16:43:10,570 [INFO] Running Task ID: manual_task
2025-08-07 16:43:10,570 [INFO] Scene:FloorPlan3 Task_Type: pickup_and_put Task: clean the lettuce and put it in the fridge
2025-08-07 16:43:10,570 [INFO] *********************************************************************

2025-08-07 16:43:10,570 [INFO] taskname: clean the lettuce and put it in the fridge
2025-08-07 16:43:10,571 [INFO] [SCENE_MANAGER] Initializing scene: FloorPlan3
2025-08-07 16:43:21,601 [INFO] Initialize return: {'cameraNearPlane': 0.009999999776482582, 'cameraFarPlane': 20.0}
2025-08-07 16:43:21,724 [INFO] [SCENE_RANDOMIZATION] Randomization enabled: True
2025-08-07 16:43:21,724 [INFO] [SCENE_RANDOMIZATION] Starting scene randomization for scene: FloorPlan3
